{
    "name": "Cake Filled",
    "description": "The rush of sugar from eating the cake on Ayla's countertop has given you great resistance to status effects.",

    "LevelReq": "0",
    "PerkReq": [ ""],
    "StatReq": [ ""],
    "StatReqAmount": [ "0"],

    "PerkType": [ "StunRes", "CharmRes", "AphrodisiacRes", "RestraintsRes", "SleepRes", "TranceRes", "ParalysisRes", "DebuffRes", "AphrodisiacAmp", "ParalysisAmp", "SleepAmp", "RemoveRestraints", "TranceStunChance", "TimeDuration", "EndMessage"],
    "EffectPower": [  "10",        "10",            "10",              "10",             "10",         "10",           "10",            "10",         "-10",             "-10",           "-10",           "10",                "-10",   "6",       "The effects of your meal have worn off."],

    "PlayerCanPurchase": "No"
}
