{
    "name": "Foot Sleep",
    "description": "Sleeping while plastered to Ayla's foot has left you tired and thinking of Ayla's feet, increasing the amount of damage taken.",

    "LevelReq": "0",
    "PerkReq": [ ""],
    "StatReq": [ ""],
    "StatReqAmount": [ "0"],

    "PerkType": [ "DamageReduction", "GainEnergy", "IncreaseFetish", "TimeDuration", "EndMessage"],
    "EffectPower": [   "-15",      "-30",  "Feet|/|50",   "6",       "You've shaken off the scent of Ayla's sweat and are fully awake."],

    "PlayerCanPurchase": "No"
}
