{
    "name": "Perfumed Rest",
    "description": "Resting in Ayla's panty drawer has given you a weakness for the alluring scent of pussy, and a weakness to aphrodisiacs.",

    "LevelReq": "0",
    "PerkReq": [ ""],
    "StatReq": [ ""],
    "StatReqAmount": [ "0"],

    "PerkType": [ "IncreaseFetish", "AphrodisiacRes", "AphrodisiacAmp", "TimeDuration", "EndMessage"],
    "EffectPower": [   "Sex|/|50",   "-15",  "10",      "6",       "The effects of your meal have worn off."],

    "PlayerCanPurchase": "No"
}
