{
    "name": "Laundry Sleep",
    "description": "You slept inside Ayla's dirty laundry basket and awaken with a headache and a weakness for feet and tits.",

    "LevelReq": "0",
    "PerkReq": [ ""],
    "StatReq": [ ""],
    "StatReqAmount": [ "0"],

    "PerkType": [ "OutOfStanceEvade", "GainEnergy", "IncreaseFetish", "IncreaseFetish", "TimeDuration", "EndMessage"],
    "EffectPower": [   "-20",      "-50",  "Breasts|/|25", "Feet|/|25",   "6",       "You've shaken off the scent of Ayla's sweat and are fully awake."],

    "PlayerCanPurchase": "No"
}
