{
    "name": "Titty Sleep",
    "description": "Sleeping while buried under Ayla's tits has left you groggy and ill-prepared for the day, leading to reduced defenses and energy, while increasing your weakness to breasts.",

    "LevelReq": "0",
    "PerkReq": [ ""],
    "StatReq": [ ""],
    "StatReqAmount": [ "0"],

    "PerkType": [ "DamageReduction", "GainEnergy", "IncreaseFetish", "TimeDuration", "EndMessage"],
    "EffectPower": [   "-15",      "-30",  "Breasts|/|50",   "6",       "You've shaken off the scent of Ayla's sweat and are fully awake."],

    "PlayerCanPurchase": "No"
}
