{
    "name": "Caverns",
    "exploreTitle": "Addition",
    "Monsters": [ ""],
    "Addition": "Yes",
    "MonsterGroups": [

                  {
                      "Group": [ ""]
                  }

                ],
    "Events": [ "A Toxic Relationship", "Haunting Caverns"],
    "Quests": [ "The Size Coven", "Rivalry Continued"],
    "Adventures": ["Visit Size Coven"],
    "Treasure": [
                {
                    "Common": [ "Calming Potion"]
                },
                {
                    "Uncommon": [ "Calming Potion"]
                },
                {
                    "Rare": [ "Calming Potion"]
                }
              ]
}
