{
    "name": "Mystic Forest",
    "exploreTitle": "Addition",
    "Monsters": [ ""],
    "Addition": "Yes",
    "MonsterGroups": [

                  {
                      "Group": [ ""]
                  }

                ],
    "Events": [ "Fair Fae Fo Fum", "Easily Startled", "Perpetually Puny", "Rematch with Gwen", "Flower Fields"],
    "Quests": [ "Cut Down to Size", "Hopping with the Giants", "Mysterious Foe"],
    "Adventures": [ "Visit Ayla"],
    "Treasure": [
                {
                    "Common": [ ""]
                },
                {
                    "Uncommon": [ ""]
                },
                {
                    "Rare": [ ""]
                }
              ]
}
