{
    "name": "Mountain",
    "Addition": "Yes",
    "Events": ["Towering Dancer", "A Bullying Encounter", "Mile High Club", "Rematch with Haruka", "Beris' Tough Training"],
    "Quests": ["Rivalry Challenge"],
    "Adventures": [""],
    "Monsters": [""],
    "MonsterGroups": [
        {
            "Group": [""]
        }
    ],
    "Treasure": [
        {
            "Common": [""]
        },
        {
            "Uncommon": [""]
        },
        {
            "Rare": [""]
        }
    ]
}
