{
    "name": "Will-Power Temple",
    "exploreTitle": "Addition",
    "Monsters": [ ""],
    "Addition": "Yes",
    "MonsterGroups": [

                  {
                      "Group": [ ""]
                  }

                ],
    "Events": [ "Prey to a Giantess", "Training?", "Breaking the Oni"],
    "Quests": [ "Snowed In", "Ultimate Shinobi Training", "A Foe's Trials"],
    "Adventures": [ ""],
    "Treasure": [
                {
                    "Common": [ ""]
                },
                {
                    "Uncommon": [ ""]
                },
                {
                    "Rare": [ ""]
                }
              ]
}
