{
    "name": "Crushing Tunnel",
    "cost": "0",
    "costType": "ep",
    "requiredLevel": "0",
    "learningCost": "0",
    "skillType": "attack",
    "statType": "Power",
    "requiredStat": "0",
    "skillTags": ["Sex"],
    "fetishTags": ["Sex"],
    "startsStance": "",
    "requiresStance": "Unbirth",
    "unusableIfStance": [ ""],
    "requiresTargetStance": [ "Any"],
    "unusableIfTarget": [ ""],
    "removesStance": "None",
    "requiresStatusEffect": "None",
    "requiresStatusPotency": "0",
    "unusableIfStatusEffect": [ "None"],
    "targetType": "single",
        "accuracy": "100",
        "initiative": "0",
    "power": "30",
        "minRange": "75",
        "maxRange": "120",
    "recoil": "0",
    "critDamage": "0",
    "critChance": "0",
    "statusEffect": "Stun",
        "statusPotency": "3",
        "statusEffectScaling": "0",
        "statusDuration": "1",
        "statusChance": "100",
        "statusResistedBy": "Power",
    "statusText": "",
    "descrip": "",
    "outcome": "The Elf flexes her vaginal muscles, forcing the walls around you to constrict with great force, suffocating you with her sex.",
    "miss": "",
    "statusOutcome": "The crushing pressure of the Elf's pussy leaves you dazed, as you try to reorient yourself.",
    "statusMiss": "You manage to resist the crushing power of the Elf's pussy.",
    "restraintStruggle": [""],
    "restraintStruggleCharmed": [""],
    "restraintEscaped": [""],
    "restraintEscapedFail": [""]
}
