{
    "name": "Drip",
    "cost": "0",
    "costType": "ep",
    "requiredLevel": "0",
    "learningCost": "0",
    "skillType": "attack",
    "statType": "Allure",
    "requiredStat": "0",
    "skillTags": ["Sex"],
    "fetishTags": ["Sex"],
    "startsStance": "",
    "requiresStance": "Unbirth",
    "unusableIfStance": [ ""],
    "requiresTargetStance": [ "Any"],
    "unusableIfTarget": [ ""],
    "removesStance": "None",
    "requiresStatusEffect": "None",
    "requiresStatusPotency": "0",
    "unusableIfStatusEffect": [ "None"],
    "targetType": "single",
        "accuracy": "100",
        "initiative": "0",
    "power": "15",
        "minRange": "90",
        "maxRange": "100",
    "recoil": "0",
    "critDamage": "0",
    "critChance": "0",
    "statusEffect": "Aphrodisiac",
        "statusPotency": "8",
        "statusEffectScaling": "0",
        "statusDuration": "5",
        "statusChance": "100",
        "statusResistedBy": "Power",
    "statusText": "",
    "descrip": "",
    "outcome": "The Elf forces her pussy to release an intoxicating juice onto you, coating you with her sweet tasting juices.",
    "miss": "",
    "statusOutcome": "As her juices get into your mouth, you feel a warming sensation burn through your body as it arouses you.",
    "statusMiss": "You manage to avoid swallowing the Elf's pussy juices.",
    "restraintStruggle": [""],
    "restraintStruggleCharmed": [""],
    "restraintEscaped": [""],
    "restraintEscapedFail": [""]
}
