{
    "name": "Lick",
    "costType": "ep",
        "cost": "10",
        "requiredLevel": "1",
        "learningCost": "100",
        "skillType": "attack",
        "statType": "Core",
        "requiredStat": "0",
        "skillTags": [ "Mouth"],
        "fetishTags": [ "Kissing", "Foreplay"],
        "startsStance": "",
        "requiresStance": "Any",
        "unusableIfStance": [ "Face Sit",  "Nursing",  "Breast Smother"],
        "requiresTargetStance": ["Unbirth", "Anal Vore", "Between Feet", "Breastheld"],
        "unusableIfTarget": [ "Blowjob", "Face Sit", "Titfuck", "Footjob"],
        "removesStance": "None",
        "requiresStatusEffect": "None",
        "requiresStatusPotency": "0",
        "unusableIfStatusEffect": [ "None"],
        "power": "15",
        "minRange": "90",
        "maxRange": "110",
        "recoil": "5",
        "targetType": "single",
        "statusEffect": "None",
        "statusChance": "0",
        "statusDuration": "0",
        "statusPotency": "0",
        "statusResistedBy": "",
        "statusText": "",
        "descrip": "Gently lick your opponent. Is a Foreplay skill. Only works against giants.",
        "outcome": "[AttackerName] worshipfully licks and kisses [TargetName].",
        "miss": "[AttackerName] tries to lick [TargetName], but [TargetHeOrShe] feels nothing.",
        "statusOutcome": "",
        "statusMiss": "",
        "restraintStruggle": "",
        "restraintStruggleCharmed": "",
        "restraintEscaped": "",
        "restraintEscapedFail": ""
      }
