{
    "name": "Flooding Caverns",
    "cost": "0",
    "costType": "ep",
    "requiredLevel": "0",
    "learningCost": "0",
    "skillType": "attack",
    "statType": "Allure",
    "requiredStat": "0",
    "skillTags": ["Sex"],
    "fetishTags": ["Sex"],
    "startsStance": "",
    "requiresStance": "Unbirth",
    "unusableIfStance": [ ""],
    "requiresTargetStance": [ "Any"],
    "unusableIfTarget": [ ""],
    "removesStance": "None",
    "requiresStatusEffect": "None",
    "requiresStatusPotency": "0",
    "unusableIfStatusEffect": [ "None"],
    "targetType": "single",
        "accuracy": "100",
        "initiative": "0",
    "power": "10",
        "minRange": "90",
        "maxRange": "120",
    "recoil": "5",
    "critDamage": "0",
    "critChance": "0",
    "statusEffect": "Aphrodisiac",
        "statusPotency": "25",
        "statusEffectScaling": "0",
        "statusDuration": "3",
        "statusChance": "90",
        "statusResistedBy": "",
    "statusText": "",
    "descrip": "",
    "outcome": "Diminuenda's pussy juices coat your body and start to force their way into your mouth as you fight against the liquid and struggle inside the giant puss.",
    "miss": "",
    "statusOutcome": "You swallow her juices, and they course through your body as a powerful form of aphrodisiac.",
    "statusMiss": "You manage to avoid swallowing Diminuenda's juices, and keep your mouth shut.",
    "restraintStruggle": [""],
    "restraintStruggleCharmed": [""],
    "restraintEscaped": [""],
    "restraintEscapedFail": [""]
}
