{
    "name": "",
    "Description": "",
    "requires": [ ""],
    "requiresEvent": [
        {
        "NameOfEvent": "",
        "Progress": "-99",
        "ChoiceNumber": "-1",
        "Choice": ""
        }
      ],
    "MusicList": [ ""],
    "Deck": [
        ""
    ],
    "RandomEvents": [ ""],
    "RandomMonsters": [ ""],
    "MonsterGroups": [
        {
            "Group": [ ""]
        }
    ],
    "Treasure": [
        {
            "Common": [ ""]
        },
        {
            "Uncommon": [ ""]
        },
        {
            "Rare": [ ""]
        }
    ],
    "Eros": [
        {
            "Common": "0"
        },
        {
            "Uncommon": "0"
        },
        {
            "Rare": "0"
        }
    ]
}