{
    "name": "Hellhound's Pet",
    "Description": "",
    "requires": [ ""],
    "requiresEvent": [
        {
        "NameOfEvent": "Hellhounds Pet Intro",
        "Progress": "-99",
        "ChoiceNumber": "2",
        "Choice": "Become Their Pet"
        }
      ],
    "MusicList": [ ""],
    "Deck": [
        "Event", "Enter the Labyrinth - Pet"
    ],
    "RandomEvents": [ ""],
    "RandomMonsters": [ ""],
    "MonsterGroups": [
        {
            "Group": [ ""]
        }
    ],
    "Treasure": [
        {
            "Common": [ ""]
        },
        {
            "Uncommon": [ ""]
        },
        {
            "Rare": [ ""]
        }
    ],
    "Eros": [
        {
            "Common": "0"
        },
        {
            "Uncommon": "0"
        },
        {
            "Rare": "0"
        }
    ]
}