{
    "name": "Visit Size Coven",
    "Description": "Diminuenda has given you a gem allowing you to revisit her and Allynna at any time.",
    "MusicList": [ "music/Caverns/Stalwick_-_Dreaming.mp3"],
    "requires": [ "Coven Warp Gem"],
    "Deck": [ "Event", "Visit Diminuenda"],
    "RandomEvents": [ ""],
    "RandomMonsters": [ "Lizard Girl", "Harpy", "Minotaur"],
    "MonsterGroups": [
                  {
                      "Group": [ "Lizard Girl"]
                  },
                  {
                    "Group": [ "Minotaur"]
                  },
                  {
                    "Group": [ "Harpy"]
                  },
                  {
                    "Group": [ "Harpy", "Harpy"]
                  }
                ],
    "Treasure": [
                {
                    "Common": [ "Calming Potion", "Anaph Herb", "Ugli Herb"]
                },
                {
                    "Uncommon": [ "Calming Potion", "Energy Potion", "Unbound Rune", "Stoic Rune", "Luck Rune", "Soothing Potion"]
                },
                {
                    "Rare": [ "Luck Rune", "Stoic Rune", "Gloves of Skill", "Cock Ring of Justice", "Power Belt"]
                }
              ],
    "Eros": [
                  {
                      "Common": "35"
                  },
                  {
                      "Uncommon": "85"
                  },
                  {
                      "Rare": "200"
                  }
              ]
}
