{
    "name": "Toe Jammer",
    "cost": "0",
    "costType": "ep",
    "requiredLevel": "0",
    "learningCost": "0",
    "skillType": "attack",
    "statType": "Allure",
    "requiredStat": "0",
    "skillTags": ["Sex"],
    "fetishTags": ["Feet"],
    "startsStance": "",
    "requiresStance": "Between Feet",
    "unusableIfStance": [ ""],
    "requiresTargetStance": [ "Any"],
    "unusableIfTarget": [ ""],
    "removesStance": "None",
    "requiresStatusEffect": "None",
    "requiresStatusPotency": "0",
    "unusableIfStatusEffect": [ "None"],
    "targetType": "single",
        "accuracy": "100",
        "initiative": "0",
    "power": "20",
        "minRange": "95",
        "maxRange": "115",
    "recoil": "0",
    "critDamage": "0",
    "critChance": "0",
    "statusEffect": "Charm",
        "statusPotency": "0",
        "statusEffectScaling": "0",
        "statusDuration": "4",
        "statusChance": "110",
        "statusResistedBy": "WillPower",
    "statusText": "",
    "descrip": "",
    "outcome": "Diminuenda presses her foot down onto you, forcing your head inbetween her socked toes and forcing you to inhale her scent.",
    "miss": "",
    "statusOutcome": "The sweaty, stockinged foot scent claws into your brain, and you feel enraptured by Diminuenda.",
    "statusMiss": "You manage to avoid falling in love with Diminuenda's foot stench.",
    "restraintStruggle": [""],
    "restraintStruggleCharmed": [""],
    "restraintEscaped": [""],
    "restraintEscapedFail": [""]
}
