{
    "name": "Allynna",
    "IDname": "Allynna",
    "species": "Witch",
    "gender": "female",
    "description": "A spunky woman who appears to be about Elly's age. Her crossed over dress contains her modest breasts and gives a peek at her underwear, which match her white stockings which cover most of her thighs. She wears long black gloves and wields a staff that ends in a large blue crystal.",
    "encyclopedia": "",
    "tags": "none",
    "generic": "False",
    "requires": [""],
    "skillList": [
        "Grab", "Grab", "Grab", "Armpit Rub", "Ass Rub", "Crushing Grip", "Pussy Rub", "Foot Barrage", "Grinding Heel", "Stomp", "Spit Shot", "Toe Hold"
    ],
    "perks": ["Clingy", "Clingy"],
    "stats": {
        "lvl": "40",
        "Exp": "10",
        "max_hp": "300",
        "max_ep": "100",
        "max_sp": "2",
        "Power": "35",
        "Technique": "25",
        "Intelligence": "50",
        "Allure": "40",
        "Willpower": "35",
        "Luck": "10"
    },
    "Fetishes": [""],
    "BodySensitivity": {
        "Sex": "100",
        "Ass": "100",
        "Breasts": "100",
        "Mouth": "100",
        "Seduction": "90",
        "Magic": "70",
        "Pain": "80",
        "Holy": "100",
        "Unholy": "100"
    },
    "resistancesStatusEffects": {
        "Stun": "9999",
        "Charm": "50",
        "Aphrodisiac": "9999",
        "Restraints": "9999",
        "Sleep": "9999",
        "Trance": "9999",
        "Paralysis": "9999",
        "Debuff": "0"
    },
    "moneyDropped": "100",
    "ItemDropList": [
        {
            "name": "Calming Potion",
            "dropChance": "25"
        }
    ],
    "lossScenes": [
        {
            "NameOfScene": "Allynna Loss",
            "move": "",
            "stance": "",
            "includes": [""],
            "theScene": [
            "Allynna watches as you lose the rest of your strength and go limp against her.",
            "Speaks",
            "Fufufu, seems like you weren't up to the challenge after all!",
            "Speaks",
            "You need to be punished now, so that it'll be imprinted in your mind to never go against us again.",
            "JumpToLossEvent", "AllynnaLoss"
            ],
            "picture": ""
        }
    ],
    "combatDialogue": [
      {
          "lineTrigger": "HitWith",
          "move": "",
          "theText": [
          ""
          ]
      },
      {
      "lineTrigger": "StartOfCombat",
      "move": "",
      "theText": [ "|f|CallCombatEventAndScene|/|GiantAllynnaCombatEvents|/|FightIntro|n|"]
      },
      {
      "lineTrigger": "EndOfRound",
      "move": "",
      "theText": [ "|f|CallCombatEventAndScene|/|GiantAllynnaCombatEvents|/|MiniCheck|n|"]
      },
      {
          "lineTrigger": "HitWith",
          "move": ["Arouse", "Arousara", "Arousaga"],
          "theText": [
            "'Trying to use magic on me? How foolish.'",
            "'You stupid bug! You aren't gonna beat me like that!'",
            "'Oh? Was that you trying to tickle me?'"
          ]
      },
      {
          "lineTrigger": "HitWith",
          "move": "Electrify",
          "theText": [
            "'Hah!? W-Why did I feel that?'",
            "'Kya! Hey! Knock that off!'",
            "'I-I didn't feel anything there!'"
          ]
      },
      {
          "lineTrigger": "HitWith",
          "move": ["Charm", "Charm Wave"],
          "theText": [
            "'Huh? Why do I feel so tingly all of a sudden?'",
            "'Mmmm, I feel so warm inside when I see you.'",
            "'I can't resist these naughty ideas for much longer'"
          ]
      },
      {
          "lineTrigger": "HitWith",
          "move": ["Lewd Bottle", "Cloying Mist", "Placebo Pheromone"],
          "theText": [
            "'This attack has no effect at this size'"
          ]
      },
      {
          "lineTrigger": "HitWith",
          "move": ["Enfeeble", "Sensitize"],
          "theText": [
            "'What?! How are you doing that?'",
            "'You think that'll be enough to take me down?'",
            "'That's pretty good, but it won't be enough to help you.'"
          ]
      },
      {
          "lineTrigger": "HitWith",
          "move": "Disarming Appeal",
          "theText": [
            "'Hnnnn, I guess I'll tone it down.'",
            "'You're right, maybe I shouldn't break you yet.",
            "'Fufufu, I'll go easy on you, my little toy."
          ]
      },
      {
          "lineTrigger": "HitWith",
          "move": ["Seduce", "Enamor", "Smoldering Seduction", "Smoldering Flaunt", "Massaging Seduction", "Mass Seduction"],
          "theText": [
            "'Oh. I don't think you're ready for what I want to do with you.'",
            "'Keep talking like that and I'll keep you here with me forever.'",
            "'You truly have been our best experiment.'"
          ]
      },
      {
          "lineTrigger": "HitWith",
          "move": ["Lick"],
          "theText": [
          "'Oh my, are you so broken that you're willing to serve me?'",
          "'It's no fun if we go straight to worship without breaking you a bit first.'",
          "'That's a good skill for a toy to have.'"
          ]
      },
        {
            "lineTrigger": "UsesMove",
            "move": "Armpit Rub",
            "theText": [
              "'Scrub a dub dub!'",
              "'Oh geez, this must feel so gross for you!'",
              "'Work your tongue over there, you pint sized deodorant stick!'"
            ]
        },
        {
            "lineTrigger": "UsesMove",
            "move": "Ass Rub",
            "theText": [
              "'Hehehe, how's this taste for you?'",
              "'Don't you just love my butt?'",
              "'I'll let you experience every inch of me.'"
            ]
        },
        {
            "lineTrigger": "UsesMove",
            "move": "Crushing Grip",
            "theText": [
              "'Naughty bugs need to be taught a lesson.'",
              "'I'll show you that it's a mistake to go up against me.'",
              "'You can't even escape my hands at this rate, can you?'"
            ]
        },
        {
            "lineTrigger": "UsesMove",
            "move": "Foot Barrage",
            "theText": [
              "'Teehee, try and dodge this!'",
              "'Come on, look alive down there!'",
              "'Taste my feet, worm!'"
            ]
        },
        {
            "lineTrigger": "UsesMove",
            "move": "Grab",
            "theText": [
              "'Come here, you tiny bug!'",
              "'I'll give you the full tour.'",
              "'Get ready for the ride of your life, little bug.'"
            ]
        },
        {
            "lineTrigger": "UsesMove",
            "move": "Grinding Heel",
            "theText": [
              "'It would be nice if you could crunch like a normal bug.'",
              "'You feel so good under my feet.'",
              "'Just give up and surrender to my feet!'"
            ]
        },
        {
            "lineTrigger": "UsesMove",
            "move": "Pussy Rub",
            "theText": [
              "'Ahhhn!'",
              "'Oh fuck, using a living person feel so much better!'",
              "'I could get used to having you as a pussy slave.'"
            ]
        },
        {
            "lineTrigger": "UsesMove",
            "move": "Spit Shot",
            "theText": [
              "'Ptoo!'",
              "'Try not to drown, worm.'",
              "'Crawl around in my spit you bug!'"
            ]
        },
        {
            "lineTrigger": "UsesMove",
            "move": "Stomp",
            "theText": [
              "'Teehee, I'm gonna crush you!'",
              "'Flattening time!'",
              "'Stay down!'"
            ]
        },
        {
            "lineTrigger": "UsesMove",
            "move": "Toe Hold",
            "theText": [
              "'Get a good whiff of my toes.'",
              "'Take a deep breath and fall prey to my feet.'",
              "'You could give them a lick if you really wanted.'"
            ]
        },

        {
            "lineTrigger": "StanceStruggle",
            "move": "Handheld",
            "theText": [ "[ThePlayerName] tries to struggle against the hand of Allynna..."]
        },
        {
            "lineTrigger": "StanceStruggleFail",
            "move": "Handheld",
            "theText": [ "But can't break free from the grip of the giant woman.",
                         "But she squeezes you tightly, and you can't move an inch.",
                         "She places her thumb against your face, pinning you to her hand."]
        },
        {
            "lineTrigger": "StanceStruggleComment",
            "move": "Handheld",
            "theText": [ "'Tsk tsk tsk, why bother struggling now?'",
                         "'Awww, am I that terrifying to you?'",
                         "'Try all you might, but at the end of the day you'll still come to serve me.'"]
        },
        {
            "lineTrigger": "StanceStruggleFree",
            "move": "Handheld",
            "theText": [ "And break free of the crushing fist of the giantess!"]
        },
        {
            "lineTrigger": "StanceStruggleFreeComment",
            "move": "Handheld",
            "theText": [ "'Fufufu, so you managed to escape.'",
                         "'Lucky break, but soon your luck will run out.'",
                         "'I'll have you in the palm of my hands again in no time."]
        },

        {
            "lineTrigger": "LowHealth",
            "move": "",
            "theText": [
            "'Tch, am I seriously being pushed this far by a bug?'"
            ]
        },
        {
            "lineTrigger": "PlayerLowHealth",
            "move": "",
            "theText": [
            "'Awwww, what's the matter? Running out of steam?'"
            ]
        },
        {
            "lineTrigger": "OnPlayerOrgasm",
            "move": "",
            "theText": [
            "You let loose a load of cum, which splatters pointlessly on the ground. Your cum is almost imperceptible to the giantess above, had she not been watching you."
            ]
        },
        {
            "lineTrigger": "OnOrgasm",
            "move": "",
            "theText": [
            "'Hah?! Did you really make me cum??'"
            ]
        },
        {
            "lineTrigger": "OnSurrender",
            "move": "",
            "theText": [ "'Wow, I guess you really couldn't handle a bigger girl."]
        }
    ],
    "victoryScenes": [
        {
            "NameOfScene": "",
            "move": "",
            "stance": "",
            "includes": [""],
            "theScene": [
            ""
            ],
            "picture": ""
        }
    ],
    "pictures": [
        {
            "Name": "Base",
            "StartOn": "1",
            "AlwaysOn": "1",
            "IsScene": "0",
            "TheBody": "1",
            "Overlay": "No",
            "setXalign": "0.0",
            "setYalign": "0.20",
            "Images": [
                {
                    "Name": "Base",
                    "File": "../Mods/Diminuendo/Images/Allynna.png",
                    "setXalign": "0.0",
                    "setYalign": "0.0"
                }
            ]
        }
    ]
}
