{
    "name": "Diminuenda",
    "IDname": "Diminuenda",
    "species": "Witch",
    "gender": "female",
    "description": "An imposing woman with an eccentric headpiece and a small black dress that struggles to contain her impressive bust. Her long, flowing black hair matches the rest of her garb including her black stockings which end just above her knees. Her shoes are rather loose fitting, allowing her to swiftly remove and reinsert her feet with great ease.",
    "encyclopedia": "",
    "tags": "none",
    "generic": "False",
    "requires": [""],
    "skillList": [
        "Finger Play", "Pussy Vore", "Pussy Vore", "Super Squeeze", "Flooding Cavern", "Engulfing Pussy", "Crushing Waves", "Foot Hold", "Foot Hold", "Nimble Footjob", "Stocking Barrage", "Toe Jammer", "Twisting Stomp", "Breast Hold", "Breast Hold", "Breast Crush", "Mashing Breasts", "Suffocating Trap", "Weight of the World", "Anal Vore", "Anal Grip", "Booty Squeeze", "Twerk", "Ultra Blast", "Ultra Blast", "Ultra Blast"
    ],
    "perks": ["Clingy", "Clingy"],
    "stats": {
        "lvl": "50",
        "Exp": "10",
        "max_hp": "350",
        "max_ep": "300",
        "max_sp": "3",
        "Power": "60",
        "Technique": "50",
        "Intelligence": "60",
        "Allure": "50",
        "Willpower": "50",
        "Luck": "40"
    },
    "Fetishes": [""],
    "BodySensitivity": {
        "Sex": "80",
        "Ass": "80",
        "Breasts": "80",
        "Mouth": "80",
        "Seduction": "80",
        "Magic": "70",
        "Pain": "70",
        "Holy": "80",
        "Unholy": "80"
    },
    "resistancesStatusEffects": {
        "Stun": "9999",
        "Charm": "50",
        "Aphrodisiac": "9999",
        "Restraints": "9999",
        "Sleep": "9999",
        "Trance": "9999",
        "Paralysis": "9999",
        "Debuff": "0"
    },
    "moneyDropped": "100",
    "ItemDropList": [
        {
            "name": "Calming Potion",
            "dropChance": "25"
        }
    ],
    "lossScenes": [
        {
            "NameOfScene": "Loss to Dimi",
            "move": "",
            "stance": "",
            "includes": [""],
            "theScene": [
              "Diminuenda watches as you lose the rest of your strength and go limp.",
              "Speaks",
              "Tch, after all that you're just going to play dead? I don't think so.",
              "She grabs you and holds you tightly in her hand as she makes her way back to her chair.",
              "Speaks",
              "You are going to serve me until I think you've learned the futility of challenging a goddess.",
              "JumpToLossEvent", "DiminuendaLoss"
            ],
            "picture": ""
        }
    ],
    "combatDialogue": [
      {
          "lineTrigger": "HitWith",
          "move": "",
          "theText": [
            "''",
            "''",
            "''"
          ]
      },
      {
      "lineTrigger": "StartOfCombat",
      "move": "",
      "theText": [ "|f|CallCombatEventAndScene|/|GiantDimiCombatEvents|/|FightIntro|n|"]
      },
      {
      "lineTrigger": "EndOfRound",
      "move": "",
      "theText": [ "|f|CallCombatEventAndScene|/|GiantDimiCombatEvents|/|MiniCheck|n|"]
      },
      {
          "lineTrigger": "HitWith",
          "move": ["Arouse", "Arousara", "Arousaga"],
          "theText": [
            "'Mmmm, perhaps you should try something else?'",
            "'Your efforts are admirable, but completely pointless.'",
            "'This futile energy could be better spent trying to serve me as your new master, instead of this futile waste of energy.'"
          ]
      },
      {
          "lineTrigger": "HitWith",
          "move": "Electrify",
          "theText": [
            "'Oh? I think I might've felt that one.'",
            "'Keep trying, I'm sure the stimulation will come eventually.'",
            "'Oh my, you're trying so hard to achieve so little.'"
          ]
      },
      {
          "lineTrigger": "HitWith",
          "move": ["Charm", "Charm Wave"],
          "theText": [
            "'Mmmhmhmhm, why don't you come over here and let me love you.'",
            "'You should just give up and let me show you the true pleasures of being tiny.'",
            "'I think you'll love serving at my feet forever.'"
          ]
      },
      {
          "lineTrigger": "HitWith",
          "move": ["Lewd Bottle", "Cloying Mist", "Placebo Pheromone"],
          "theText": [
            "'This attack has no effect at this size'"
          ]
      },
      {
          "lineTrigger": "HitWith",
          "move": ["Enfeeble", "Sensitize"],
          "theText": [
            "'Do you really think this will save you?'",
            "'Well, if you think this will even the odds for you.'",
            "'Do your best now, this may be your only chance.'"
          ]
      },
      {
          "lineTrigger": "HitWith",
          "move": "Disarming Appeal",
          "theText": [
            "'Awwww, I'll give you this moment to recover before I truly break you.'",
            "'Don't worry, the real punishment will start soon.'",
            "'Enjoy these few moments of rest, my little bug.'"
          ]
      },
      {
          "lineTrigger": "HitWith",
          "move": ["Seduce", "Enamor", "Smoldering Seduction", "Smoldering Flaunt", "Massaging Seduction", "Mass Seduction"],
          "theText": [
            "'Oh. I don't think you're ready for what I want to do with you.'",
            "'Keep talking like that and I'll keep you here with me forever.'",
            "'You truly have been our best experiment.'"
          ]
      },
      {
          "lineTrigger": "HitWith",
          "move": ["Lick"],
          "theText": [
          "'Oh my, are you so broken that you're willing to serve me?'",
          "'It's no fun if we go straight to worship without breaking you a bit first.'",
          "'That's a good skill for a toy to have.'"
          ]
      },
      {
          "lineTrigger": "UsesMove",
          "move": "Finger Play",
          "theText": [
            "'Can't you even pretend to fight back?'",
            "'So easily toyed with.'",
            "'You can't possibly hope to beat me if my fingers alone can defeat you.'"
          ]
      },
      {
          "lineTrigger": "UsesMove",
          "move": "Anal Grip",
          "theText": [
            "'You'll stay in the depths of my body forever.'",
            "'I'll never let you go.'",
            "'Just try and break out of my ass.'"
          ]
      },
      {
          "lineTrigger": "UsesMove",
          "move": "Anal Vore",
          "theText": [
            "'Enjoy your stay.'",
            "'I'm certain you'll love my ass from the inside.'",
            "'Fufufu, take a deep breath and crawl to the deepest parts of me.'"
          ]
      },
      {
          "lineTrigger": "UsesMove",
          "move": "Booty Squeeze",
          "theText": [
            "'Squeeeeeze!'",
            "'Come on! Try beating my ass!'",
            "'You aren't going to lose to my ass, are you?'"
          ]
      },
      {
          "lineTrigger": "UsesMove",
          "move": "Twerk",
          "theText": [
            "'I hear this is all the rage these days.'",
            "'Can you survive the smell and feeling of my ass throwing you around?'",
            "'Hold on tight!'"
          ]
      },
      {
          "lineTrigger": "UsesMove",
          "move": "Ultra Blast",
          "theText": [
            "'Oh geez, even I could smell that one! Must be hell in there for you.'",
            "'Hold your breath!'",
            "'Become bathed in my scent.'"
          ]
      },
      {
          "lineTrigger": "UsesMove",
          "move": "Breast Crush",
          "theText": [
            "'Mmmm, I love feeling you squirm.'",
            "'And to think, if our spell failed you'd burst from something like this.'",
            "'I wonder if you'll stick to my breasts if I press on you hard enough.'"
          ]
      },
      {
          "lineTrigger": "UsesMove",
          "move": "Breast Hold",
          "theText": [
            "'I think this is the nicest place I could put you.",
            "'Bathe in the power of my breasts.'",
            "'Let's see how you endure my bosom.'"
          ]
      },
      {
          "lineTrigger": "UsesMove",
          "move": "Mashing Breasts",
          "theText": [
            "'Rub rub rub.'",
            "'Try and hold off my breasts.'",
            "'I'll make sure you're imprinted into my breasts.'"
          ]
      },
      {
          "lineTrigger": "UsesMove",
          "move": "Suffocating Trap",
          "theText": [
            "'Breathe in my stench, bug.'",
            "'I'll keep you with me forever, locked away from the light of day.'",
            "'My breasts will be your prison forever.'"
          ]
      },
      {
          "lineTrigger": "UsesMove",
          "move": "Weight of the World",
          "theText": [
            "'I'll flatten you into a tattoo on my breast.'",
            "'Feel your body flatten underneath my tit.'",
            "'Sink into the depths of my boobs.'"
          ]
      },
      {
          "lineTrigger": "UsesMove",
          "move": "Foot Hold",
          "theText": [
            "'My feet will handle you now.'",
            "'A bug's place is always underneath a gods feet.'",
            "'Come and worship my feet.'"
          ]
      },
      {
          "lineTrigger": "UsesMove",
          "move": "Nimble Footjob",
          "theText": [
            "'You should feel grateful I'm doing this to you.'",
            "'So insignificant, being pleasured by my toes.'",
            "'I'll work you dry with just my toes.'"
          ]
      },
      {
          "lineTrigger": "UsesMove",
          "move": "Stocking Barrage",
          "theText": [
            "'I'll flatten you under my feet.'",
            "'My feet will dominate your every sense.'",
            "'I'm going to beat you into the ground.'"
          ]
      },
      {
          "lineTrigger": "UsesMove",
          "move": "Toe Jammer",
          "theText": [
            "'Take in the scent of my feet.'",
            "'Let my feet break your mind.'",
            "'In time you will come to worship my feet.'"
          ]
      },
      {
          "lineTrigger": "UsesMove",
          "move": "Twisting Stomp",
          "theText": [
            "'I'll grind you under my heels forever.'",
            "'Take in the scent of my feet as they crush you.'",
            "'Hmm hmm, just break already.'"
          ]
      },
      {
          "lineTrigger": "UsesMove",
          "move": "Crushing Waves",
          "theText": [
            "'I can feel my pussy battering you around.'",
            "'Awwww, is the little bug too weak for my pussy?'",
            "'Fufufu, you feel great in there.'"
          ]
      },
      {
          "lineTrigger": "UsesMove",
          "move": "Engulfing Pussy",
          "theText": [
            "'I'll bury you so deep in my pussy you'll never see the light of day.'",
            "'Make sure to squirm and writhe like the bug you are.'",
            "'Do your best and please your goddess!'"
          ]
      },
      {
          "lineTrigger": "UsesMove",
          "move": "Flooding Cavern",
          "theText": [
            "'Take care not to drown in there!'",
            "'You're gonna fall in love with my pussy juices.'",
            "'You don't stand a chance against my pussy at your size!"
          ]
      },
      {
          "lineTrigger": "UsesMove",
          "move": "Pussy Vore",
          "theText": [
            "'I'll just store you here until you give up.'",
            "'Enjoy your new home, bug.'",
            "'You can serve your goddess right in there.'"
          ]
      },
      {
          "lineTrigger": "UsesMove",
          "move": "Super Squeeze",
          "theText": [
            "'I'll imprint my pussy into your mind like this!'",
            "'Fufufu, I would love to feel you pop from the pressure in there.'",
            "'I'll mash and crush you with my pussy forever.'"
          ]
      },

      {
          "lineTrigger": "StanceStruggle",
          "move": "Unbirth",
          "theText": [ "[ThePlayerName] struggles to inch their way out of Diminuenda's pussy..."]
      },
      {
          "lineTrigger": "StanceStruggleFail",
          "move": "Unbirth",
          "theText": [ "But Diminuenda pushes you deeper with her fingers.",
                       "But a simple flex of her vaginal muscles hold you in place.",
                       "But you end up making little progress."]
      },
      {
          "lineTrigger": "StanceStruggleComment",
          "move": "Unbirth",
          "theText": [ "'Tch, like you could ever escape from me.'",
                       "'Mmph, I think you should stay in there and keep struggling.'",
                       "'I think you need to earn your way out of there.'"]
      },
      {
          "lineTrigger": "StanceStruggleFree",
          "move": "Unbirth",
          "theText": [ "And breaks free from the slimy cavern!"]
      },
      {
          "lineTrigger": "StanceStruggleFreeComment",
          "move": "Unbirth",
          "theText": [ "'Oh? So you managed to escape.'",
                       "'Ho? Enjoy your moments of freedom before I catch you again.'",
                       "'You can't run forever.'"]
      },
      {
          "lineTrigger": "StanceStruggle",
          "move": "Anal Vore",
          "theText": [ "[ThePlayerName] fights against the tightly closed anus of Diminuenda..."]
      },
      {
          "lineTrigger": "StanceStruggleFail",
          "move": "Anal Vore",
          "theText": [ "But you cannot widen her asshole enough to squeeze through.",
                       "But she shakes her ass, pulling you away from her anus.",
                       "She pokes a finger into her asshole, pushing you deeper into her ass."]
      },
      {
          "lineTrigger": "StanceStruggleComment",
          "move": "Anal Vore",
          "theText": [ "'Tch, like you could ever escape from me.'",
                       "'Aww, you don't like my ass? But it loves you so much.'",
                       "'What's wrong? Is the smell getting to you?'"]
      },
      {
          "lineTrigger": "StanceStruggleFree",
          "move": "Anal Vore",
          "theText": [ "And creates just enough of an opening to fall out and onto the floor!"]
      },
      {
          "lineTrigger": "StanceStruggleFreeComment",
          "move": "Anal Vore",
          "theText": [ "'Oh? So you managed to escape.'",
                       "'Ho? Enjoy your moments of freedom before I catch you again.'",
                       "'You can't run forever.'"]
      },
      {
          "lineTrigger": "StanceStruggle",
          "move": "Between Feet",
          "theText": [ "[ThePlayerName] fights against the smelly feet pinning them down..."]
      },
      {
          "lineTrigger": "StanceStruggleFail",
          "move": "Between Feet",
          "theText": [ "But her feet maintain their grip, keeping you trapped between the socked feet.",
                       "But Diminuenda presses down on your head with her big toe, locking you in place.",
                       "But Diminuenda bombards your face with her toes, disorienting you and keeping you still."]
      },
      {
          "lineTrigger": "StanceStruggleComment",
          "move": "Between Feet",
          "theText": [ "'Tch, like you could ever escape from me.'",
                       "'My feet haven't broken you yet. Stay down there until you can't think of anything else but my feet.'",
                       "'You will come to love my feet, in time.'"]
      },
      {
          "lineTrigger": "StanceStruggleFree",
          "move": "Between Feet",
          "theText": [ "And manages to break free from the socked feet and gain some distance!"]
      },
      {
          "lineTrigger": "StanceStruggleFreeComment",
          "move": "Between Feet",
          "theText": [ "'Oh? So you managed to escape.'",
                       "'Ho? Enjoy your moments of freedom before I catch you again.'",
                       "'You can't run forever.'"]
      },
      {
          "lineTrigger": "StanceStruggle",
          "move": "Breastheld",
          "theText": [ "[ThePlayerName] tries to crawl out from between the breasts of Diminuenda..."]
      },
      {
          "lineTrigger": "StanceStruggleFail",
          "move": "Breastheld",
          "theText": [ "But Diminuenda squeezes her breasts together, holding you in place.",
                       "But you can't find a hand hold on her soft flesh.",
                       "But pins you against one of her tits with a finger, ending your escape."]
      },
      {
          "lineTrigger": "StanceStruggleComment",
          "move": "Breastheld",
          "theText": [ "'Tch, like you could ever escape from me.'",
                       "'Really? My breasts aren't up to your standards?'",
                       "'Stop your futile struggles, you can't even escape my breasts.'"]
      },
      {
          "lineTrigger": "StanceStruggleFree",
          "move": "Breastheld",
          "theText": [ "And manages to break free and fall to the ground, unharmed by the fall!"]
      },
      {
          "lineTrigger": "StanceStruggleFreeComment",
          "move": "Breastheld",
          "theText": [ "'Oh? So you managed to escape.'",
                       "'Ho? Enjoy your moments of freedom before I catch you again.'",
                       "'You can't run forever.'"]
      },

        {
            "lineTrigger": "LowHealth",
            "move": "",
            "theText": [
            "'W-What?! How are you doing this??'"
            ]
        },
        {
            "lineTrigger": "PlayerLowHealth",
            "move": "",
            "theText": [
            "'Awww what's wrong? Can't take the pressure?'"
            ]
        },
        {
            "lineTrigger": "OnPlayerOrgasm",
            "move": "",
            "theText": [
            "That's right, cum like the insignificant bug that you are."
            ]
        },
        {
            "lineTrigger": "OnOrgasm",
            "move": "",
            "theText": [
            "N-Noooooo!!!"
            ]
        },
        {
            "lineTrigger": "OnSurrender",
            "move": "",
            "theText": [ "Perfect, even you know that you don't stand a chance at that size."]
        }
    ],
    "victoryScenes": [
        {
            "NameOfScene": "",
            "move": "",
            "stance": "",
            "includes": [""],
            "theScene": [
            ""
            ],
            "picture": ""
        }
    ],
    "pictures": [
        {
            "Name": "Base",
            "StartOn": "1",
            "AlwaysOn": "1",
            "IsScene": "0",
            "TheBody": "1",
            "Overlay": "No",
            "setXalign": "0.0",
            "setYalign": "0.10",
            "Images": [
                {
                    "Name": "Base",
                    "File": "../Mods/Diminuendo/Images/Diminuenda.png",
                    "setXalign": "0.0",
                    "setYalign": "0.0"
                }
            ]
        }
    ]
}
