{
    "name": "Giant Mika",
    "IDname": "Giant Mika",
    "species": "Beast",
    "gender": "female",
    "description": "A dark skinned cat girl who has shoved you into her shapely, powerful rear.",
    "encyclopedia": "",
    "tags": "none",
    "generic": "True",
    "requires": [""],
    "skillList": [
        "Anal Squeeze", "Anal Squeeze", "Anal Squeeze", "Deep Rumblings", "Gas Buildup", "Invading Dildo", "Crushing Cavern", "Unleashed Gas"
    ],
    "perks": ["Clamp"],
    "stats": {
        "lvl": "30",
        "Exp": "250",
        "max_hp": "450",
        "max_ep": "100",
        "max_sp": "1",
        "Power": "30",
        "Technique": "30",
        "Intelligence": "10",
        "Allure": "40",
        "Willpower": "40",
        "Luck": "15"
    },
    "Fetishes": [""],
    "BodySensitivity": {
        "Sex": "0",
        "Ass": "100",
        "Breasts": "0",
        "Mouth": "0",
        "Seduction": "85",
        "Magic": "85",
        "Pain": "0",
        "Holy": "0",
        "Unholy": "0"
    },
    "resistancesStatusEffects": {
        "Stun": "100",
        "Charm": "100",
        "Aphrodisiac": "100",
        "Restraints": "100",
        "Sleep": "100",
        "Trance": "100",
        "Paralysis": "100",
        "Debuff": "100"
    },
    "moneyDropped": "750",
    "ItemDropList": [
        {
            "name": "Cat Rune",
            "dropChance": "50"
        }
    ],
    "lossScenes": [
        {
            "NameOfScene": "Mika fucks her ass with you tied to a dildo.",
            "move": "",
            "stance": "",
            "includes": [""],
            "theScene": [
            "Your body goes limp as you fire out your last load into the giant rear of Mika, who starts to gloat after her apparent victory over you.",
            "Speaks",
            "Nyaaaa!♥ I won! I hope you're prepared for what comes next, because I'm gonna make you please me alllll night long!♥",
            "The fleshy prison continues to batter you as you feel Mika start walking a considerable ways, making various twists and turns. Her every footstep pushes you around as exhaustion starts to take over.",
            "You can't hold on any longer, and before Mika reaches her destination you lose consciousness inside her ass.",
            "JumpToLossEvent",
            "GiantMikaLoss"
            ],
            "picture": ""
        },
        {
            "NameOfScene": "Fart defeat into Loss",
            "move": "Unleashed Gas",
            "stance": "",
            "includes": [""],
            "theScene": [
            "You cum again into Mika's overwhelming ass as her fart washes over you, the heat and stench of it overpowers you briefly as you struggle to remain conscious.",
            "Speaks",
            "I warned you that this would happen, and now you're gonna have to suffer in there until we get back to my room!",
            "Mika starts walking back to her room, the walls of her ass overwhelming your body with every step she takes. However, the torture hasn't stopped as every now and again a burst of her noxious air rushes through her colon and blasts you in the face.",
            "You start to feel faint from the consecutive blasts of choking air, but you lack the strength to fight back or even hold your breath as you are constantly jostled around by the giant cat girl.",
            "Finally, one last fart passes by you, and the lack of good, breathable air becomes too much for your brain to take as you let exhaustion overtake you and you finally pass out.",
            "JumpToLossEvent",
            "GiantMikaLoss"
            ],
            "picture": ""
        }
    ],
    "combatDialogue": [

        {
            "lineTrigger": "HitWith",
            "move": "",
            "theText": [
            ""
            ]
        },
        {
        "lineTrigger": "StartOfCombat",
        "move": "",
        "theText": [ "|f|CallCombatEventAndScene|/|GiantMikaCombatEvents|/|FightIntro|n|"]
        },
        {
        "lineTrigger": "EndOfRound",
        "move": "",
        "theText": [ "|f|CallCombatEventAndScene|/|GiantMikaCombatEvents|/|AVCheck|n|"]
        },
        {
            "lineTrigger": "HitWith",
            "move": ["Arouse", "Arousara", "Arousaga"],
            "theText": [
            "|f|ChangeImageLayer|/|Expression|/|Submissive|n|You feel Mika shudder as your magic courses through her.",
            "|f|ChangeImageLayer|/|Expression|/|Submissive|n|You pour your magic into Mika, and feel her anal walls shudder in pleasure as her knees weaken for a second.",
            "|f|ChangeImageLayer|/|Expression|/|Submissive|n|'Ohhhh...♥ Magic feels pretty nice nya...♥'"
            ]
        },
        {
            "lineTrigger": "HitWith",
            "move": "Electrify",
            "theText": [
              "|f|ChangeImageLayer|/|Expression|/|Shock|n|Mika leaps into the air as the pain of your magic startles her.",
              "|f|ChangeImageLayer|/|Expression|/|Angry|n|'Hey! What's the big idea in there?!'",
              "|f|ChangeImageLayer|/|Expression|/|Angry|n|'Why can't you just focus on pleasing me?!'"
            ]
        },
        {
            "lineTrigger": "HitWith",
            "move": ["Charm", "Charm Wave"],
            "theText": [
              "|f|ChangeImageLayer|/|Expression|/|Shock|n|'D-Did I just go into heat?!'",
              "|f|ChangeImageLayer|/|Expression|/|Horny|n|'You're making me regret putting you in my ass instead of my pussy.♥'",
              "|f|ChangeImageLayer|/|Expression|/|Horny|n|'God, I need to fuck you so badly.♥'"
            ]
        },
        {
            "lineTrigger": "HitWith",
            "move": ["Lewd Bottle", "Cloying Mist", "Placebo Pheromone"],
            "theText": [
              "|f|ChangeImageLayer|/|Expression|/|Shock|n|'Nya?!'",
              "|f|ChangeImageLayer|/|Expression|/|Submissive|n|'D-Damn it... Now I just want to fuck...♥'",
              "|f|ChangeImageLayer|/|Expression|/|Submissive|n|'Oh, that was an aphrodisiac...'"
            ]
        },
        {
            "lineTrigger": "HitWith",
            "move": ["Enfeeble", "Sensitize"],
            "theText": [
              "|f|ChangeImageLayer|/|Expression|/|Submissive|n|'I- Uh- Can we call a time out?'",
              "|f|ChangeImageLayer|/|Expression|/|Submissive|n|'Oh- Well, that's just not fair.♥'",
              "|f|ChangeImageLayer|/|Expression|/|Shock|n|'Nya?!'"
            ]
        },
        {
            "lineTrigger": "HitWith",
            "move": "Disarming Appeal",
            "theText": [
              "|f|ChangeImageLayer|/|Expression|/|Nya|n|'Oh, am I overwhelming you a bit too much, nya?'",
              "|f|ChangeImageLayer|/|Expression|/|Nya|n|'Oh, is my ass too much for you, nya?'"
            ]
        },
        {
            "lineTrigger": "HitWith",
            "move": ["Seduce", "Enamor", "Smoldering Seduction", "Smoldering Flaunt", "Massaging Seduction", "Mass Seduction"],
            "theText": [
              "|f|ChangeImageLayer|/|Expression|/|Smile|n|'Hmmmmm.♥'",
              "|f|ChangeImageLayer|/|Expression|/|Smile|n|'You're getting me all hot and bothered nya.♥'",
              "|f|ChangeImageLayer|/|Expression|/|Smile|n|'You're a sweet talker, aren't you nya?♥'"
            ]
        },
        {
            "lineTrigger": "HitWith",
            "move": "Lick",
            "theText": [
            "|f|ChangeImageLayer|/|Expression|/|Shock|n|'Huh?! Did I just feel your tongue on my ass???'",
            "|f|ChangeImageLayer|/|Expression|/|Smug|n|'I guess you really do love my butt.♥'",
            "|f|ChangeImageLayer|/|Expression|/|Cocky|n|'Worshipping my ass in there? I could get used to having an ass slave.♥'"
            ]
        },
        {
            "lineTrigger": "UsesMove",
            "move": "Anal Squeeze",
            "theText": [
            "|f|ChangeImageLayer|/|Expression|/|Smile|n|'You feel so warm.♥'",
            "|f|ChangeImageLayer|/|Expression|/|NyaNya|n|'Nyaaaaa♥♥♥'",
            "|f|ChangeImageLayer|/|Expression|/|Smile|n|'Squeeeeeeze.♥'"
            ]
        },
        {
            "lineTrigger": "UsesMove",
            "move": "Deep Rumblings",
            "theText": [
              "|f|ChangeImageLayer|/|Expression|/|Mock|n|'Uh oh, I wonder if you could hear that.'",
              "|f|ChangeImageLayer|/|Expression|/|Mock|n|'Maybe you should surrender before you figure out what the noise was.♥'",
              "|f|ChangeImageLayer|/|Expression|/|Laugh|n|'Ehehehe.♥'"
            ]
        },
        {
            "lineTrigger": "UsesMove",
            "move": "Gas Buildup",
            "theText": [
              "|f|ChangeImageLayer|/|Expression|/|Mock|n|'Uh oh, I wonder if you could feel that.'",
              "|f|ChangeImageLayer|/|Expression|/|Mock|n|'You suuuuure you don't wanna surrender?♥'",
              "|f|ChangeImageLayer|/|Expression|/|Mock|n|'It's your funeral if you stick around.♥'"
            ]
        },
        {
            "lineTrigger": "UsesMove",
            "move": "Invading Dildo",
            "theText": [
              "|f|ChangeImageLayer|/|Expression|/|Lewd|n|'If you won't pleasure me, I'll do it myself.'",
              "|f|ChangeImageLayer|/|Expression|/|Lewd|n|'Maybe this will motivate you into working harder.♥'",
              "|f|ChangeImageLayer|/|Expression|/|Lewd|n|'Y'know, I usually pretend this is you, so now I have two of you inside me.♥'"
            ]
        },
        {
            "lineTrigger": "UsesMove",
            "move": "Crushing Cavern",
            "theText": [
              "|f|ChangeImageLayer|/|Expression|/|Smile|n|'You feel so warm.♥'",
              "|f|ChangeImageLayer|/|Expression|/|NyaNya|n|'Nyaaaaa♥♥♥'",
              "|f|ChangeImageLayer|/|Expression|/|Smile|n|'Squeeeeeeze.♥'"
            ]
        },
        {
            "lineTrigger": "UsesMove",
            "move": "Unleashed Gas",
            "theText": [
              "|f|ChangeImageLayer|/|Expression|/|Flustered|n|'Ah geez, that smells so much worse than I thought!'",
              "|f|ChangeImageLayer|/|Expression|/|Mock|n|'I warned you this would happen, you have no one to blame but yourself!'",
              "|f|ChangeImageLayer|/|Expression|/|Mock|n|'So how about it? Feel like giving up now?'"
            ]
        },
        {
            "lineTrigger": "StanceStruggle",
            "move": "Anal Vore",
            "theText": [ "You push against Mika's giant asshole..."]
        },
        {
            "lineTrigger": "StanceStruggleFail",
            "move": "Anal Vore",
            "theText": [ "But can't make enough room to escape.",
                         "But Mika flexes her ass cheeks together, sealing your exit.",
                         "The stench in Mika's ass makes you gag, and you make no progress."]
        },
        {
            "lineTrigger": "StanceStruggleComment",
            "move": "Anal Vore",
            "theText": [ "|f|ChangeImageLayer|/|Expression|/|Amused|n|'Maybe you should spend more time fucking my ass and less time trying to get out of it.♥'",
                         "|f|ChangeImageLayer|/|Expression|/|Smug|n|'Oh, you're not getting away from me that easily.♥'",
                         "|f|ChangeImageLayer|/|Expression|/|Lewd|n|'Come on, I know you're loving this!♥'"]
        },
        {
            "lineTrigger": "LowHealth",
            "move": "",
            "theText": [
              "|f|ChangeImageLayer|/|Expression|/|Submissive|n||f|ChangeImageLayer|/|Base|/|Blush|n|'N-Nyaa♥... Ghk- I-I can't believe you're getting to me...'",
              "|f|ChangeImageLayer|/|Expression|/|Submissive|n||f|ChangeImageLayer|/|Base|/|Blush|n|'I-I think I underestimated your skills...'",
              "|f|ChangeImageLayer|/|Expression|/|Lewded|n||f|ChangeImageLayer|/|Base|/|Blush|n|'D-Damn it... I can't stop thinking about mating with you..."
            ]
        },
        {
            "lineTrigger": "PlayerLowHealth",
            "move": "",
            "theText": [
              "|f|ChangeImageLayer|/|Expression|/|Smug|n|'Hehe, you feel like you're about to give up.♪'",
                          "|f|ChangeImageLayer|/|Expression|/|Smug|n|'Your struggles are weakening.♪ Ready to give up?♪",
                          "|f|ChangeImageLayer|/|Expression|/|Smug|n|'You can't resist much more.♪"
            ]
        },
        {
            "lineTrigger": "OnPlayerOrgasm",
            "move": "",
            "theText": [
            "|f|ChangeImageLayer|/|Expression|/|Smug|n|Her walls batter every inch of your body, and the friction on your groin pleasures you until you can't hold back from blowing your load in her giant ass. 'You're not tired yet are you? My ass still wants you.♥'"
            ]
        },
        {
            "lineTrigger": "OnPlayerOrgasm",
            "move": "Unleashed Gas",
            "theText": [
            "|f|ChangeImageLayer|/|Expression|/|Smug|n|The overwhelming smell of her gas short circuits your brain, and a wave of pleasure overcomes you as you blow your load inside the suffocating rear end of the giantess. 'Ahahahaha, you can't be serious! Did you seriously cum from my gas?♥'"
            ]
        },
        {
            "lineTrigger": "OnOrgasm",
            "move": "",
            "theText": [
            "|f|ChangeImageLayer|/|Expression|/|Lewded|n|'Ohnono!♥ I'm c-cumming!♥ N-NYAAA!♥'"
            ]
        },
        {
            "lineTrigger": "OnSurrender",
            "move": "",
            "theText": [ "|f|ChangeImageLayer|/|Expression|/|Amused|n|'Giving up, huh? That's probably a smart move.♥"]
        }
    ],
    "victoryScenes": [
        {
            "NameOfScene": "",
            "move": "",
            "stance": "",
            "includes": [""],
            "theScene": [
            ""
            ],
            "picture": ""
        }
    ],
    "pictures": [
                  {
                      "Name": "Base",
                      "StartOn": "1",
                      "AlwaysOn": "1",
                      "IsScene": "0",
                      "TheBody": "1",
                      "Overlay": "No",
                      "setXalign": "0.0",
                      "setYalign": "0.215",
                      "Images": [
                        {
                            "Name": "Base",
                            "File": "Monsters/Mika/Body_Mika_Nude.png",
                            "setXalign": "0.0",
                            "setYalign": "0.0"
                        },
                        {
                            "Name": "Sweat",
                            "File": "Monsters/Mika/Body_Mika_Sweat.png",
                            "setXalign": "0.0",
                            "setYalign": "0.0"
                        },
                        {
                            "Name": "Blush",
                            "File": "Monsters/Mika/Body_Mika_Blush.png",
                            "setXalign": "0.0",
                            "setYalign": "0.0"
                        },
                        {
                            "Name": "BlushSweat",
                            "File": "Monsters/Mika/Body_Mika_BlushSweating.png",
                            "setXalign": "0.0",
                            "setYalign": "0.0"
                        }
                    ]
                  },
                  {
                      "Name": "BodyPart",
                      "StartOn": "1",
                      "AlwaysOn": "1",
                      "IsScene": "0",
                      "TheBody": "0",
                      "Overlay": "No",
                      "setXalign": "0.0",
                      "setYalign": "0.0",
                      "Images": [
                        {
                            "Name": "Hand",
                            "File": "Monsters/Mika/Hand_Mika_Base.png",
                            "setXalign": "0.0",
                            "setYalign": "0.0"
                        },
                        {
                            "Name": "HandO",
                            "File": "Monsters/Mika/Hand_Mika_OSign.png",
                            "setXalign": "0.0",
                            "setYalign": "0.0"
                        },
                        {
                            "Name": "HandV",
                            "File": "Monsters/Mika/Hand_Mika_VSign.png",
                            "setXalign": "0.0",
                            "setYalign": "0.0"
                        }
                    ]
                  },
                  {
                      "Name": "BodyExtra",
                      "StartOn": "1",
                      "AlwaysOn": "0",
                      "IsScene": "0",
                      "TheBody": "0",
                      "Overlay": "No",
                      "setXalign": "0.0",
                      "setYalign": "0.0",
                      "Images": [
                        {
                            "Name": "Socks",
                            "File": "Monsters/Mika/Clothes_Mika_Socks.png",
                            "setXalign": "0.0",
                            "setYalign": "0.0"
                        }
                    ]
                  },
                  {
                      "Name": "Extra",
                      "StartOn": "0",
                      "AlwaysOn": "0",
                      "IsScene": "0",
                      "TheBody": "0",
                      "Overlay": "No",
                      "setXalign": "0.0",
                      "setYalign": "0.0",
                      "Images": [
                        {
                            "Name": "Thong",
                            "File": "Monsters/Mika/Clothes_Mika_Thong.png",
                            "setXalign": "0.0",
                            "setYalign": "0.0"
                        },
                        {
                            "Name": "Shorts",
                            "File": "Monsters/Mika/Clothes_Mika_Shorts.png",
                            "setXalign": "0.0",
                            "setYalign": "0.0"
                        }
                    ]
                  },
                  {
                      "Name": "Effect",
                      "StartOn": "0",
                      "AlwaysOn": "0",
                      "IsScene": "0",
                      "TheBody": "0",
                      "Overlay": "No",
                      "setXalign": "0.0",
                      "setYalign": "0.0",
                      "Images": [
                        {
                            "Name": "TankTop",
                            "File": "Monsters/Mika/Clothes_Mika_TankTop.png",
                            "setXalign": "0.0",
                            "setYalign": "0.0"
                        },
                        {
                            "Name": "TiedShirt",
                            "File": "Monsters/Mika/Clothes_Mika_ShirtTied.png",
                            "setXalign": "0.0",
                            "setYalign": "0.0"
                        },
                        {
                            "Name": "ComboTop",
                            "File": "Monsters/Mika/Clothes_Mika_ShirtCombo.png",
                            "setXalign": "0.0",
                            "setYalign": "0.0"
                        }
                    ]
                  },
                  {
                      "Name": "Expression",
                      "StartOn": "1",
                      "AlwaysOn": "1",
                      "IsScene": "0",
                      "TheBody": "0",
                      "Overlay": "No",
                      "setXalign": "0.0",
                      "setYalign": "0.0",
                      "Images": [
                        {
                            "Name": "Base",
                            "File": "Monsters/Mika/Expression_Mika_Base.png",
                            "setXalign": "0.0",
                            "setYalign": "0.0"
                        },
                        {
                            "Name": "Smile",
                            "File": "Monsters/Mika/Expression_Mika_Smile.png",
                            "setXalign": "0.0",
                            "setYalign": "0.0"
                        },
                        {
                            "Name": "Caring",
                            "File": "Monsters/Mika/Expression_Mika_Caring.png",
                            "setXalign": "0.0",
                            "setYalign": "0.0"
                        },
                        {
                            "Name": "Beg",
                            "File": "Monsters/Mika/Expression_Mika_Beg.png",
                            "setXalign": "0.0",
                            "setYalign": "0.0"
                        },
                        {
                            "Name": "Angry",
                            "File": "Monsters/Mika/Expression_Mika_Angry.png",
                            "setXalign": "0.0",
                            "setYalign": "0.0"
                        },
                        {
                            "Name": "Flustered",
                            "File": "Monsters/Mika/Expression_Mika_Flustered.png",
                            "setXalign": "0.0",
                            "setYalign": "0.0"
                        },
                        {
                            "Name": "Shock",
                            "File": "Monsters/Mika/Expression_Mika_Shock.png",
                            "setXalign": "0.0",
                            "setYalign": "0.0"
                        },
                        {
                            "Name": "Confused",
                            "File": "Monsters/Mika/Expression_Mika_Confused.png",
                            "setXalign": "0.0",
                            "setYalign": "0.0"
                        },
                        {
                            "Name": "Smug",
                            "File": "Monsters/Mika/Expression_Mika_Smug.png",
                            "setXalign": "0.0",
                            "setYalign": "0.0"
                        },
                        {
                            "Name": "Cocky",
                            "File": "Monsters/Mika/Expression_Mika_Cocky.png",
                            "setXalign": "0.0",
                            "setYalign": "0.0"
                        },
                        {
                            "Name": "Frown",
                            "File": "Monsters/Mika/Expression_Mika_Frown.png",
                            "setXalign": "0.0",
                            "setYalign": "0.0"
                        },
                        {
                            "Name": "Dour",
                            "File": "Monsters/Mika/Expression_Mika_Dour.png",
                            "setXalign": "0.0",
                            "setYalign": "0.0"
                        },
                        {
                            "Name": "Pout",
                            "File": "Monsters/Mika/Expression_Mika_Pout.png",
                            "setXalign": "0.0",
                            "setYalign": "0.0"
                        },
                        {
                            "Name": "PoutMad",
                            "File": "Monsters/Mika/Expression_Mika_PoutMad.png",
                            "setXalign": "0.0",
                            "setYalign": "0.0"
                        },
                        {
                            "Name": "Bored",
                            "File": "Monsters/Mika/Expression_Mika_Bored.png",
                            "setXalign": "0.0",
                            "setYalign": "0.0"
                        },
                        {
                            "Name": "Sad",
                            "File": "Monsters/Mika/Expression_Mika_Sad.png",
                            "setXalign": "0.0",
                            "setYalign": "0.0"
                        },
                        {
                            "Name": "SadAngry",
                            "File": "Monsters/Mika/Expression_Mika_SadAngry.png",
                            "setXalign": "0.0",
                            "setYalign": "0.0"
                        },
                        {
                            "Name": "Mocking",
                            "File": "Monsters/Mika/Expression_Mika_Mock.png",
                            "setXalign": "0.0",
                            "setYalign": "0.0"
                        },
                        {
                            "Name": "Amused",
                            "File": "Monsters/Mika/Expression_Mika_Amused.png",
                            "setXalign": "0.0",
                            "setYalign": "0.0"
                        },
                        {
                            "Name": "Laugh",
                            "File": "Monsters/Mika/Expression_Mika_Laugh.png",
                            "setXalign": "0.0",
                            "setYalign": "0.0"
                        },
                        {
                            "Name": "Nya",
                            "File": "Monsters/Mika/Expression_Mika_Nya.png",
                            "setXalign": "0.0",
                            "setYalign": "0.0"
                        },
                        {
                            "Name": "NyaExcited",
                            "File": "Monsters/Mika/Expression_Mika_NyaExcited.png",
                            "setXalign": "0.0",
                            "setYalign": "0.0"
                        },
                        {
                            "Name": "NyaLikeYaKnow",
                            "File": "Monsters/Mika/Expression_Mika_NyaLike.png",
                            "setXalign": "0.0",
                            "setYalign": "0.0"
                        },
                        {
                            "Name": "NyaNya",
                            "File": "Monsters/Mika/Expression_Mika_NyaNya.png",
                            "setXalign": "0.0",
                            "setYalign": "0.0"
                        },
                        {
                            "Name": "NyaSmug",
                            "File": "Monsters/Mika/Expression_Mika_NyaSmug.png",
                            "setXalign": "0.0",
                            "setYalign": "0.0"
                        },
                        {
                            "Name": "Lewd",
                            "File": "Monsters/Mika/Expression_Mika_Lewd.png",
                            "setXalign": "0.0",
                            "setYalign": "0.0"
                        },
                        {
                            "Name": "Lewded",
                            "File": "Monsters/Mika/Expression_Mika_Lewded.png",
                            "setXalign": "0.0",
                            "setYalign": "0.0"
                        },
                        {
                            "Name": "LewdedSilly",
                            "File": "Monsters/Mika/Expression_Mika_LewdedSilly.png",
                            "setXalign": "0.0",
                            "setYalign": "0.0"
                        },
                        {
                            "Name": "Submissive",
                            "File": "Monsters/Mika/Expression_Mika_Submissive.png",
                            "setXalign": "0.0",
                            "setYalign": "0.0"
                        },
                        {
                            "Name": "Sleepy",
                            "File": "Monsters/Mika/Expression_Mika_Sleepy.png",
                            "setXalign": "0.0",
                            "setYalign": "0.0"
                        }
                    ]
                  }
                ]
}
