{
    "name": "Giant Elf",
    "IDname": "Giant Elf",
    "species": "Fae",
    "gender": "female",
    "description": "A giant elf who has shoved you into her vagina. Her powerful pussy surrounds you on all sides, but an orgasm may be enough to overwhelm her and free you.",
    "encyclopedia": "",
    "tags": "none",
    "generic": "True",
    "requires": [""],
    "skillList": [
        "Squeeze", "Squeeze", "Squeeze", "Crushing Tunnel", "Drip", "Invading Fingers", "Pulsating Cavern", "Invading Fingers"
    ],
    "perks": ["Clamp"],
    "stats": {
        "lvl": "25",
        "Exp": "200",
        "max_hp": "450",
        "max_ep": "80",
        "max_sp": "1",
        "Power": "25",
        "Technique": "25",
        "Intelligence": "5",
        "Allure": "40",
        "Willpower": "40",
        "Luck": "10"
    },
    "Fetishes": [""],
    "BodySensitivity": {
        "Sex": "100",
        "Ass": "0",
        "Breasts": "0",
        "Mouth": "0",
        "Seduction": "75",
        "Magic": "150",
        "Pain": "0",
        "Holy": "0",
        "Unholy": "0"
    },
    "resistancesStatusEffects": {
        "Stun": "100",
        "Charm": "100",
        "Aphrodisiac": "100",
        "Restraints": "100",
        "Sleep": "100",
        "Trance": "100",
        "Paralysis": "100",
        "Debuff": "100"
    },
    "moneyDropped": "750",
    "ItemDropList": [
        {
            "name": "Elven Herb",
            "dropChance": "70"
        }
    ],
    "lossScenes": [
        {
            "NameOfScene": "Trapped in an Elf's vagina",
            "move": "",
            "stance": "",
            "includes": [""],
            "theScene": [
            "You feel your strength disappear as you cum again into the surrounding pussy of the giant Elf. It's an intense and powerful orgasm as her walls shift and move around you, pressing on every part of your body with its soft flesh.",
            "JumpToLossEvent", "GiantElfLoss"
            ],
            "picture": ""
        }
    ],
    "combatDialogue": [
        {
        "lineTrigger": "StartOfCombat",
        "move": "",
        "theText": [ "|f|CallCombatEventAndScene|/|GiantElfCombatEvents|/|FightIntro|n|"]
        },
        {
        "lineTrigger": "EndOfRound",
        "move": "",
        "theText": [ "|f|CallCombatEventAndScene|/|GiantElfCombatEvents|/|UnbirthCheck|n|"]
        },
        {
            "lineTrigger": "HitWith",
            "move": ["Arouse", "Arousara", "Arousaga"],
            "theText": [
              "|f|ChangeImageLayer|/|Expression|/|Lewd|n|Your magic courses through the giant woman, as she trembles in pleasure.",
              "|f|ChangeImageLayer|/|Expression|/|Ahegao|n|The elf's moans are amplified through the walls of pussy, causing a tremor for you as your magic pleases her.",
              "|f|ChangeImageLayer|/|Expression|/|Incoherently_Lewd|n|'Ahhhh! That's it my little pet!♥"
            ]
        },
        {
            "lineTrigger": "HitWith",
            "move": "Electrify",
            "theText": [
            "|f|ChangeImageLayer|/|Expression|/|Shock_Blush|n|The sudden jolt of pleasure flowing through the Elf causes her pussy to tighten around you.",
            "|f|ChangeImageLayer|/|Expression|/|Lewd|n|The Elf moans incoherently, as your spell sends a shocking wave of pleasure through her.",
            "|f|ChangeImageLayer|/|Expression|/|Smug_Blush|n|'That spell tickles, but it also feels really good.'"
            ]
        },
        {
            "lineTrigger": "HitWith",
            "move": ["Charm", "Charm Wave"],
            "theText": [
              "|f|ChangeImageLayer|/|Expression|/|Lustful|n|The giantess moans as her pussy moistens further from your charming magic.",
              "|f|ChangeImageLayer|/|Expression|/|Smug_Blush|n|'Trying to win me over? Maybe I'll buy a nice cage for you.",
              "|f|ChangeImageLayer|/|Expression|/|Incoherently_Lewd|n|'I don't think I could be more in love with you.♥'"
            ]
        },
        {
            "lineTrigger": "HitWith",
            "move": ["Lewd Bottle", "Cloying Mist", "Placebo Pheromone"],
            "theText": [
              "|f|ChangeImageLayer|/|Expression|/|Lewd|n|The Elf shakes as your aphrodisiac takes hold, and the juices in her pussy intensify.",
              "|f|ChangeImageLayer|/|Expression|/Lewd|n|The moans reverberating around your body grow in strength as the aphrodisiac courses through the giant Elf.",
              "|f|ChangeImageLayer|/|Expression|/|Ahegao|n|'Ahhn! I can't believe you'd get me so horny!♥"
            ]
        },
        {
            "lineTrigger": "HitWith",
            "move": ["Enfeeble", "Sensitize"],
            "theText": [
              "|f|ChangeImageLayer|/|Expression|/|Incoherently_Lewd|n|'Oh! I'm feeling so weak down there!'",
              "|f|ChangeImageLayer|/|Expression|/|Lewd|n|As your magic takes hold on the Elf, you can feel the walls around getting warmer.",
              "|f|ChangeImageLayer|/|Expression|/|Lustful|n|'Be sure to take your time and wiggle a lot down there.'"
            ]
        },
        {
            "lineTrigger": "HitWith",
            "move": "Disarming Appeal",
            "theText": [
              "|f|ChangeImageLayer|/|Expression|/|Smug|n|'Awww, maybe I'll let you out occasionally to let you eat.",
              "|f|ChangeImageLayer|/|Expression|/|Lewd|n|'I always wanted my own pussy pet, so I'll make sure to take good care of you.♥",
              "|f|ChangeImageLayer|/|Expression|/|Smile|n|The walls of the massive pussy surrounding you loosen, as the Elf relaxes herself."
            ]
        },
        {
            "lineTrigger": "HitWith",
            "move": ["Seduce", "Enamor", "Smoldering Seduction", "Smoldering Flaunt", "Massaging Seduction", "Mass Seduction"],
            "theText": [
              "|f|ChangeImageLayer|/|Expression|/|Lustful|n|'You are such a cute little thing.'",
              "|f|ChangeImageLayer|/|Expression|/|Lustful|n|'Keep pleasuring me, my little toy.'",
              "|f|ChangeImageLayer|/|Expression|/|Tsun_Blush|n|She chuckles at your seduction attempts, but it clearly had an effect on her pussy."
            ]
        },
        {
            "lineTrigger": "HitWith",
            "move": "Caress",
            "theText": [
              "|f|ChangeImageLayer|/|Expression|/|Lustful|n|The Elf shakes as she feels the inside of her pussy being caressed by your body.",
              "|f|ChangeImageLayer|/|Expression|/|Lustful|n|You rub your entire body around the walls surrounding you, earning a deep moan from your captor.",
              "|f|ChangeImageLayer|/|Expression|/|Flustered|n|'Ahhn... How can such a small creature pleasure my this much?!♥♥♥'"
            ]
        },
        {
            "lineTrigger": "HitWith",
            "move": "Lick",
            "theText": [
            "|f|ChangeImageLayer|/|Expression|/|Dominant|n|'Giving in to your master? How sweet.♥'",
            "|f|ChangeImageLayer|/|Expression|/|Smug_Blush|n|'Hnnnh, that's right, worship me my new pet.'",
            "|f|ChangeImageLayer|/|Expression|/|Shock_Blush|n|'Hah.♥ Right there.♥'"
            ]
        },
        {
            "lineTrigger": "UsesMove",
            "move": "Squeeze",
            "theText": [
            "|f|ChangeImageLayer|/|Expression|/|Tsun|n|'Start moving down there, or there's more where this comes from!'",
            "|f|ChangeImageLayer|/|Expression|/|Smug|n|'I'm not feeling you enough down there!'",
            "|f|ChangeImageLayer|/|Expression|/|Smug|n|'Hey! I didn't say you could stop!'"
            ]
        },
        {
            "lineTrigger": "UsesMove",
            "move": "Drip",
            "theText": [
              "|f|ChangeImageLayer|/|Expression|/|Smug_Blush|n|'Ehehehe, you're gonna drown in my pussy.'",
              "|f|ChangeImageLayer|/|Expression|/|Tsun|n|'You better keep pleasing me if you don't wanna drown.'",
              "|f|ChangeImageLayer|/|Expression|/|Lustful|n|'Accept the love juices of my pussy.♥'"
            ]
        },
        {
            "lineTrigger": "UsesMove",
            "move": "Invading Fingers",
            "theText": [
              "|f|ChangeImageLayer|/|Expression|/|Tsun_Blush|n|'If you won't please me then I will force you to.'",
              "|f|ChangeImageLayer|/|Expression|/|Smile|n|'Maybe you are just better off as a dildo.'",
              "|f|ChangeImageLayer|/|Expression|/|Tsun_Blush|n|'I'll break you in soon enough, my pet.'"
            ]
        },
        {
            "lineTrigger": "UsesMove",
            "move": "Crushing Tunnel",
            "theText": [
              "|f|ChangeImageLayer|/|Expression|/|Extra_Smug|n|'I hope you can survive this!'",
              "|f|ChangeImageLayer|/|Expression|/|Lustful|n|'Maybe this will motivate you!'",
              "|f|ChangeImageLayer|/|Expression|/|Extra_Smug|n|'You're so small my pussy can dominate you, how humiliated you must be!'"
            ]
        },
        {
            "lineTrigger": "UsesMove",
            "move": "Pulsating Cavern",
            "theText": [
              "|f|ChangeImageLayer|/|Expression|/|Lustful|n|'Ahhh! You make me so horny!'",
              "|f|ChangeImageLayer|/|Expression|/|Lustful|n|'Doesn't my pussy feel great?'",
              "|f|ChangeImageLayer|/|Expression|/|Lustful|n|'If you just pleasure me this will be over sooner.'"
            ]
        },
        {
            "lineTrigger": "StanceStruggle",
            "move": "Unbirth",
            "theText": [ "You frantically struggle against the pussy of the gargantuan Elf..."]
        },
        {
            "lineTrigger": "StanceStruggleFail",
            "move": "Unbirth",
            "theText": [ "But her fingers block the way, sealing you in.",
                         "She crosses her legs over each other, blocking the exit with ease.",
                         "You cannot get a handle on her slippery walls, and make no progress."]
        },
        {
            "lineTrigger": "StanceStruggleComment",
            "move": "Unbirth",
            "theText": [ "|f|ChangeImageLayer|/|Expression|/|Dominant|n|'Oh no, you don't get to leave now, my precious little pet.'",
                         "|f|ChangeImageLayer|/|Expression|/|Dominant|n|'I'll make sure you know your place is inside me.♥'",
                         "|f|ChangeImageLayer|/|Expression|/|Lustful|n|'I'll make you my cute little pussy pet, isn't that great?'"]
        },
        {
            "lineTrigger": "LowHealth",
            "move": "",
            "theText": [
            "|f|ChangeImageLayer|/|Expression|/|Lewd|n|'Ahhh, I'm so close!♥'"
            ]
        },
        {
            "lineTrigger": "PlayerLowHealth",
            "move": "",
            "theText": [
            "|f|ChangeImageLayer|/|Expression|/|Smug|n|'Are you getting tired in there? Just submit to your new life.'"
            ]
        },
        {
            "lineTrigger": "OnPlayerOrgasm",
            "move": "",
            "theText": [
            "|f|ChangeImageLayer|/|Expression|/|Lustful|n|You cum from the pressure of the giant Elf's pussy, and your cum is immediately washed away in her juices.",
            "|f|ChangeImageLayer|/|Expression|/|Lustful|n|The massive pussy grinding on your body forces you to cum, drawing a bit of your strength away with each movement.",
            "|f|ChangeImageLayer|/|Expression|/|Smug|n|'Oh, did you cum inside me, little pet?'"
            ]
        },
        {
            "lineTrigger": "OnOrgasm",
            "move": "",
            "theText": [
            "|f|ChangeImageLayer|/|Expression|/|Ahegao|n|'Ah?♥ Did my little pet make me cum? Ahhhhhhhh!♥'"
            ]
        },
        {
            "lineTrigger": "OnSurrender",
            "move": "",
            "theText": [ "|f|ChangeImageLayer|/|Expression|/|Extra_Smug|n|'Have you accepted your place? Then serve me forever.♥'"]
        }
    ],
    "victoryScenes": [
        {
            "NameOfScene": "",
            "move": "",
            "stance": "",
            "includes": [""],
            "theScene": [
            ""
            ],
            "picture": ""
        }
    ],
    "pictures": [
                  {
                      "Name": "Expression",
                      "StartOn": "1",
                      "AlwaysOn": "1",
                      "IsScene": "0",
                      "TheBody": "1",
                      "Overlay": "No",
                      "setXalign": "0.0",
                      "setYalign": "0.22",
                      "Images": [
                        {
                            "Name": "Base",
                            "File": "Monsters/Elf/Elf_Base.png",
                            "setXalign": "0.0",
                            "setYalign": "0.0"
                        },
                        {
                            "Name": "Lustful",
                            "File": "Monsters/Elf/Elf_Lustful.png",
                            "setXalign": "0.0",
                            "setYalign": "0.0"
                        },
                        {
                            "Name": "Lewd",
                            "File": "Monsters/Elf/Elf_Lewd.png",
                            "setXalign": "0.0",
                            "setYalign": "0.0"
                        },
                        {
                            "Name": "Incoherently Lewd",
                            "File": "Monsters/Elf/Elf_Incoherently_Lewd.png",
                            "setXalign": "0.0",
                            "setYalign": "0.0"
                        },
                        {
                            "Name": "Ahegao",
                            "File": "Monsters/Elf/Elf_Ahegao.png",
                            "setXalign": "0.0",
                            "setYalign": "0.0"
                        },
                        {
                            "Name": "Shock",
                            "File": "Monsters/Elf/Elf_Shock.png",
                            "setXalign": "0.0",
                            "setYalign": "0.0"
                        },
                        {
                            "Name": "Shock Blush",
                            "File": "Monsters/Elf/Elf_Shock_Blush.png",
                            "setXalign": "0.0",
                            "setYalign": "0.0"
                        },
                        {
                            "Name": "Flustered",
                            "File": "Monsters/Elf/Elf_Flustered.png",
                            "setXalign": "0.0",
                            "setYalign": "0.0"
                        },
                        {
                            "Name": "Smug",
                            "File": "Monsters/Elf/Elf_Smug.png",
                            "setXalign": "0.0",
                            "setYalign": "0.0"
                        },
                        {
                            "Name": "Smug Blush",
                            "File": "Monsters/Elf/Elf_Smug_Blush.png",
                            "setXalign": "0.0",
                            "setYalign": "0.0"
                        },
                        {
                            "Name": "Extra Smug",
                            "File": "Monsters/Elf/Elf_Extra_Smug.png",
                            "setXalign": "0.0",
                            "setYalign": "0.0"
                        },
                        {
                            "Name": "Dominant",
                            "File": "Monsters/Elf/Elf_Dominant.png",
                            "setXalign": "0.0",
                            "setYalign": "0.0"
                        },
                        {
                            "Name": "Tsun",
                            "File": "Monsters/Elf/Elf_Tsun.png",
                            "setXalign": "0.0",
                            "setYalign": "0.0"
                        },
                        {
                            "Name": "Tsun Blush",
                            "File": "Monsters/Elf/Elf_Tsun_Blush.png",
                            "setXalign": "0.0",
                            "setYalign": "0.0"
                        },
                        {
                            "Name": "Angry",
                            "File": "Monsters/Elf/Elf_Angry.png",
                            "setXalign": "0.0",
                            "setYalign": "0.0"
                        }

                    ]
        }
    ]
}
