{
    "name": "Giantess Haruka",
    "IDname": "Giantess Haruka",
    "species": "Human Adventurer",
    "gender": "female",
    "description": "",
    "encyclopedia": "A tan girl with a playful demeanor. She has pink hair and wears a button-up shirt that can barely contain her large breasts. Her skirt somehow hides her lengthy cock from view. She also wears a baggy red track jacket, and on her legs she has socks that stop just below her knees, and brown slip-in shoes.",
    "tags": "none",
    "generic": "False",
    "requires": [""],
    "skillList": [
        "Ball Crusher", "Boob Slam", "Cock Pressure", "Cock Whip", "Jumping Butt Crush", "Giant Overlimit", "Ball Pin", "BallPin", "Giant Power Up!", "Precum Drool", "Toe Pinch"
    ],
    "perks": ["Hellhounds Hunt", "Swift", "Alert", "Pacing", "Steady Pacing", "Expert Pacing", "Enduring Body", "Grappler", "Clingy"],
    "stats": { "lvl": "60",
              "Exp": "900",
              "max_hp": "775",
              "max_ep": "200",
              "max_sp": "1",
              "Power": "70",
              "Technique": "30",
              "Intelligence": "10",
              "Allure": "35",
              "Willpower": "25",
              "Luck": "15"
    },
    "Fetishes": [ ""],
    "BodySensitivity": { "Sex": "90",
              "Ass": "90",
              "Breasts": "130",
              "Mouth": "100",
              "Seduction": "130",
              "Magic": "110",
              "Pain": "100",
              "Holy": "25",
              "Unholy": "150"
    },
    "resistancesStatusEffects": {
        "Stun": "999",
        "Charm": "25",
        "Aphrodisiac": "100",
        "Restraints": "999",
        "Sleep": "999",
        "Trance": "999",
        "Paralysis": "999",
        "Debuff": "0"
    },
    "moneyDropped": "1000",
    "ItemDropList": [
        {
            "name": "Calming Potion",
            "dropChance": "25"
        }
    ],
    "lossScenes": [
        {
            "NameOfScene": "Beat Down by Haruka's giant body",
            "move": "",
            "stance": "",
            "includes": [""],
            "theScene": [
            "With the last of your energy expended, you collapse backwards onto the ground, panting. After a few moments you feel the world around you darken as Haruka's massive frame hangs over you, her erect cock easily dwarfing your tiny body.",
            "Speaks",
            "Well well well, pipsqueak. That just goes to show that you can't beat me at any size, huh? Guess it's time for me to punish you for trying to fight back against me. Make sure you squirm a lot for me, okay?",
            "You're too exhausted to move as Haruka lets her legs fall out from underneath her, and you can only watch in horror as her massive, sweaty ballsack rapidly begins to descend upon you. You try to move your body, try to escape the descending giantess, but you find yourself too exhausted to do more than pull yourself back just a few inches.",
            "Haruka lands on you with an earth-shattering slam that rocks your whole body from the impact, leaving you stunned as the giant futa settles down on top of you, slowly twisting her hips as she slowly grinds her massive balls on top of you.",
            "You struggle against the weight of the giantess atop you, but at your size the pressure and weight of Haruka's testicles is insurmountable. Your struggles stop as Haruka continues to grind her hips, smearing her balls into you more and more as the heat and smell starts to penetrate your sense.",
            "Being exposed to such heat from Haruka, you aren't surprised when a bead of sweat rolls down the wrinkled flesh sitting on top of you and touches you, covering you in the sweaty liquid as it coats your body and gets into your mouth, causing you to gag and renew your struggles against Haruka.",
            "Adding to your desperation is the change in air that persists the longer you remain under Haruka. The limited fresh air you had at first has now been entirely replaced by the thick, humid stench of Haruka's nether regions, as the sweat from her excitement and actions have created quite the musk that wraps and clings to your nose.",
            "Feeling your struggles, Haruka calls down to you with a proposition",
            "Speaks",
            "You really wanna get away from me that badly? Well fine, here's a deal: Give my balls some love down there and I'll jump off of you, okay?",
            "Wanting to be done with this, you try to create space between you and the dominating mass of flesh, then tilt your head forward to kiss at her balls. Afterwards, you open your mouth and press your tongue against the sweat-drenched ballsack and run your tongue against it a few times, amusing Haruka.",
            "Haruka laughs as she feels your insignificant tongue lap against her, and you have hope for a moment as the pressure around you subsides and for just a second the world is filled with light again as Haruka rises into the air, before you realize that Haruka had simply jumped in place while sitting, and you lament as you see her colossal rear-end coming back towards you.",
            "As Haruka lands on you again, pinning you back beneath her massive testicles, you hear her laugh rumbling around you as she mocks you for your naivety.",
            "Speaks",
            "Guess you weren't desperate enough to actually escape from me, I guess that means you have no objections to what comes next, right?",
            "With that, Haruka resumes slowly grinding her hips as her testicles resume rolling and smashing you into the ground.",
            "To add to her grinding motions, Haruka adds in a little hop to lift and reorient you under her balls, constantly stunning you as the pressure lessens and crashes back down on you repeatedly, as you are pummeled by the giant woman's testicles.",
            "After a minute longer of playing with you, Haruka gives in to her horny desires and slowly begins to stroke her monster cock as the feeling of you squirming under her balls keeps turning her on.",
            "Haruka slowly begins to work the length of her shaft with her hands, delicately stroking herself as she applies more speed and pressure bit by bit until she starts to work into an intense and powerful rhythm.",
            "As Haruka builds speed, you feel her balls lift with every tug on her cock, and are condemned to endure a new punishment as Haruka's pace causes you to be relentlessly assaulted by her weight testicles to rise and fall on top of you with great force.",
            "Worse still, Haruka's actions are causing her body to heat up significantly, causing more sweat and heat to permeate the area. What little breath you can get in is dominated by the musk of Haruka's balls, and you struggle to stay clean of her sweat that continues to roll down her balls onto you.",
            "Now in full swing, Haruka lets out several grunts as she keeps her hands stroking the length of her cock with vigor and speed. She feels pleasure coursing through her body, intensified knowing she is dominating the world and body of a tiny person underneath her the entire time.",
            "Haruka feels herself approaching a climax and with a devious grin stands up quickly and turns to aim her cock at the place she was just sitting, but manages to stop herself from firing just as she sees that you are no longer in place. After looking for a moment, Haruka feels a twitch against her balls and realizes that her sweat has stuck you to her testicles.",
            "Haruka nearly has a fit laughing as she slowly maintains her arousal by stroking herself as she peels you off her balls and brings you in her hand to her shaft and begins to you use as a masturbatory aid.",
            "You experience the sensation of being dragged along the length of Haruka's shaft at intense speeds as she tries to bring herself back to climax. The length of her cock is several times longer than your body and all you can do is pray that she finishes quickly before motion sickness takes hold of you.",
            "Occasionally your mouth opens at an inopportune time while you are pressed against Haruka's cock and find yourself getting a taste of the sweaty taste of her flesh, and you writhe and struggle against her grip every time the taste enters into your mouth, which only ends up exciting Haruka more and more as her moans keep building up.",
            "Nearing climax, Haruka lifts you from the shaft of her cock and brings you to the tip of her drooling penis, and begins to press and massage you against the slit of her dick. She smears you in her precum as she continues to moan with your body now massaging her sensitive glans. You fear and brace for impact as her cock starts to twitch with building pleasure.",
            "As you brace yourself, an overwhelming storm of cum hits your body as Haruka holds you against her, letting her hand be coated in cum as she fires spurt after spurt of cum from her cock at your tiny form.",
            "The white, thick liquid coats every inch of your body as you struggle against the reflexes of your body and try to keep your mouth, nose, and eyes all shut until you are free from the overwhelming torrent of cum.",
            "Finally, Haruka's orgasm subsides and she lets most of the cum fall from her hands until she sees your tiny form curled up in her palm. She plucks you free from the white mess and pops you into her mouth to lick you clean as she uses a spare cloth from her bag to clean her hands off.",
            "While she licks you clean, Haruka's tongue batters and slobbers over every inch of your diminutive form until none of her cum remains on your body, but her saliva now thoroughly coats you.",
            "With her hands now clean, Haruka looks at the rag she used to clean herself and then looks at her sweaty body. An idea pops into her head as she gently spits you back into her palm and she immediately starts moving you towards her bare stomach.",
            "Haruka begins to rub you against her tanned stomach as if she was using a washcloth. With deliberate, careful circular motions you feel yourself being dragged across her smooth, sweaty skin as the saliva that coats your body is mixed and intermingled with her sweat.",
            "Working up from her stomach, Haruka moves you up to her gigantic breasts and slowly uses you to clean the undersides of sweat, before moving you to the tops of her breasts and using you to clean every surface of the jiggly mounds of flesh.",
            "Before moving you on to the next location, Haruka stops you at one of her nipples and begins to press you into her hardened nipple as she gropes herself for a second. The experience of being ground and massaged into a giant nipple also triggers something in you too, as your erection creeps up and begins to poke into Haruka's breast as she continues to fondle herself.",
            "Haruka takes notice of your erection and gives you a teasing smile as she pulls you away from her breast.",
            "Speaks",
            "Fufufu, getting aroused by such a demeaning act are you? I wonder where the limits of your depravity really lie?",
            "While she speaks, she takes your tiny form and brings it to her raised arm and presses you tight against her sweaty armpit before smearing you across the gag-inducing flesh. Somehow, out of all the sweat that has accumulated onto your body, the smell here is the worst as it nearly causes you to hurl from the short amount of time you have experienced it on you",
            "Haruka hums a cheery song to herself, revelling in the torment she is causing you as you struggle against her armpit. She stifles a laugh as she pictures the face you must be making as you are forced to endure the stench and sweat of her armpit.",
            "Moving onwards with her impromptu cleaning, Haruka moves you back down her body to her shapely ass as she rubs you against the firm yet squishy flesh. Several times as she massages you into her butt does she almost run you along the inside of her ass crack, but she stops short each time, delighting in your panic every time you approached her asscheeks.",
            "To finish off her session, Haruka brings you to her grand thighs and begins to lightly rub you against her, giving you ample to to take in how smooth and perfectly toned her body is. This moment also lets you see her impressive cock hardening again, and that Haruka is slowly stroking it as she eyes you hungrily again.",
            "Haruka lifts you from her thighs and brings her hands back to her cock, pressing you against the massive shaft once again as she slowly kneads you against the mighty tower.",
            "With every few strokes, Haruka slowly adds on speed and intensity to her masturbation, causing your still wet body to slip and slide along with her hands along the length of her cock. You are battered and rolled along the massive member for what feels like ages to you as Haruka can only moan and revel in the pleasure your tiny body brings.",
            "Haruka's moans increase as her hands rest at one spot and begin to jack off with incredible speed as she hastens herself to orgasm. You fear for the worst as one of her hands lifts off her cock and starts to drag you back to the tip of her penis. Reflexively you close your eyes again and brace for another impact of her load.",
            "To Haruka's surprise, she cums faster than expected and before she can fully press you into her cock she lets out a similarly large load as her first orgasm. Washing you completely in cum.",
            "However, Haruka's grip on you wasn't strong enough, and her hand was not prepared to hold you against the onslaught of cum, allowing you to be whisked away and carried off by the far-firing load of cum.",
            "Haruka catches her breath and in her pleasure-riddled aftermath tries to find you in the many puddles of cum she's made in the area. Meanwhile you attempt your best to stay perfectly still so that she does not find you.",
            "After over a minute of searching, Haruka is unable to find you and too tired to keep searching, so she promises to track you down again and bring you in for real this time. As she walks off, you finally grow back to normal and pass out, allowing you to return to the church...",
            "ChangeSensitivity", "Magic", "5",
            "ChangeFetish", "Monstrosity", "5",
            "GameOver"
            ],
            "picture": ""
        }
    ],
    "combatDialogue": [
        {
            "lineTrigger": "StartOfCombat",
            "move": "",
            "theText": [ "|f|CallCombatEventAndScene|/|GiantHarukaCombatEvents|/|FightIntro|n|"]
            },
            {
            "lineTrigger": "EndOfRound",
            "move": "",
            "theText": [ "|f|CallCombatEventAndScene|/|GiantHarukaCombatEvents|/|MiniCheck|n|"]
            },
        {
            "lineTrigger": "HitWith",
            "move": "",
            "theText": [
            ""
            ]
        },
        {
            "lineTrigger": "HitWith",
            "move": "Lick",
            "theText": [
            "'Oh yeah, you better lick my cock.'",
            "'That's a good slave, keep doing that and I'll take it easy on you.'",
            "'Submission is second place to a good cock licking.'"
            ]
        },
        {
            "lineTrigger": "HitWith",
            "move": ["Arouse", "Arousara", "Arousaga"],
            "theText": [
              "'Wow, you call that magic? I barely felt that!'",
              "'Ha! Guess you can't even please me with your magic.'",
              "'I think I almost felt a shiver go up my back.'"
            ]
        },
        {
            "lineTrigger": "HitWith",
            "move": "Electrify",
            "theText": [
              "'Oooh! That tickled!'",
              "'Mmmm yeah, send the next one through my dick.'",
              "'Are you trying to hurt me? Because I'll hurt you back.'"
            ]
        },
        {
            "lineTrigger": "HitWith",
            "move": ["Charm", "Charm Wave"],
            "theText": [
              "'Awwww, what an adorable attempt. You're so cute!'",
              "'You're so cute, I just wanna shove you down my cock.'",
              "'What a sweet little thing, I'm going to smother you with my balls.'"
            ]
        },
        {
            "lineTrigger": "HitWith",
            "move": ["Lewd Bottle", "Cloying Mist", "Placebo Pheromone"],
            "theText": [
              "'Trying to get me hornier? That may not work out for you, pipsqueak.'",
              "'You may not like what happens if you make me hornier.'",
              "'My cock is gonna rampage all over you if you keep this up.'"
            ]
        },
        {
            "lineTrigger": "HitWith",
            "move": ["Enfeeble", "Sensitize"],
            "theText": [
              "'Oooh, my dick feels all tender.'",
              "'Mmmh, that's the ticket.'",
              "'Oh yeah.'"
            ]
        },
        {
            "lineTrigger": "HitWith",
            "move": "Disarming Appeal",
            "theText": [
              "'Fine, I guess I'll take it easy on you.'",
              "'Trying to woo me? I guess I'll let it work, for now.'",
              "'Alright, I've give you a breather.'"
            ]
        },
        {
            "lineTrigger": "HitWith",
            "move": ["Seduce", "Enamor", "Smoldering Seduction", "Smoldering Flaunt", "Massaging Seduction", "Mass Seduction"],
            "theText": [
              "'Trying to seduce me are ya? Then how about you kiss my balls?'",
              "'You shouldn't seduce me when you're gonna smell like my balls.'",
              "'Here, instead of seducing me how about you kiss my dick.'"
            ]
        },
        {
            "lineTrigger": "UsesMove",
            "move": "Ball Crusher",
            "theText": [
            "'Breathe in the scent of my sweaty balls.'",
            "'C'mon, can't you even lift up my balls off of you?'",
            "'You're like an insect, fighting for your life under my balls.'"
            ]
        },
        {
            "lineTrigger": "UsesMove",
            "move": "Boob Slam",
            "theText": [
            "'Hiyaaa!'",
            "'Take this!'",
            "'Look out below!'"
            ]
        },
        {
            "lineTrigger": "UsesMove",
            "move": "Cock Pressure",
            "theText": [
            "'C'mon, fight back against my cock.'",
            "'Haha, I'm gonna squish you with my cock.'",
            "'Maybe if you kiss my cock I'd take some pressure off you.'"
            ]
        },
        {
            "lineTrigger": "UsesMove",
            "move": "Cock Whip",
            "theText": [
            "'I'll beat you down with my cock.'",
            "'Can you survive my cock beatdown?'",
            "'Teehee, you're so pathetic.'"
            ]
        },
        {
            "lineTrigger": "UsesMove",
            "move": "Jumping Butt Crush",
            "theText": [
            "'Hiyaaa!'",
            "'Take this!'",
            "'Look out below!'"
            ]
        },
        {
            "lineTrigger": "UsesMove",
            "move": "Giant Overlimit",
            "theText": [
            "'Haaaaaaahhhh!'",
            "'I'll go beyond and show you my full power!'",
            "'You can't beat me now.'"
            ]
        },
        {
            "lineTrigger": "UsesMove",
            "move": "Ball Pin",
            "theText": [
            "'Whoops, seems like I've trapped you beneath my cock.'",
            "'Teehee, you're trapped under my cock.'",
            "'I'm gonna force you to lick my cock all over down there.'"
            ]
        },
        {
            "lineTrigger": "UsesMove",
            "move": "Giant Power Up!",
            "theText": [
            "'Haaaaaaahhhh!'",
            "'I'll go beyond and show you my full power!'",
            "'You can't beat me now.'"
            ]
        },
        {
            "lineTrigger": "UsesMove",
            "move": "Precum Drool",
            "theText": [
            "'Watch out or you'll drown in my precum.'",
            "'Mmmh, you feel so good against my cock.'",
            "'Oh no, you're making me drool all over you.'"
            ]
        },
        {
            "lineTrigger": "UsesMove",
            "move": "Toe Pinch",
            "theText": [
            "'Try licking my toes, you'll like it.'",
            "'Be a good little man and kiss my feet for me.'",
            "'Can't you even fight back against my toes?'"
            ]
        },
        {
            "lineTrigger": "LowHealth",
            "move": "",
            "theText": [
            "'H-Huh?! I'm being pressured by you?!?!'"
            ]
        },
        {
            "lineTrigger": "PlayerLowHealth",
            "move": "",
            "theText": [
            "'That's right, surrender yourself to me now.'"
            ]
        },
        {
            "lineTrigger": "OnPlayerOrgasm",
            "move": "Precum Drool",
            "theText": [
            "'Ewwww, did drowning in my precum actually get you off? That's so pathetic!'"
            ]
        },
        {
            "lineTrigger": "OnPlayerOrgasm",
            "move": "",
            "theText": [
            "'I guess that tiny dick of yours can cum! Too bad it's nothing compared to my orgasms.'"
            ]
        },
        {
            "lineTrigger": "OnOrgasm",
            "move": "",
            "theText": [
            "Haruka lets out an earth-shattering cry as her cock unleashes rope after rope of cum into the air, narrowly avoiding hitting you as you watch the tanned giantess exhaust herself."
            ]
        },
        {
            "lineTrigger": "OnSurrender",
            "move": "",
            "theText": [ "'Heh, I knew you'd give in to the power of my cock.'"]
        }
    ],
    "victoryScenes": [
        {
            "NameOfScene": "",
            "move": "",
            "stance": "",
            "includes": [""],
            "theScene": [
            ""
            ],
            "picture": ""
        }
    ],
    "pictures": [
        {
            "Name": "Expression",
            "StartOn": "1",
            "AlwaysOn": "1",
            "IsScene": "0",
            "TheBody": "1",
            "Overlay": "No",
            "setXalign": "0.0",
            "setYalign": "0.20",
            "Images": [
                {
                    "Name": "Base",
                    "File": "../Mods/Diminuendo/Images/Haruka/HarukaBase.png",
                    "setXalign": "0.0",
                    "setYalign": "0.0"
                },
                {
                    "Name": "HarukaHorny",
                    "File": "../Mods/Diminuendo/Images/Haruka/HarukaHorny.png",
                    "setXalign": "0.0",
                    "setYalign": "0.0"
                }
            ]
        }
    ]
}
