{
    "name": "Giantess Beris",
    "IDname": "Giantess Beris",
    "species": "Demonic Beast",
    "gender": "female",
    "description": "A woman of average height with tanned skin, a toned build, and short, wild black hair with striking blue highlights frame her rather handsome face, matching perfectly with her sharp toothy smile's self assured confidence.\n\nTwo large and fluffy black wolf ears perk from the top of her head, the inner fluff is a deep blue. Her eyes are a shining blue amidst her pitch black sclera, and deep blue flames flicker off the sides of her eyes.\n\nHer trim arms lead down to her clawed human-like hands, her nails as pitch black as her hair. Her breasts are a B cup, hidden behind a tight fitting black and blue sports bra which is complimented by the large, long-sleeved dark blue and obsidian colored jacket she's also wearing, unzipped and open, showing off her toned midriff.\nHer hips are adorned in skin tight black spats that do very little to hide her body, and the jacket ends right at her hips. A large fluffy wolf tail sways behind her, sprouting from just above her firm rear.\nHer slim, muscular legs are completely uncovered, and she wears simple socks and strange sporty shoes on her feet.",
    "encyclopedia": "",
    "tags": "none",
    "generic": "False",
    "requires": [""],
    "skillList": [
        "Ocean of Sweat", "Toe-Jamming", "Whirligig", "Stamping Stomp", "Toe Press", "Rubbing to Rubber", "Heel Turn", "Weighty Decision", "Socked", "Gripping Action", "Socked", "Socked", "Socked", "Socked"
    ],
    "perks": [""],
    "stats": { "lvl": "45",
    "Exp": "550",
    "max_hp": "666",
    "max_ep": "250",
    "max_sp": "1",
    "Power": "40",
    "Technique": "55",
    "Intelligence": "10",
    "Allure": "30",
    "Willpower": "30",
    "Luck": "25"
},
"Fetishes": [ ""],
"BodySensitivity": { "Sex": "80",
    "Ass": "80",
    "Breasts": "100",
    "Mouth": "120",
    "Seduction": "65",
    "Magic": "100",
    "Pain": "125",
    "Holy": "125",
    "Unholy": "75"
},
"resistancesStatusEffects": {
    "Stun": "25",
    "Charm": "40",
    "Aphrodisiac": "10",
    "Restraints": "-25",
    "Sleep": "999",
    "Trance": "0",
    "Paralysis": "0",
    "Debuff": "10"
},
"moneyDropped": "1000",
"ItemDropList": [
            {
              "name": "Stylish Jacket",
              "dropChance": "10"
            },
            {
              "name": "Inferno Rune",
              "dropChance": "15"
            }
          ],
    "lossScenes": [
        {
            "NameOfScene": "A new Running Partner",
            "move": "",
            "stance": "",
            "includes": [""],
            "theScene": [
                "You lay under Beris' foot, gasping for air as your last orgasm wipes you of energy and you don't have any strength left to even struggle underneath Beris' foot anymore. Beris notices the lack of your struggles and pulls her foot off of you to see you pathetically gasping for air on your back.",
                "ChangeImageLayer", "Expression", "Giantess Beris", "Frown",
                "Speaks",
                "Jeez, I guess I didn't realize just how badly you needed this training session, [ThePlayerName]. I guess I need a fitting punishment for you failing this session though.",
                "Beris pensively strokes her chin as she ponders what an appropriate punishment for you would be, as she leaves her big toe on your legs to prevent you from running away. A few moments of silence passes before Beris rubs her head in frustration.",
                "Speaks",
                "Arghh! It's hopeless, I can't think of anything right now! I'm just going to bring you back with me to the Labyrinth and see if my sisters have any ideas for what to do with you.",
                "You look up at Beris and try to plead with her to let you go, you're so tired and spent after losing to her feet. Your pleas fall on deaf ears, however, as Beris lifts her foot off you and picks you up just to drop you in her sneakers.",
                "You land flat in her sneakers and groggily try to take in your surroundings as the overwhelming scent and wetness of her shoes bombards your brain, leaving you in a daze as you try to acclimate to the steaming hot environment around you.",
                "Before you can fully acclimate to your surroundings, Beris' foot enters through the mouth of her shoe and blots out any light that was left inside the shoe, and buries you completely under the arch of her foot, with your face square in the center of her sole.",
                "Beris ties her shoes extra tight and spends a minute stretching out her body before beginning the long jog back to the Labyrinth. Beris keeps up a light jog for several minutes as you feel your body be pounded again and again into the faded insole of her shoes, making the sweat inside seep out and splash onto your body with each heavy footfall.",
                "The heat radiating all around you makes your exhaustion worse as you feel the heat constantly try to lull you to sleep in moments of calm whenever Beris takes a break, but the breaks never last for long as Beris speeds back up to her jogging speed and resumes the constant barrage of stepping on you.",
                "As her sweat fully coats every last inch of your body you can't help but start to enjoy the sweaty, salty taste of her socks as they pound down onto your face and force their way into your mouth every now and again, leaving you dizzily intoxicated by Beris' sweat.",
                "ChangeBG", "Caverns.png",
                "Soon, Beris' jog leads her through the Caverns on her way back to the Labyrinth, she has been running for sometime now as she finally comes to a stop. You are lifted inside the shoe as Beris moves her foot all around for a few moments, leaving you dizzy as Beris' foot leaves the shoe, and you suddenly see Beris completely naked hovering over you.",
                "Speaks",
                "Alright pipsqueak, I need to stop for a second so I can clean up in the hot springs near the labyrinth. Iabel complains when I return home too smelly so I'm gonna wash up, and you're coming in the spring with me so you don't escape.",
                "She reaches in and grabs your body, slick with sweat and slowly walks over to the crystal clear waters of the Caverns. She slowly takes one step after the other until her waist is full submerged in the steaming hot waters of this pool and lets out a sigh as she reclines into the water, leaving only her neck and head exposed above the water.",
                "Beris consciously seems to be keeping your head above the water too as she rests, as she constantly cracks an eye open and checks to make sure the small waves in the pool haven't covered your head yet. After a few more checks, Beris brings you to her shoulder and places you onto it to keep you out of the water.",
                "Speaks",
                "I don't think you have the energy to escape from me right now, so just sit tight while I let my muscles relax, okay?",
                "You nod and tell Beris that you'll sit still as the two of you take a moment to enjoy the silence of the caverns, bathed in the magical lights that adorn the cave walls as the gentle heat of the springs warms you through and cleans you of the sweat and grime that still covers your body.",
                "Beris sits still for minutes as the spring cleans her body before she slowly starts to wade out into the middle of the spring. Standing at her full height she can still easily keep her head above the water, but it's enough that you can no longer sit on her shoulder and you have to start treading water.",
                "Beris glances over at you and smirks as her hand comes over and squeezes you tightly, and she brings you in front of her face.",
                "Speaks",
                "Alright, squirt. You did make me really horny during your training, so now I'm going to collect on that here and now.",
                "Beris looks around briefly to make sure that no one is watching her as she lowers you beneath the water. Thanks to the cursemark that allows you to shrink in the first place, you have no need for air and can survive this underwater experience as Beris starts to bring you towards her pussy.",
                "You brace for impact as Beris brings your face to the lips of her pussy, and gently begins to massage you against her clit, sighing and moaning softly as she takes in the sensation of your struggling body against her.",
                "Beris continues to rub your face against her clit for a moment before she straightens out your body to be parallel with her pussy, and begins to rub your whole body against the length of her pussy, rubbing you in circular motions so her massive lips smear and rub against your body.",
                "Beris moans and slowly backs up until she can rest against the sloping floor of the hot spring as she continues to rub you against her pussy. Her motions get faster and faster as you slowly find your body sliding more and more until you slip too far down and on the next pass of Beris' hand your head is pushed directly into her pussy, sending a shock of pleasure through Beris' spine.",
                "Capitalizing on her mistake, Beris grabs your legs firmly and starts to feed you deeper and deeper into her pussy until only your feet remain on the outside, firmly gripped between her fingers. Beris then begins to fuck herself with your body, tugging your body in and out of her depths with a perverse hunger as you feel her moans and shudders reverberate through her body.",
                "You are repeatedly slammed deep into Beris' pussy over and over again, feeling the walls of her pussy pulse and throb in hunger as you pass through them. You can feel the juices of Beris' pussy stick to you, and coat your body entirely as Beris continues to fuck herself using you.",
                "Beris slows down after a minute of this and shoves you completely inside herself, tapping on your feet to ensure that you are fully submerged in her pussy as she begins to softly rub on her clit and use the walls of her pussy to rhythmically tighten around you. The micro movements of Beris' pussy causes your surroundings to massage and clench around you as Beris firmly holds you in place.",
                "With each moan from Beris as she pleases herself you are barraged by the pulsing tightness of her pussy and forced to endure the building pleasure of Beris as her moans become more and more frequent, building to a fever pitch as her contractions around you become more and more frequent.",
                "Finally, Beris cums as her pussy clenches as tight as it can, crushing and mashing you inside of her muscular walls as her juices flow heavily all around you. The pulsing tightness clenches on you again and again as Beris lets out a deep, guttural moan before collapsing against the stony slopes of the hot spring, completely exhausted.",
                "Beris' pussy finally loosens around you as Beris rolls her head back and rests it against the shore of the hot spring, trying to desperately catch her breath. Seeing your moment, you slowly inch your way out of Beris' pussy and swim away as fast as your small body can.",
                "Beris feels this escape attempt and pounces on you immediately, snarling and baring her teeth at you as she dives into the water and catches you with ease. She emerges from the water and shakes you a few times to knock the water off your body before she deposits you into her shoes as she dries herself off.",
                "Speaks",
                    "Of all the lousy crap I put up with for you. We'll see how eager you are to escape once my sisters get a crack at you.",
                "Beris finishes getting dressed again and slides her socked foot back into her shoes, burying you under her sole as she makes her way over to the first floor, and finds her siblings gathered there.",
                "JumpToEventThenScene", "Hellhounds Pet Intro", "Intro"
            ],
            "picture": ""
        }
    ],
    "combatDialogue": [
        {
            "lineTrigger": "StartOfCombat",
            "move": "",
            "theText": [ "|f|CallCombatEventAndScene|/|GBerisCombatEvents|/|FightIntro|n|"]
            },
            {
            "lineTrigger": "EndOfRound",
            "move": "",
            "theText": [ "|f|CallCombatEventAndScene|/|GBerisCombatEvents|/|FeetCheck|n|"]
            },
        {
            "lineTrigger": "HitWith",
            "move": "",
            "theText": [
            ""
            ]
        },
        {
            "lineTrigger": "HitWith",
            "move": "Lick",
            "theText": [
            "'That's right, lick my feet clean.'",
            "'Maybe you'd be better off as someone's slave than an adventurer.'",
            "'Ha, at least that tongue of yours works.'"
            ]
        },
        {
            "lineTrigger": "HitWith",
            "move": ["Arouse", "Arousara", "Arousaga"],
            "theText": [
              "'Magic, huh? I wasn't expecting that to still work at your size.'",
              "'Geez, you can still give me a rush at that size?'",
              "'Tch-! I-I barely felt that.'"
            ]
        },
        {
            "lineTrigger": "HitWith",
            "move": "Electrify",
            "theText": [
              "'Heeiii!♥ I- f-fuck- you! I-I didn't feel that!'",
              "'Ghmmnn-!♥ I-I didn't moan, fuck you!'",
              "'D-Don't you dare do that again!'"
            ]
        },
        {
            "lineTrigger": "HitWith",
            "move": ["Charm", "Charm Wave"],
            "theText": [
              "'{i}Great!{/i} Now I'm {i}really{/i} fucking horny!'",
              "'Oh- You should run.♥'",
              "'D-Don't flirt while I'm training you!'"
            ]
        },
        {
            "lineTrigger": "HitWith",
            "move": ["Lewd Bottle", "Cloying Mist", "Placebo Pheromone"],
            "theText": [
              "'Mmm?♪ That smells pretty good.♥'",
              "'Did you just fucking drug me?!'"
            ]
        },
        {
            "lineTrigger": "HitWith",
            "move": ["Enfeeble", "Sensitize"],
            "theText": [
                "|f|ChangeImageLayer|/|Expression|/|Scowl|n|'Stupid- fucking- magic...'",
                "|f|ChangeImageLayer|/|Expression|/|Flustered|n|'Why the {i}fuck{/i} am I {i}tingly?!{/i}'",
                "|f|ChangeImageLayer|/|Expression|/|Scowl|n|'You're gonna pay for that you bastard.'"
            ]
        },
        {
            "lineTrigger": "HitWith",
            "move": "Disarming Appeal",
            "theText": [
                "|f|ChangeImageLayer|/|Expression|/|Shy|n|'I- uh... fuck have I been overdoing it?'",
                "|f|ChangeImageLayer|/|Expression|/|Shy|n|'Uhhh... shit... don't be... uh... scared?'",
                "|f|ChangeImageLayer|/|Expression|/|Flustered|n|'Wait- Shit- You're not gonna cry, {i}right?!{/i}'"
            ]
        },
        {
            "lineTrigger": "HitWith",
            "move": ["Seduce", "Enamor", "Smoldering Seduction", "Smoldering Flaunt", "Massaging Seduction", "Mass Seduction"],
            "theText": [
              "'Fuck off with that flirty talk.'",
              "'Talk is cheap, asshole.'",
              "'Put your mouth where your money is.'"
            ]
        },
        {
            "lineTrigger": "UsesMove",
            "move": "Ocean of Sweat",
            "theText": [
            "'Try not to drown down there, my socks are still so sweaty.'",
            "'I bet my sweat is getting all in your mouth and making you gag.'",
            "'C'mon, tell me how good my sweaty socks smell!'"
            ]
        },
        {
            "lineTrigger": "UsesMove",
            "move": "Rubbing To Rubber",
            "theText": [
                "'I'm gonna turn you into a stain on the ground!'",
                "'Rub away already!'",
                "'Become a mark on my sock, you little shit!'"
            ]
        },
        {
            "lineTrigger": "UsesMove",
            "move": "Stamping Stomp",
            "theText": [
                "'Fuck you!'",
                "'Get crushed!'",
                "'Die!'"
            ]
        },
        {
            "lineTrigger": "UsesMove",
            "move": "Toe-Jamming",
            "theText": [
                "'Ha! My toes can dominate you so easily!'",
                "'C'mon, you can't even resist my big toe!'",
                "'Just surrender to my feet!'"
            ]
        },
        {
            "lineTrigger": "UsesMove",
            "move": "Whirligig",
            "theText": [
                "'Hiyaaah!'",
                "'Haaah!'",
                "'Die!'"
            ]
        },
        {
            "lineTrigger": "UsesMove",
            "move": "Toe Press",
            "theText": [
                "'Oooh, how do my toes feel when they clamp down around you?'",
                "'Do my toes smell good down there?'",
                "'C'mon, fight back.♥'"
            ]
        },
        {
            "lineTrigger": "UsesMove",
            "move": "Gripping Action",
            "theText": [
                "'I'm gonna hold you so tight.'",
                "'Let's see you escape this!'",
                "'Can you break free from my toes?'"
            ]
        },
        {
            "lineTrigger": "UsesMove",
            "move": "Heel Turn",
            "theText": [
                "'I'm gonna turn you into a stain on my heel.'",
                "'Try not to die under my heel.'",
                "'Does this turn you on down there?'"
            ]
        },
        {
            "lineTrigger": "UsesMove",
            "move": "Socked",
            "theText": [
                "'Alright you little shit, in you go!'",
                "'How about you get a good whiff of my feet right at the source!'",
                "'You'll never escape from here!'"
            ]
        },
        {
            "lineTrigger": "UsesMove",
            "move": "Weighty Decision",
            "theText": [
                "'Let me know when your bones start hurting and I'll move!'",
                "'Hope you don't mind the pressure!'",
                "'Let's feel you writhe beneath me!'"
            ]
        },
        {
            "lineTrigger": "LowHealth",
            "move": "",
            "theText": [
            "'W-What?! How can a shrimp like you be doing this?!'"
            ]
        },
        {
            "lineTrigger": "PlayerLowHealth",
            "move": "",
            "theText": [
            "'Hehe, guess you really can't resist my feet.'",
            "'I knew my feet would be able to overpower you, but this is just pathetic.'"
            ]
        },
        {
            "lineTrigger": "OnPlayerOrgasm",
            "move": "",
            "theText": [
            "You shudder and orgasm as Beris' sock-clad feet batter and dominate your tiny form. The amount of cum you put out is so embarrassingly small Beris does not even register it against her foot."
            ]
        },
        {
            "lineTrigger": "OnOrgasm",
            "move": "",
            "theText": [
            "'W-What is going on?! Shit!'"
            ]
        },
        {
            "lineTrigger": "OnSurrender",
            "move": "",
            "theText": [ "'Tch, you can't even pretend to be involved with the training? How lazy can you be?'"]
        }
    ],
    "victoryScenes": [
        {
            "NameOfScene": "",
            "move": "",
            "stance": "",
            "includes": [""],
            "theScene": [
            ""
            ],
            "picture": ""
        }
    ],
    "pictures": [
        {
            "Name": "Base",
            "StartOn": "1",
            "AlwaysOn": "1",
            "IsScene": "0",
            "TheBody": "1",
            "Overlay": "No",
            "setXalign": "0.0",
            "setYalign": "0.18",
            "Images": [
              {
                  "Name": "Body",
                  "File": "Monsters/Beris/Body_Beris.png",
                  "setXalign": "0.0",
                  "setYalign": "0.0"
              }
          ]
        },
        {
            "Name": "Collar",
            "StartOn": "0",
            "AlwaysOn": "0",
            "IsScene": "0",
            "TheBody": "0",
            "Overlay": "No",
            "setXalign": "0.0",
            "setYalign": "0.0",
            "Images": [
              {
                  "Name": "Collar",
                  "File": "Monsters/Beris/Extra_Beris_Collar.png",
                  "setXalign": "0.0",
                  "setYalign": "0.0"
              }
          ]
        },
        {
            "Name": "Clothing",
            "StartOn": "1",
            "AlwaysOn": "0",
            "IsScene": "0",
            "TheBody": "0",
            "Overlay": "No",
            "setXalign": "0.0",
            "setYalign": "0.0",
            "Images": [
              {
                  "Name": "Clothed",
                  "File": "Monsters/Beris/Clothing_Beris.png",
                  "setXalign": "0.0",
                  "setYalign": "0.0"
              },
              {
                  "Name": "Bondage",
                  "File": "Monsters/Beris/Clothing_Beris_Bondage.png",
                  "setXalign": "0.0",
                  "setYalign": "0.0"
              }
          ]
        },
        {
            "Name": "Face",
            "StartOn": "1",
            "AlwaysOn": "1",
            "IsScene": "0",
            "TheBody": "0",
            "Overlay": "No",
            "setXalign": "0.0",
            "setYalign": "0.0",
            "Images": [
              {
                  "Name": "Base",
                  "File": "Monsters/Beris/Face_Beris_Base.png",
                  "setXalign": "0.0",
                  "setYalign": "0.0"
              },
              {
                  "Name": "Blush",
                  "File": "Monsters/Beris/Face_Beris_Blush.png",
                  "setXalign": "0.0",
                  "setYalign": "0.0"
              },
              {
                  "Name": "BlushLight",
                  "File": "Monsters/Beris/Face_Beris_BlushLight.png",
                  "setXalign": "0.0",
                  "setYalign": "0.0"
              },
              {
                  "Name": "BlushHeavy",
                  "File": "Monsters/Beris/Face_Beris_BlushHeavy.png",
                  "setXalign": "0.0",
                  "setYalign": "0.0"
              }
          ]
        },
        {
            "Name": "Expression",
            "StartOn": "1",
            "AlwaysOn": "1",
            "IsScene": "0",
            "TheBody": "0",
            "Overlay": "No",
            "setXalign": "0.0",
            "setYalign": "0.0",
            "Images": [
              {
                  "Name": "Frown",
                  "File": "Monsters/Beris/Expression_Beris_Frown.png",
                  "setXalign": "0.0",
                  "setYalign": "0.0"
              },

              {
                  "Name": "FrownAngry",
                  "File": "Monsters/Beris/Expression_Beris_FrownAngry.png",
                  "setXalign": "0.0",
                  "setYalign": "0.0"
              },
              {
                  "Name": "Flustered",
                  "File": "Monsters/Beris/Expression_Beris_Flustered.png",
                  "setXalign": "0.0",
                  "setYalign": "0.0"
              },
              {
                  "Name": "Shy",
                  "File": "Monsters/Beris/Expression_Beris_Shy.png",
                  "setXalign": "0.0",
                  "setYalign": "0.0"
              },
              {
                  "Name": "Frustrated",
                  "File": "Monsters/Beris/Expression_Beris_Frustrated.png",
                  "setXalign": "0.0",
                  "setYalign": "0.0"
              },
              {
                  "Name": "Grin",
                  "File": "Monsters/Beris/Expression_Beris_Grin.png",
                  "setXalign": "0.0",
                  "setYalign": "0.0"
              },
              {
                  "Name": "GrinCocky",
                  "File": "Monsters/Beris/Expression_Beris_GrinCocky.png",
                  "setXalign": "0.0",
                  "setYalign": "0.0"
              },
              {
                  "Name": "GrinSmirk",
                  "File": "Monsters/Beris/Expression_Beris_GrinSmirk.png",
                  "setXalign": "0.0",
                  "setYalign": "0.0"
              },
              {
                  "Name": "Happy",
                  "File": "Monsters/Beris/Expression_Beris_Happy.png",
                  "setXalign": "0.0",
                  "setYalign": "0.0"
              },
              {
                  "Name": "HappyToothy",
                  "File": "Monsters/Beris/Expression_Beris_HappyToothy.png",
                  "setXalign": "0.0",
                  "setYalign": "0.0"
              },
              {
                  "Name": "Horny",
                  "File": "Monsters/Beris/Expression_Beris_Horny.png",
                  "setXalign": "0.0",
                  "setYalign": "0.0"
              },
              {
                  "Name": "HornyBiteLip",
                  "File": "Monsters/Beris/Expression_Beris_HornyBiteLip.png",
                  "setXalign": "0.0",
                  "setYalign": "0.0"
              },
              {
                  "Name": "Predatory",
                  "File": "Monsters/Beris/Expression_Beris_Predatory.png",
                  "setXalign": "0.0",
                  "setYalign": "0.0"
              },
              {
                  "Name": "PredatoryExcited",
                  "File": "Monsters/Beris/Expression_Beris_PredatoryExcited.png",
                  "setXalign": "0.0",
                  "setYalign": "0.0"
              },
              {
                  "Name": "ResistPleasure",
                  "File": "Monsters/Beris/Expression_Beris_ResistPleasure.png",
                  "setXalign": "0.0",
                  "setYalign": "0.0"
              },
              {
                  "Name": "ResistPleasureGrit",
                  "File": "Monsters/Beris/Expression_Beris_ResistPleasureGrit.png",
                  "setXalign": "0.0",
                  "setYalign": "0.0"
              },
              {
                  "Name": "Scowl",
                  "File": "Monsters/Beris/Expression_Beris_Scowl.png",
                  "setXalign": "0.0",
                  "setYalign": "0.0"
              },
              {
                  "Name": "Smug",
                  "File": "Monsters/Beris/Expression_Beris_Smug.png",
                  "setXalign": "0.0",
                  "setYalign": "0.0"
              },
              {
                  "Name": "Smugger",
                  "File": "Monsters/Beris/Expression_Beris_Smugger.png",
                  "setXalign": "0.0",
                  "setYalign": "0.0"
              },
              {
                  "Name": "Sneer",
                  "File": "Monsters/Beris/Expression_Beris_Sneer.png",
                  "setXalign": "0.0",
                  "setYalign": "0.0"
              },
              {
                  "Name": "Surprise",
                  "File": "Monsters/Beris/Expression_Beris_Surprise.png",
                  "setXalign": "0.0",
                  "setYalign": "0.0"
              },
              {
                  "Name": "Tch",
                  "File": "Monsters/Beris/Expression_Beris_Tch.png",
                  "setXalign": "0.0",
                  "setYalign": "0.0"
              },
              {
                  "Name": "TchAtYou",
                  "File": "Monsters/Beris/Expression_Beris_Tch.png",
                  "setXalign": "0.0",
                  "setYalign": "0.0"
              },
              {
                  "Name": "Adoration",
                  "File": "Monsters/Beris/Expression_Beris_Adoration.png",
                  "setXalign": "0.0",
                  "setYalign": "0.0"
              },
              {
                  "Name": "Bliss",
                  "File": "Monsters/Beris/Expression_Beris_Bliss.png",
                  "setXalign": "0.0",
                  "setYalign": "0.0"
              },
              {
                  "Name": "Orgasm",
                  "File": "Monsters/Beris/Expression_Beris_Orgasm.png",
                  "setXalign": "0.0",
                  "setYalign": "0.0"
              },
              {
                  "Name": "GrinStrained",
                  "File": "Monsters/Beris/Expression_Beris_GrinStrained.png",
                  "setXalign": "0.0",
                  "setYalign": "0.0"
              }
          ]
        },
        {
            "Name": "Flames",
            "StartOn": "1",
            "AlwaysOn": "1",
            "IsScene": "0",
            "TheBody": "0",
            "Overlay": "No",
            "setXalign": "0.0",
            "setYalign": "0.0",
            "Images": [
              {
                  "Name": "Flames",
                  "File": "Monsters/Beris/Extra_Beris_Flames.png",
                  "setXalign": "0.0",
                  "setYalign": "0.0"
              }
            ]
        }
    ]
}
