{
    "name": "Giant Feng",
    "IDname": "Giant Feng",
    "species": "Undead",
    "gender": "female",
    "description": "A woman with pale grey skin and wild silver hair. A small, quite cute hat with a pompom is nestled on the top of her head between her two fluffy wolf ears, but any levity it might bring to her face is overshadowed by her unnervingly pale red eyes and her somewhat menacing toothy grin that reveals a set of dainty, but incredibly dangerous looking fangs.\n\nA red bordered talisman is stuck to the front of her hat and droops over her forehead with several characters written in a language you don't recognize on it.\n\nHer clothing is exotic, consisting of red and gold skin tight silken robes around her B cup breasts, loose and baggy sleeves that show off her slender arms and long, sharp, purple tinted fingernails, and completely bare around her waist, showing off her curvy hips.\n\nA bushy silver wolf's tail pokes out from just above her firm rear, and her long legs are covered with black stockings that clearly emphasize her incredibly muscular and attractive thighs, ending just before her feet which are wearing a pair of red, slipper-like shoes.",
    "encyclopedia": "",
    "tags": "none",
    "generic": "False",
    "requires": [""],
    "skillList": [
        "Toe Press", "Sweat Stench", "Toe Press", "Sweat Stench", "Toe Press", "Sweat Stench", "Sole Grind", "Stomp", "Stocking Burn", "Heel Grind"
    ],
    "perks": [""],
    "stats": { "lvl": "30",
              "Exp": "250",
              "max_hp": "600",
              "max_ep": "100",
              "max_sp": "1",
              "Power": "35",
              "Technique": "40",
              "Intelligence": "20",
              "Allure": "35",
              "Willpower": "20",
              "Luck": "30"
    },
    "Fetishes": [""],
    "BodySensitivity": {
        "Sex": "100",
        "Ass": "100",
        "Breasts": "100",
        "Mouth": "100",
        "Seduction": "90",
        "Magic": "90",
        "Pain": "100",
        "Holy": "100",
        "Unholy": "100"
    },
    "resistancesStatusEffects": {
        "Stun": "100",
        "Charm": "50",
        "Aphrodisiac": "100",
        "Restraints": "100",
        "Sleep": "100",
        "Trance": "100",
        "Paralysis": "100",
        "Debuff": "50"
    },
    "moneyDropped": "600",
    "ItemDropList": [
                      {
                        "name": "White Wolf Jiangshi Fur",
                        "dropChance": "75"
                      },
                      {
                        "name": "White Wolf Jiangshi Fur",
                        "dropChance": "50"
                      },
                      {
                        "name": "White Wolf Jiangshi Fur",
                        "dropChance": "25"
                      },
                      {
                        "name": "Indomitable Rune",
                        "dropChance": "20"
                      },
                      {
                        "name": "Wild Rune",
                        "dropChance": "10"
                      }
                    ],
    "lossScenes": [
        {
            "NameOfScene": "Feng makes you massage her feet.",
            "move": "",
            "stance": "",
            "includes": [""],
            "theScene": [
              "You let out a muffled moan into Feng's socked foot as you release the last of your energy into her stocking.",
              "Feng feels your struggles weaken and starts to laugh at you.",
              "Speaks",
              "Ahahaha, I guess no matter what size you are, you can't last against my feet.♥",
              "Her feet shift a little bit as she scrunches her toes around your head, holding you in place as she slowly removes the stocking from her other foot.",
              "Using both her hands to hold open the mouth of the stocking, she dangles her foot over the gaping chasm and releases her toes. You begin to free fall before you bump into one of the fabric walls of the stocking and tumble the rest of the way down to the toe section of Feng's sock.",
              "You try to recover from the fall and stand up. However, the suspended stocking does not provide excellent standing ground and you fall over before you make it to your feet. In your struggles, you start to notice the smell and humidity of your surroundings starting to creep into your sense.",
              "You cough as the overwhelming sweaty scent of Feng invades your brain, but that is interrupted by your fabric prison shaking as the opening is blocked off by a massive white foot.",
              "You have no where to run or hide as the giant foot of Feng descends, and as her leg takes up the opening to the stocking the smell becomes more severely trapped inside the fabric prison.",
              "Feng's foot reaches the bottom of the stocking, and you find yourself pressed under her foot with her big and second toe at the sides of your head. The scent of her foot washes over you, and intensifies as Feng pulls the stocking tight, forcing you to press against her foot more deeply.",
              "Speaks",
              "Well, it certainly feels a little weird having you in there, but I think you'll make a great foot cushion.♥",
              "Speaks",
              "Be nice to my feet in there, and I may make the experience more tolerable for you.♥",
              "Feng laughs as she grabs her shoes and puts them on. Her foot weighs down on you heavily as she stands up",
              "She stands still for a moment, getting used to how her shoe feels with your body underneath her foot. She wiggles her toes and bounces weight onto the foot with you underneath it a few times to test you out.",
              "Inside her shoe the smell is overbearing as it digs into your brain. The heat and humidity from her feet bounce around in the sock, intensifying as it blends with the scent already coming off the sock.",
              "As you try to push aside the smell beating down on you, Feng separates her big and second toe, before squeezing the sides of your head with them as she shifts her foot around in her shoe.",
              "Speaks",
              "Hmmmm, not a lot of action from you down there. You better shape up by the time we get back to my room.",
              "She starts walking, with each step forcing the air from your lungs, making you breathe in her damp, sweaty scent when you get the chance to breathe again.",
              "Your mind swirls from the experience, and as all you can do is endure the pressing sensation of her foot and the damp, intoxicating scent of her foot your mind wanders to the toes next to you.",
              "Every step Feng takes towards her room is rather uncomfortable for you, but it gets worse as her shoe comes loose and slides off her foot momentarily after she snags her shoe on an uneven floor board. As she goes to pick her shoe up with her foot, the sock sags slightly as you shift to underneath her big toe.",
              "Feng doesn't notice as her foot slides back into the shoe, pressing down onto your face with her big toe as she does so.",
              "Her eyes light up as she feels you, and she hums to herself with satisfaction.",
              "Speaks",
              "Oh? Is someone learning how wonderful my feet are? Make sure you give them a little kiss before we get to my room.",
              "She starts moving again, her toe smearing all over your face as it presses down onto you with each step. Your mouth opens occasionally as the air is forced from you, forcing you to taste the salty sweat from her toes along the way.",
              "Eventually, Feng makes it to her room and kicks her shoes off into a messy pile near her door. Her feet now stand on the floor, which feels a bit worse for you against as the insole of Feng's shoe at least provided some comfort for your back.",
              "Feng takes a few more steps to reach her bed and sits down, pulling the foot containing you up to her face as she looks at your tired form bulge out through her stocking.",
              "Speaks",
              "Teehee, nice to see you kept your shape after all that walking. Now it's time to treat myself.♥",
              "She peels the stocking off her leg, but as she looks at the stocking to try and find you, but laughs when she finds that the sweat has caused you to stick to her foot, with your face plastered to her big toe.",
              "Speaks",
              "Guess you're really into my feet, huh?",
              "Feng peels you off her foot and dangles you in front of her face. She stares at you with a happy, but hungry look on her face",
              "Speaks",
              "Hmmmm, I know you spent a lot of time with my feet, but now I think you should really worship them.",
              "You try to resist as she puts you on the bed, but she merely stomps you into the soft mattress with her bare foot.",
              "Speaks",
              "You don't really get a choice in this, unless you want to be in my sock again.",
              "With no choice you start to rub her feet, but she raises her big toe and rubs it in your face again.",
              "Speaks",
              "No! That's not worship, that's a massage. Work you tongue on my feet or I'll put you back in that sock.",
              "She lifts her toe off your face, but keeps it close enough that you can reach your head forward to kiss it.",
              "Having no other way out of this situation, you strain yourself to reach your neck forward and purse your lips as you plant them against the overbearing toe.",
              "As you kiss Fen'g big toe, the salty taste of her skin fills your mouth. You pull back for a second, before planting another kiss against her toe.",
              "The sensation of kissing her toe stirs a feeling in you, and you can't help yourself as you open your mouth and run your tongue across the smooth skin of Feng's toe.",
              "She giggles at the feeling of your tongue and pulls her foot off of you and hovers her face over your tired and exhausted body.",
              "Speaks",
              "It took you long enough to get into it! Y'know, I had so much fun with you on the walk over I think I'm good to call it even now. I'll leave you in here to regrow and go home, but let's play again when we see each other again.♥",
              "Feng leaves you on her bed as she stands up and heads into the next room and starts drawing a bath for herself.",
              "You catch your breath as the scent of Feng starts to vanish from your nose and you feel a tingling sensation course through your body as you slowly expand and take up the bed, returning to your original size.",
              "Restored to normal your body is hit with an immense amount of exhaustion, and you quickly black out as your recall stone zips you back to town...",
              "ChangeFetish", "Feet", "10",
              "GameOver"
            ],
            "picture": ""
        }
    ],
    "combatDialogue": [
        {
            "lineTrigger": "HitWith",
            "move": "",
            "theText": [
            ""
            ]
        },
        {
        "lineTrigger": "StartOfCombat",
        "move": "",
        "theText": [ "|f|CallCombatEventAndScene|/|GiantFengCombatEvents|/|FightIntro|n|"]
        },
        {
        "lineTrigger": "EndOfRound",
        "move": "",
        "theText": [ "|f|CallCombatEventAndScene|/|GiantFengCombatEvents|/|FeetCheck|n|"]
        },
        {
            "lineTrigger": "HitWith",
            "move": ["Arouse", "Arousara", "Arousaga"],
            "theText": [
              "|f|ChangeImageLayer|/|Expression|/|Smile|n|'Mmmm,♥ Hehe, that all?'",
              "|f|ChangeImageLayer|/|Expression|/|Base|n|'Come on, lets get nice and close.♥'",
              "|f|ChangeImageLayer|/|Expression|/|Base|n|'You're really getting me fired up.♥'"
            ]
        },
        {
            "lineTrigger": "HitWith",
            "move": "Electrify",
            "theText": [
              "|f|ChangeImageLayer|/|Expression|/|Base|n|'EEEEK?! Hehe,♪ I actually felt that.'",
              "|f|ChangeImageLayer|/|Expression|/|SmugSeductivel|n|'Just don't blame me if my feet twitch and crush you!'",
              "|f|ChangeImageLayer|/|Expression|/|PleasureStruck|n|Her body twitches sporadically against her will."
            ]
        },
        {
            "lineTrigger": "HitWith",
            "move": ["Charm", "Charm Wave"],
            "theText": [
              "|f|ChangeImageLayer|/|Expression|/|Annoyed|n|'As if that would work against me!'"
            ]
        },
        {
            "lineTrigger": "HitWith",
            "move": ["Lewd Bottle", "Cloying Mist", "Placebo Pheromone"],
            "theText": [
              "|f|ChangeImageLayer|/|Expression|/|Annoyed|n|'I don't think that will work against me feet.'"
            ]
        },
        {
            "lineTrigger": "HitWith",
            "move": ["Enfeeble", "Sensitize"],
            "theText": [
              "|f|ChangeImageLayer|/|Expression|/|Annoyed|n|'S-Seriously?'",
              "|f|ChangeImageLayer|/|Expression|/|Base|n|'This isn't going to slow me down.'",
              "|f|ChangeImageLayer|/|Expression|/|Base|n|'I'm not going to back down.♥'"
            ]
        },
        {
            "lineTrigger": "HitWith",
            "move": "Disarming Appeal",
            "theText": [
              "|f|ChangeImageLayer|/|Expression|/|Smile|n|'Hehehe, seriously? This is too much for you?",
              "|f|ChangeImageLayer|/|Expression|/|Shy|n|'Maybe I'll be a {i}bit{/i} gentler.'",
              "|f|ChangeImageLayer|/|Expression|/|Shy|n|'Don't be scared I won't crush you... Probably. Maybe."
            ]
        },
        {
            "lineTrigger": "HitWith",
            "move": ["Seduce", "Enamor", "Smoldering Seduction", "Smoldering Flaunt", "Massaging Seduction", "Mass Seduction"],
            "theText": [
              "|f|ChangeImageLayer|/|Expression|/|Loving|n|'If you keep saying stuff like that I won't be able to hold myself back any longer...'",
              "|f|ChangeImageLayer|/|Expression|/|Shy|n||f|ChangeImageLayer|/|Ears|/|Droop|n|She shyly flushes at your words, and her wolf ears flatten in embarrassment as she turns her face away from you.|f|ChangeImageLayer|/|Ears|/|Base|n|",
              "|f|ChangeImageLayer|/|Expression|/|Shy|n|'You're such a tease...'"
            ]
        },
        {
            "lineTrigger": "HitWith",
            "move": "Lick",
            "theText": [
            "|f|ChangeImageLayer|/|Expression|/|PleasureStruck|n|'A-Are you licking my toes?!'",
            "|f|ChangeImageLayer|/|Expression|/|Loving|n|'Looks like someone knows their place.♥'",
            "|f|ChangeImageLayer|/|Expression|/|Horny|n|'That's right, worship my feet you little toy.♥'"
            ]
        },
        {
            "lineTrigger": "UsesMove",
            "move": "Heel Grind",
            "theText": [
              "|f|ChangeImageLayer|/|Expression|/|HappyOpenMouth|n|'My feet are quite nimble.♪'",
              "|f|ChangeImageLayer|/|Expression|/|Smug|n|'Don't feel too bad if you lose like this, you might even come to really like it.♪'",
              "|f|ChangeImageLayer|/|Expression|/|Smug|n|'Wouldn't it be just a little bit humiliating if you came like this?'",
              "|f|ChangeImageLayer|/|Expression|/|Smug|n|'Come on, break free already.♪'"
            ]
        },
        {
            "lineTrigger": "UsesMove",
            "move": "Sole Grind",
            "theText": [
              "|f|ChangeImageLayer|/|Expression|/|HappyOpenMouth|n|'My feet are quite nimble.♪'",
              "|f|ChangeImageLayer|/|Expression|/|Smug|n|'Don't feel too bad if you lose like this, you might even come to really like it.♪'",
              "|f|ChangeImageLayer|/|Expression|/|Smug|n|'Wouldn't it be just a little bit humiliating if you came like this?'",
              "|f|ChangeImageLayer|/|Expression|/|Smug|n|'Come on, break free already.♪'"
            ]
        },
        {
            "lineTrigger": "UsesMove",
            "move": "Stocking Burn",
            "theText": [
              "|f|ChangeImageLayer|/|Expression|/|WildGrin|n|'Come on!♥ Come on!♥'",
              "|f|ChangeImageLayer|/|Expression|/|WildGrin|n|'Hey! Keep up!♪'",
              "|f|ChangeImageLayer|/|Expression|/|WildGrin|n|'Am I being too rough?♪'"
            ]
        },
        {
            "lineTrigger": "UsesMove",
            "move": "Stomp",
            "theText": [
              "|f|ChangeImageLayer|/|Expression|/|WildGrin|n|'You're not getting away now.♪'",
              "|f|ChangeImageLayer|/|Expression|/|Loving|n|'You're {i}allll{/i} mine.♪'",
              "|f|ChangeImageLayer|/|Expression|/|Loving|n|'I'll break you until you only think of my feet.♥'"
            ]
        },
        {
            "lineTrigger": "UsesMove",
            "move": "Sweat Stench",
            "theText": [
              "|f|ChangeImageLayer|/|Expression|/|Smug|n|Your nose is overwhelmed with her wild, sweaty, feminine scent.",
              "|f|ChangeImageLayer|/|Expression|/|Loving|n|'If you don't escape my feet soon you'll become addicted to them.♥'",
              "|f|ChangeImageLayer|/|Expression|/|Loving|n|'I'll break you until you only think of my feet.♥'"
            ]
        },
        {
            "lineTrigger": "UsesMove",
            "move": "Toe Press",
            "theText": [
              "|f|ChangeImageLayer|/|Expression|/|HappyOpenMouth|n|'My feet are quite nimble.♪'",
              "|f|ChangeImageLayer|/|Expression|/|Smug|n|'Don't feel too bad if you lose like this, you might even come to really like it.♪'",
              "|f|ChangeImageLayer|/|Expression|/|Smug|n|'Wouldn't it be just a little bit humiliating if you came like this?'",
              "|f|ChangeImageLayer|/|Expression|/|Smug|n|'Come on, break free already.♪'"
            ]
        },
        {
            "lineTrigger": "LowHealth",
            "move": "",
            "theText": [
            "|f|ChangeImageLayer|/|Expression|/|Horny|n|'H-How are you winning through my feet? This should be impossible!'"
            ]
        },
        {
            "lineTrigger": "PlayerLowHealth",
            "move": "",
            "theText": [
            "|f|ChangeImageLayer|/|Expression|/|Smug|n|'Heh... I can smell it...♥ You're getting close...♪'",
            "|f|ChangeImageLayer|/|Expression|/|Smug|n|'Hehehe... You're gonna lose to my feet sooner or later.♪'"
            ]
        },
        {
            "lineTrigger": "OnPlayerOrgasm",
            "move": "",
            "theText": [
            "|f|ChangeImageLayer|/|Expression|/|Smug|n|Feng's feet dominate you as her scent and the stimulation of being rubbed constantly floods your brain, forcing a spurt of cum to fly out onto the black stockings of the wild wolf woman."
            ]
        },
        {
            "lineTrigger": "OnOrgasm",
            "move": "",
            "theText": [
            "|f|ChangeImageLayer|/|Expression|/|Orgasm|n|'EEEK?!♥♥ Y-YOU WIN!♥ I-I'M- CUMMINGGGG!!!♥♥♥'"
            ]
        },
        {
            "lineTrigger": "OnSurrender",
            "move": "",
            "theText": [ "|f|ChangeImageLayer|/|Expression|/|SmileEyeClosed|n|'You know you're supposed to {i}try{/i} to win right? Ah well, this will be fun anyways.♪'"]
        }
    ],
    "victoryScenes": [
        {
            "NameOfScene": "",
            "move": "",
            "stance": "",
            "includes": [""],
            "theScene": [
            ""
            ],
            "picture": ""
        }
    ],
    "pictures": [
                  {
                      "Name": "Tail",
                      "StartOn": "1",
                      "AlwaysOn": "1",
                      "IsScene": "0",
                      "TheBody": "0",
                      "Overlay": "No",
                      "setXalign": "0.0",
                      "setYalign": "0.0",
                      "Images": [

                        {
                            "Name": "Base",
                            "File": "Monsters/Feng/tail_Feng_Limber.png",
                            "setXalign": "0.0",
                            "setYalign": "0.0"
                        },
                        {
                            "Name": "Droop",
                            "File": "Monsters/Feng/tail_Feng_Droop.png",
                            "setXalign": "0.0",
                            "setYalign": "0.0"
                        },
                        {
                            "Name": "Wag",
                            "File": "Monsters/Feng/tail_Feng_Wag.png",
                            "setXalign": "0.0",
                            "setYalign": "0.0"
                        }
                    ]
                  },
                  {
                      "Name": "BackEar",
                      "StartOn": "1",
                      "AlwaysOn": "1",
                      "IsScene": "0",
                      "TheBody": "0",
                      "Overlay": "Ears",
                      "setXalign": "0.0",
                      "setYalign": "0.0",
                      "Images": [
                        {
                            "Name": "Base",
                            "File": "Monsters/Feng/ear_Feng_BackPerk.png",
                            "setXalign": "0.0",
                            "setYalign": "0.0"
                        },
                        {
                            "Name": "Droop",
                            "File": "Monsters/Feng/ear_Feng_BackDroop.png",
                            "setXalign": "0.0",
                            "setYalign": "0.0"
                        }
                    ]
                  },
                  {
                      "Name": "Body",
                      "StartOn": "1",
                      "AlwaysOn": "1",
                      "IsScene": "0",
                      "TheBody": "1",
                      "Overlay": "No",
                      "setXalign": "0.0",
                      "setYalign": "0.135",
                      "Images": [
                        {
                            "Name": "Clothed",
                            "File": "Monsters/Feng/body_Feng_ActiveClothed.png",
                            "setXalign": "0.0",
                            "setYalign": "0.0"
                        },
                        {
                            "Name": "Nude",
                            "File": "Monsters/Feng/body_Feng_NudeActive.png",
                            "setXalign": "0.0",
                            "setYalign": "0.0"
                        },
                        {
                            "Name": "StiffClothed",
                            "File": "Monsters/Feng/body_Feng_ClothedStiff.png",
                            "setXalign": "0.0",
                            "setYalign": "0.0"
                        },
                        {
                            "Name": "StiffNude",
                            "File": "Monsters/Feng/body_Feng_NudeStiff.png",
                            "setXalign": "0.0",
                            "setYalign": "0.0"
                        }
                    ]
                  },
                  {
                      "Name": "Face",
                      "StartOn": "1",
                      "AlwaysOn": "1",
                      "IsScene": "0",
                      "TheBody": "0",
                      "Overlay": "No",
                      "setXalign": "0.0",
                      "setYalign": "0.0",
                      "Images": [
                        {
                            "Name": "Base",
                            "File": "Monsters/Feng/face_Feng_Base.png",
                            "setXalign": "0.0",
                            "setYalign": "0.0"
                        },
                        {
                            "Name": "Blush",
                            "File": "Monsters/Feng/face_Feng_Blush.png",
                            "setXalign": "0.0",
                            "setYalign": "0.0"
                        }
                    ]
                  },
                  {
                      "Name": "Ears",
                      "StartOn": "1",
                      "AlwaysOn": "1",
                      "IsScene": "0",
                      "TheBody": "0",
                      "Overlay": "No",
                      "setXalign": "0.0",
                      "setYalign": "0.0",
                      "Images": [
                        {
                            "Name": "Base",
                            "File": "Monsters/Feng/ear_Feng_FrontPerk.png",
                            "setXalign": "0.0",
                            "setYalign": "0.0"
                        },
                        {
                            "Name": "Droop",
                            "File": "Monsters/Feng/ear_Feng_FrontDroop.png",
                            "setXalign": "0.0",
                            "setYalign": "0.0"
                        }
                    ]
                  },
                  {
                      "Name": "Expression",
                      "StartOn": "1",
                      "AlwaysOn": "1",
                      "IsScene": "0",
                      "TheBody": "0",
                      "Overlay": "No",
                      "setXalign": "0.0",
                      "setYalign": "0.0",
                      "Images": [
                        {
                            "Name": "Base",
                            "File": "Monsters/Feng/expression_Feng_Base.png",
                            "setXalign": "0.0",
                            "setYalign": "0.0"
                        },
                        {
                            "Name": "StiffBase",
                            "File": "Monsters/Feng/expression_Feng_StiffBase.png",
                            "setXalign": "0.0",
                            "setYalign": "0.0"
                        },
                        {
                            "Name": "Annoyed",
                            "File": "Monsters/Feng/expression_Feng_Annoyed.png",
                            "setXalign": "0.0",
                            "setYalign": "0.0"
                        },
                        {
                            "Name": "Awoo",
                            "File": "Monsters/Feng/expression_Feng_Awoo.png",
                            "setXalign": "0.0",
                            "setYalign": "0.0"
                        },
                        {
                            "Name": "Growl",
                            "File": "Monsters/Feng/expression_Feng_Growling.png",
                            "setXalign": "0.0",
                            "setYalign": "0.0"
                        },
                        {
                            "Name": "HappyOpenMouth",
                            "File": "Monsters/Feng/expression_Feng_HappyOpen.png",
                            "setXalign": "0.0",
                            "setYalign": "0.0"
                        },
                        {
                            "Name": "Horny",
                            "File": "Monsters/Feng/expression_Feng_Horny.png",
                            "setXalign": "0.0",
                            "setYalign": "0.0"
                        },
                        {
                            "Name": "Loving",
                            "File": "Monsters/Feng/expression_Feng_Loving.png",
                            "setXalign": "0.0",
                            "setYalign": "0.0"
                        },
                        {
                            "Name": "Orgasm",
                            "File": "Monsters/Feng/expression_Feng_Orgasm.png",
                            "setXalign": "0.0",
                            "setYalign": "0.0"
                        },
                        {
                            "Name": "Panic",
                            "File": "Monsters/Feng/expression_Feng_Panic.png",
                            "setXalign": "0.0",
                            "setYalign": "0.0"
                        },
                        {
                            "Name": "PanicBlush",
                            "File": "Monsters/Feng/expression_Feng_PanicBlush.png",
                            "setXalign": "0.0",
                            "setYalign": "0.0"
                        },
                        {
                            "Name": "Pleasured",
                            "File": "Monsters/Feng/expression_Feng_Pleasured.png",
                            "setXalign": "0.0",
                            "setYalign": "0.0"
                        },
                        {
                            "Name": "PleasureStruck",
                            "File": "Monsters/Feng/expression_Feng_PleasureStruck.png",
                            "setXalign": "0.0",
                            "setYalign": "0.0"
                        },
                        {
                            "Name": "Shy",
                            "File": "Monsters/Feng/expression_Feng_Shy.png",
                            "setXalign": "0.0",
                            "setYalign": "0.0"
                        },
                        {
                            "Name": "Sleepy",
                            "File": "Monsters/Feng/expression_Feng_Sleepy.png",
                            "setXalign": "0.0",
                            "setYalign": "0.0"
                        },
                        {
                            "Name": "Smile",
                            "File": "Monsters/Feng/expression_Feng_Smile.png",
                            "setXalign": "0.0",
                            "setYalign": "0.0"
                        },
                        {
                            "Name": "SmileEyeClosed",
                            "File": "Monsters/Feng/expression_Feng_SmileEyeClosed.png",
                            "setXalign": "0.0",
                            "setYalign": "0.0"
                        },
                        {
                            "Name": "Smug",
                            "File": "Monsters/Feng/expression_Feng_SmugSeductive.png",
                            "setXalign": "0.0",
                            "setYalign": "0.0"
                        },
                        {
                            "Name": "StiffAngry",
                            "File": "Monsters/Feng/expression_Feng_StiffAngry.png",
                            "setXalign": "0.0",
                            "setYalign": "0.0"
                        },
                        {
                            "Name": "StiffPleasured",
                            "File": "Monsters/Feng/expression_Feng_StiffGasp.png",
                            "setXalign": "0.0",
                            "setYalign": "0.0"
                        },
                        {
                            "Name": "StiffHappy",
                            "File": "Monsters/Feng/expression_Feng_StiffHappy.png",
                            "setXalign": "0.0",
                            "setYalign": "0.0"
                        },
                        {
                            "Name": "StiffShy",
                            "File": "Monsters/Feng/expression_Feng_StiffShy.png",
                            "setXalign": "0.0",
                            "setYalign": "0.0"
                        },
                        {
                            "Name": "Thinking",
                            "File": "Monsters/Feng/expression_Feng_Thinking.png",
                            "setXalign": "0.0",
                            "setYalign": "0.0"
                        },
                        {
                            "Name": "WildGrin",
                            "File": "Monsters/Feng/expression_Feng_WildGrin.png",
                            "setXalign": "0.0",
                            "setYalign": "0.0"
                        }
                    ]
                  },
                  {
                      "Name": "Talisman",
                      "StartOn": "1",
                      "AlwaysOn": "0",
                      "IsScene": "0",
                      "TheBody": "0",
                      "Overlay": "No",
                      "setXalign": "0.0",
                      "setYalign": "0.0",
                      "Images": [
                        {
                            "Name": "Base",
                            "File": "Monsters/Feng/talisman_Feng_LimberFront.png",
                            "setXalign": "0.0",
                            "setYalign": "0.0"
                        },
                        {
                            "Name": "Stiff",
                            "File": "Monsters/Feng/talisman_Feng_Stiff.png",
                            "setXalign": "0.0",
                            "setYalign": "0.0"
                        }
                    ]
                  }
    ]
}
