{
    "name": "Giant Kunoichi",
    "IDname": "Giant Kunoichi",
    "species": "Demon",
    "gender": "female",
    "description": "The feet of a giant Kunoichi Trainee. Due to their rigorous training and proficiency in using their feet, it is almost impossible to pleasure her through her feet.",
    "encyclopedia": "",
    "tags": "none",
    "generic": "False",
    "requires": [""],
    "skillList": [
        "Toe Press", "Restrained Heel Grind", "Sole Sandwich", "Sweat Drip", "Toe Flick", "Toe Suffocation", "Toenail Scrape"
    ],
    "perks": ["Clingy", "Clingy", "Clingy", "Clamp"],
    "stats": { "lvl": "30",
              "Exp": "300",
              "max_hp": "9999",
              "max_ep": "100",
              "max_sp": "1",
              "Power": "35",
              "Technique": "35",
              "Intelligence": "30",
              "Allure": "45",
              "Willpower": "35",
              "Luck": "25"
    },
    "Fetishes": [""],
    "BodySensitivity": {
        "Sex": "100",
        "Ass": "100",
        "Breasts": "100",
        "Mouth": "100",
        "Seduction": "85",
        "Magic": "85",
        "Pain": "75",
        "Holy": "75",
        "Unholy": "75"
    },
    "resistancesStatusEffects": {
        "Stun": "999",
        "Charm": "999",
        "Aphrodisiac": "999",
        "Restraints": "999",
        "Sleep": "999",
        "Trance": "999",
        "Paralysis": "999",
        "Debuff": "0"
    },
    "moneyDropped": "275",
    "ItemDropList": [
                      {
                        "name": "Tofu",
                        "dropChance": "50"
                      },
                      {
                        "name": "Smooth Rune",
                        "dropChance": "20"
                      },
                      {
                        "name": "Gloves of Skill",
                        "dropChance": "20"
                      },
                      {
                        "name": "Enlightenment Rune",
                        "dropChance": "5"
                      }
                    ],
    "lossScenes": [
        {
            "NameOfScene": "The Trainee ties you to her sandal.",
            "move": "",
            "stance": "",
            "includes": [""],
            "theScene": [
            "Unable to take the beating of the giant ninja girl's feet, you go limp from her draining you dry. The giant kunoichi's mouth curls up in a wry smile.",
            "Speaks",
            "Oh? Is that really all you have? Guess I should've held back against you.",
            "As she says this she sways her foot back and forth, letting your limp body move with her foot. She laughs as she brings you up to her hand deposits you into her palm.",
            "You fall onto your stomach and stay laying down as you desperately catch your breath as the giant ninja simply studies your tiny form.",
            "Speaks",
            "Well, it's time to uphold your end of the bargain.",
            "She keeps her smile as her other hands produces a long strand of string and she starts to wrap it around you, restraining your arms and legs. Once you are secured she takes you to one of her empty sandals and start to tie you to the floor of the sandal, facing up..",
            "Her hands dominate your view, but after a few moments they pull back and allow you to realize how firmly you are held in place as you stare out at the world.",
            "As your body rests against the sandal you start to notice an overwhelming stench start to invade your nostrils. The scent of the giant ninja's foot starts to overpower your senses and you can't move or bring your hands up to your face.",
            "You start to struggle against the restraints, but as you fight against the thin string holding your body down you are ashamed to realize that you aren't strong enough to break free in your current state.",
            "Your struggles die down for a second, and as you do you see the giant kunoichi's foot start to descend upon her sandal.",
            "It casts a shadow over your entire body as you realize you are positioned directly under the ball of her foot.",
            "Just before her foot settles onto you, you are bombarded with the stronger scent of her perfume and foot sweat coming together to bombard your senses, arousing you with the drug laced perfume of her stocking-clad feet.",
            "Her foot finally settles on your body, pressing her weight against your tired body. The light around you disappears as the black socked foot dominates you.",
            "The giant ninja spends a minute shifting her foot around, getting her sandal strapped to her foot properly before finally standing up and putting her full weight on you.",
            "The pressure on your body is intense, but thanks to the enchantment you only feel the discomfort of enduring the scent and heat coming from the giant ninja's foot.",
            "Combined with the intense pressure of her foot, your mind starts to swim from the air around you, as the perfume of her foot fully takes hold in your mind.",
            "After getting used to how you feel underneath her, the giant kunoichi finally starts moving forward.",
            "With each step she takes you feel her foot grind you underneath her, smearing sweat across your body and grinding every inch of you against her.",
            "You start to feel your tired dick try to rise against the weight of her foot, aroused by the aphrodisiac perfume of the giant ninja. After several steps you feel the grinding foot start to grind down onto your cock, but thankfully you do not feel the pain that would normally cause.",
            "Eventually the giantess ninja arrives at her destination. You feel her to stand on one foot and do stretches that place greater weight on your body. The air coming into your body is heavily restricted as the immense weight crushes down onto you.",
            "After some standing stretches the giant ninja starts to jump and jog in place, taking a perverse level of pleasure in feeling her foot crash down on top of you with each jump.",
            "As she finishes with her warmups, she lets her weight shift to her other foot, giving you a chance to take a deep breath and breathe in the warmer, sweatier air caused by her exercising.",
            "Your dick is painfully erect at this point, as her warm flesh and the fine nylon of her socks press against your body, holding your dick down and slowly, occasionally grinding against your member.",
            "This moment is interrupted by the giant ninja girl approaching a large vertical structure, an acrobatic wonderland filled with thin gymnastic beams and poles that go in all different directions.",
            "Your body is whipped around suddenly as the giant ninja starts her routine by leaping at high speeds as she starts to climb the giant structure. The landings of each jump are somehow soft and precise, despite the speed at which the kunoichi is moving.",
            "You feel the experience with each jump from the giant ninja girl, as she lands with the skill of a professional, flipping to and fro before she does several backflips until she finally lands on the other side of the structure.",
            "The landing jars you for a second, as an extreme amount of weight crushes down onto you, knocking any remaining air from your lungs. You don't have much time to recover as she starts to walk away immediately after landing.",
            "She finally sits down once she is out of sight of the dojo, and starts to take her sandal off.",
            "When she finally takes her sandal off and fresh air rushes in and washes over you there is a great sense of relief as you take deep breaths.",
            "The giant ninja girl laughs as you take in huge amounts of air, and she starts to untie you.",
            "Speaks",
            "Well, I don't know about you, but I certainly enjoyed feeling you under my feet as I did my workout. If you'd ever like to help me with my workouts again I'm sure you'll be able to find me.",
            "As she finishes saying this she turns her sandal over, letting you tumble at first before falling out.",
            "You are falling towards the floor when suddenly a massive foot crashes into your body as the giant ninja girl pumps her foot outwards, sending you rolling across the hallway away from her.",
            "By the time your tired body finishes ragdolling across the floor, the ninja girl has already put her sandal back on and is walking away from you.",
            "You lay there trying to catch your breath as the enchantment starts to revert you back to your normal form.",
            "Once you return to your normal size you finally let the exhaustion in your body take over, and you pass out right on the floor and wait to be brought back to the church.",
            "ChangeFetish",
            "Feet",
            "10",
            "GameOver"
            ],
            "picture": ""
        }
    ],
    "combatDialogue": [
      {
      "lineTrigger": "StartOfCombat",
      "move": "",
      "theText": [ "|f|CallCombatEventAndScene|/|GiantessKunoichiCombat|/|FightIntro|n|"]
      },
      {
      "lineTrigger": "EndOfRound",
      "move": "",
      "theText": [ "|f|CallCombatEventAndScene|/|GiantessKunoichiCombat|/|FeetCheck|n|"]
      },
      {
          "lineTrigger": "StartOfRound",
          "move": "",
          "theText": [ "|f|CallCombatEventAndScene|/|GiantessKunoichiCombat|/|ProgressCheck|n|"]
      },
        {
            "lineTrigger": "HitWithPre",
            "move": ["Arouse", "Arousara", "Arousaga", "Electrify", "Seduce", "Enamor", "Smoldering Seduction", "Smoldering Flaunt", "Massaging Seduction", "Mass Seduction", "Lick", "Caress"],
            "theText": [ "|f|CallCombatEventAndScene|/|GiantessKunoichiCombat|/|Countdown|n|"]
        },
        {
            "lineTrigger": "HitWith",
            "move": "Lick",
            "theText": [
            "|f|ChangeImageLayer|/|Expression|/|LoveDrunk|n|'Switching to service already?'",
            "|f|ChangeImageLayer|/|Expression|/|LoveDrunk|n|'You were supposed to survive my feet, not be broken by them.♥'",
            "|f|ChangeImageLayer|/|Expression|/|LoveDrunk|n|'Guess you figured you could never beat me!'"
            ]
        },
        {
            "lineTrigger": "HitWith",
            "move": ["Arouse", "Arousara", "Arousaga"],
            "theText": [
              "|f|ChangeImageLayer|/|Expression|/|LoveDrunk|n|'Heh. Pathetic!'",
              "|f|ChangeImageLayer|/|Expression|/|LoveDrunk|n|'Did you really think that would work at this size?'",
              "|f|ChangeImageLayer|/|Expression|/|LoveDrunk|n|'Magic? At your size? You're such a dolt.'"
            ]
        },
        {
            "lineTrigger": "HitWith",
            "move": "Electrify",
            "theText": [
              "|f|ChangeImageLayer|/|Expression|/|Cocky|n|'This is nothing!'",
              "|f|ChangeImageLayer|/|Expression|/|Cocky|n|'Is that all you've got?!'",
              "|f|ChangeImageLayer|/|Expression|/|LoveDrunk|n|'I've had pebbles that hurt my feet more.'"
            ]
        },
        {
            "lineTrigger": "HitWith",
            "move": ["Charm", "Charm Wave"],
            "theText": [
              "|f|ChangeImageLayer|/|Expression|/|LoveDrunk|n|'Pffft, you look so pathetic.'",
              "|f|ChangeImageLayer|/|Expression|/|LoveDrunk|n|'I can't take you seriously when you're covered in my feet.'",
              "|f|ChangeImageLayer|/|Expression|/|LoveDrunk|n|'Are you supposed to be cute right now, or just pathetic?'"
            ]
        },
        {
            "lineTrigger": "HitWith",
            "move": ["Lewd Bottle", "Cloying Mist", "Placebo Pheromone"],
            "theText": [
              "|f|ChangeImageLayer|/|Expression|/|LoveDrunk|n|'You can't intoxicate feet, moron.'",
              "|f|ChangeImageLayer|/|Expression|/|LoveDrunk|n|'That's not going to work.'",
              "|f|ChangeImageLayer|/|Expression|/|LoveDrunk|n|'My feet are already covered in aphrodisiac, how did you think this was gonna work?'"
            ]
        },
        {
            "lineTrigger": "HitWith",
            "move": ["Enfeeble", "Sensitize"],
            "theText": [
              "|f|ChangeImageLayer|/|Expression|/|LoveDrunk|n|'Huh? How did you do that?'",
              "|f|ChangeImageLayer|/|Expression|/|LoveDrunk|n|'W-Why do I feel so weird?'",
              "|f|ChangeImageLayer|/|Expression|/|LoveDrunk|n|'How could you do that at such a small size?'"
            ]
        },
        {
            "lineTrigger": "HitWith",
            "move": "Disarming Appeal",
            "theText": [
              "|f|ChangeImageLayer|/|Expression|/|Cocky|n|'Hehehe, wow, you're {i}already{/i} helpless?'",
              "|f|ChangeImageLayer|/|Expression|/|Cocky|n|'Well, I {i}am{/i} pretty amazing.'"
            ]
        },
        {
            "lineTrigger": "HitWith",
            "move": ["Seduce", "Enamor", "Smoldering Seduction", "Smoldering Flaunt", "Massaging Seduction", "Mass Seduction"],
            "theText": [
              "|f|ChangeImageLayer|/|Expression|/|Mocking|n|'Heh. You're an idiot.'",
              "|f|ChangeImageLayer|/|Expression|/|Mocking|n|'Not listening!'",
              "|f|ChangeImageLayer|/|Expression|/|Mocking|n|'You call {i}that{/i} seduction?'"
            ]
        },
        {
            "lineTrigger": "UsesMove",
            "move": "Toe Press",
            "theText": [
              "|f|ChangeImageLayer|/|Expression|/|LoveDrunk|n|'Squishy squishy.♥'",
              "|f|ChangeImageLayer|/|Expression|/|LoveDrunk|n|'I love seeing your head disappear between my toes.♥'",
              "|f|ChangeImageLayer|/|Expression|/|LoveDrunk|n|'You're so pathetic, my toes can cover you effortlessly!'"
            ]
        },
        {
            "lineTrigger": "UsesMove",
            "move": "Restrained Heel Grind",
            "theText": [
              "|f|ChangeImageLayer|/|Expression|/|LoveDrunk|n|'How does it feel to have your dick ground away?'",
              "|f|ChangeImageLayer|/|Expression|/|LoveDrunk|n|'I bet you're enjoying this, you tiny perv.♥'",
              "|f|ChangeImageLayer|/|Expression|/|LoveDrunk|n|'Take this!'"
            ]
        },
        {
            "lineTrigger": "UsesMove",
            "move": "Sole Sandwich",
            "theText": [
              "|f|ChangeImageLayer|/|Expression|/|LoveDrunk|n|'Vanish between my feet.'",
              "|f|ChangeImageLayer|/|Expression|/|LoveDrunk|n|'Welcome to your new home.♥'",
              "|f|ChangeImageLayer|/|Expression|/|LoveDrunk|n|'Hope you like the smell of my feet.♥'"
            ]
        },
        {
            "lineTrigger": "UsesMove",
            "move": "Sweat Drip",
            "theText": [
              "|f|ChangeImageLayer|/|Expression|/|LoveDrunk|n|'Drink up.♥'",
              "|f|ChangeImageLayer|/|Expression|/|LoveDrunk|n|'Here's a rewarded for lasting so long.'",
              "|f|ChangeImageLayer|/|Expression|/|LoveDrunk|n|'Hope you like the taste.♥'"
            ]
        },
        {
            "lineTrigger": "UsesMove",
            "move": "Toe Flick",
            "theText": [
              "|f|ChangeImageLayer|/|Expression|/|LoveDrunk|n|'My nails are bigger than your dick now!'",
              "|f|ChangeImageLayer|/|Expression|/|LoveDrunk|n|'I'll bet you're getting off to your dick being hit.'",
              "|f|ChangeImageLayer|/|Expression|/|LoveDrunk|n|'Try not to cry.♥'"
            ]
        },
        {
            "lineTrigger": "UsesMove",
            "move": "Toe Suffocation",
            "theText": [
              "|f|ChangeImageLayer|/|Expression|/|LoveDrunk|n|'Let me know when you need to breathe.'",
              "|f|ChangeImageLayer|/|Expression|/|LoveDrunk|n|'I'll squish you flat with my toes.'",
              "|f|ChangeImageLayer|/|Expression|/|LoveDrunk|n|'Take a deep breath of my feet.'"
            ]
        },
        {
            "lineTrigger": "UsesMove",
            "move": "Toenail Scrape",
            "theText": [
              "|f|ChangeImageLayer|/|Expression|/|LoveDrunk|n|'How does this feel?'",
              "|f|ChangeImageLayer|/|Expression|/|LoveDrunk|n|'I bet this is unbearable for you.♥'",
              "|f|ChangeImageLayer|/|Expression|/|LoveDrunk|n|'How about you cry for me a bit.♥'"
            ]
        },
        {
            "lineTrigger": "LowHealth",
            "move": "",
            "theText": [
            "''"
            ]
        },
        {
            "lineTrigger": "PlayerLowHealth",
            "move": "",
            "theText": [
            "|f|ChangeImageLayer|/|Expression|/|LoveDrunk|n|'Do you feel like giving up yet?'",
            "|f|ChangeImageLayer|/|Expression|/|LoveDrunk|n|'Just let my feet beat you into submission.'",
            "|f|ChangeImageLayer|/|Expression|/|LoveDrunk|n|'Are you done resisting yet? Don't you wanna lose to me?'"
            ]
        },
        {
            "lineTrigger": "OnPlayerOrgasm",
            "move": "",
            "theText": [
            "|f|ChangeImageLayer|/|Expression|/|LoveDrunk|n|'Teehee, guess you just can't beat my feet!♥'",
            "|f|ChangeImageLayer|/|Expression|/|LoveDrunk|n|'Can't hold out any longer, huh?'",
            "|f|ChangeImageLayer|/|Expression|/|LoveDrunk|n|'Beaten down by my feet, feeling pathetic yet?'"
            ]
        },
        {
            "lineTrigger": "OnOrgasm",
            "move": "",
            "theText": [
            ""
            ]
        },
        {
            "lineTrigger": "OnSurrender",
            "move": "",
            "theText": [ "|f|ChangeImageLayer|/|Expression|/|LoveDrunk|n|'Wait... You gave up? Seriously? Well I guess I win.♥'"]
        }
    ],
    "victoryScenes": [
        {
            "NameOfScene": "",
            "move": "",
            "stance": "",
            "includes": [""],
            "theScene": [
            ""
            ],
            "picture": ""
        }
    ],
    "pictures": [
                  {
                      "Name": "Base",
                      "StartOn": "1",
                      "AlwaysOn": "1",
                      "IsScene": "0",
                      "TheBody": "1",
                      "Overlay": "No",
                      "setXalign": "-0.015",
                      "setYalign": "0.275",
                      "Images": [
                        {
                            "Name": "Base",
                            "File": "Monsters/KunoichiTrainee/KunoichiTrainee_Body.png",
                            "setXalign": "0.0",
                            "setYalign": "0.0"
                        },
                        {
                            "Name": "Blush",
                            "File": "Monsters/KunoichiTrainee/KunoichiTrainee_Body_Blush.png",
                            "setXalign": "0.0",
                            "setYalign": "0.0"
                        },
                        {
                            "Name": "Evil",
                            "File": "Monsters/KunoichiTrainee/KunoichiTrainee_Body_Evil.png",
                            "setXalign": "0.0",
                            "setYalign": "0.0"
                        }
                    ]
                  },
                  {
                      "Name": "BodyExtra",
                      "StartOn": "1",
                      "AlwaysOn": "1",
                      "IsScene": "0",
                      "TheBody": "0",
                      "Overlay": "No",
                      "setXalign": "0.0",
                      "setYalign": "0.0",
                      "Images": [
                        {
                            "Name": "Fishnets",
                            "File": "Monsters/KunoichiTrainee/KunoichiTrainee_Clothing_StringTop.png",
                            "setXalign": "0.0",
                            "setYalign": "0.0"
                        }
                    ]
                  },
                  {
                      "Name": "Expression",
                      "StartOn": "1",
                      "AlwaysOn": "1",
                      "IsScene": "0",
                      "TheBody": "0",
                      "Overlay": "No",
                      "setXalign": "0.0",
                      "setYalign": "0.0",
                      "Images": [
                        {
                            "Name": "Base",
                            "File": "Monsters/KunoichiTrainee/KunoichiTrainee_Expression_Base.png",
                            "setXalign": "0.0",
                            "setYalign": "0.0"
                        },
                        {
                            "Name": "Adoration",
                            "File": "Monsters/KunoichiTrainee/KunoichiTrainee_Expression_Adoration.png",
                            "setXalign": "0.0",
                            "setYalign": "0.0"
                        },
                        {
                            "Name": "Smile",
                            "File": "Monsters/KunoichiTrainee/KunoichiTrainee_Expression_Smile.png",
                            "setXalign": "0.0",
                            "setYalign": "0.0"
                        },
                        {
                            "Name": "Smug",
                            "File": "Monsters/KunoichiTrainee/KunoichiTrainee_Expression_Smug.png",
                            "setXalign": "0.0",
                            "setYalign": "0.0"
                        },
                        {
                            "Name": "SmugEvil",
                            "File": "Monsters/KunoichiTrainee/KunoichiTrainee_Expression_SmugEvil.png",
                            "setXalign": "0.0",
                            "setYalign": "0.0"
                        },
                        {
                            "Name": "Excited",
                            "File": "Monsters/KunoichiTrainee/KunoichiTrainee_Expression_Excited.png",
                            "setXalign": "0.0",
                            "setYalign": "0.0"
                        },
                        {
                            "Name": "Amused",
                            "File": "Monsters/KunoichiTrainee/KunoichiTrainee_Expression_Amused.png",
                            "setXalign": "0.0",
                            "setYalign": "0.0"
                        },
                        {
                            "Name": "Panic",
                            "File": "Monsters/KunoichiTrainee/KunoichiTrainee_Expression_Panic.png",
                            "setXalign": "0.0",
                            "setYalign": "0.0"
                        },
                        {
                            "Name": "PanicScreamingInternally",
                            "File": "Monsters/KunoichiTrainee/KunoichiTrainee_Expression_ScreamingInternally.png",
                            "setXalign": "0.0",
                            "setYalign": "0.0"
                        },
                        {
                            "Name": "Fear",
                            "File": "Monsters/KunoichiTrainee/KunoichiTrainee_Expression_Fear.png",
                            "setXalign": "0.0",
                            "setYalign": "0.0"
                        },
                        {
                            "Name": "Annoyed",
                            "File": "Monsters/KunoichiTrainee/KunoichiTrainee_Expression_Annoyed.png",
                            "setXalign": "0.0",
                            "setYalign": "0.0"
                        },
                        {
                            "Name": "HowDareYou",
                            "File": "Monsters/KunoichiTrainee/KunoichiTrainee_Expression_HowDareYou.png",
                            "setXalign": "0.0",
                            "setYalign": "0.0"
                        },
                        {
                            "Name": "Disdain",
                            "File": "Monsters/KunoichiTrainee/KunoichiTrainee_Expression_Disdain.png",
                            "setXalign": "0.0",
                            "setYalign": "0.0"
                        },
                        {
                            "Name": "Cocky",
                            "File": "Monsters/KunoichiTrainee/KunoichiTrainee_Expression_Cocky.png",
                            "setXalign": "0.0",
                            "setYalign": "0.0"
                        },
                        {
                            "Name": "Condescending",
                            "File": "Monsters/KunoichiTrainee/KunoichiTrainee_Expression_Condescending.png",
                            "setXalign": "0.0",
                            "setYalign": "0.0"
                        },
                        {
                            "Name": "Mocking",
                            "File": "Monsters/KunoichiTrainee/KunoichiTrainee_Expression_Mocking.png",
                            "setXalign": "0.0",
                            "setYalign": "0.0"
                        },
                        {
                            "Name": "EvilLaugh",
                            "File": "Monsters/KunoichiTrainee/KunoichiTrainee_Expression_LaughEvil.png",
                            "setXalign": "0.0",
                            "setYalign": "0.0"
                        },
                        {
                            "Name": "LoveDrunk",
                            "File": "Monsters/KunoichiTrainee/KunoichiTrainee_Expression_LoveDrunk.png",
                            "setXalign": "0.0",
                            "setYalign": "0.0"
                        },
                        {
                            "Name": "PleasureShocked",
                            "File": "Monsters/KunoichiTrainee/KunoichiTrainee_Expression_PleasureShocked.png",
                            "setXalign": "0.0",
                            "setYalign": "0.0"
                        },
                        {
                            "Name": "FuckedSilly",
                            "File": "Monsters/KunoichiTrainee/KunoichiTrainee_Expression_FuckedSilly.png",
                            "setXalign": "0.0",
                            "setYalign": "0.0"
                        },
                        {
                            "Name": "FuckedSillyPost",
                            "File": "Monsters/KunoichiTrainee/KunoichiTrainee_Expression_FuckedSillyPost.png",
                            "setXalign": "0.0",
                            "setYalign": "0.0"
                        },
                        {
                            "Name": "Sleeping",
                            "File": "Monsters/KunoichiTrainee/KunoichiTrainee_Expression_Sleeping.png",
                            "setXalign": "0.0",
                            "setYalign": "0.0"
                        }
                    ]
                  }
                ]
}
