{
    "name": "Giantess Gwen Full-Power",
    "IDname": "Giantess Gwen Full",
    "species": "Human Mage",
    "gender": "female",
    "description": "",
    "encyclopedia": "A black-haired girl with a stern demeanor who wears a form-fitting black t-shirt with a white jacket over it. She wears a short skirt that somehow hides her immense cock. The only other things of note she wears are white socks that go up past her ankles, and a pair of tan, laceless shoes.",
    "tags": "none",
    "generic": "False",
    "requires": [""],
    "skillList": [
        "Giant Arousara", "Giant Electrify", "Foot Covering", "Magic Whip", "Giant Magic Touch", "Phantom Cum Blast", "Phantom Cum Blast", "Sense Warp - Armpit", "Sense Warp - Sock", "Sense Warp - Armpit", "Sense Warp - Sock", "Giant Sense Weakness",  "Toe Grind", "Forced Worship", "Pillar Grinding", "Kiss The Tip", "Cock Binding", "Kneel Before Cock", "Cock Binding", "Cock Binding", "Cock Binding"
    ],
    "perks": ["Hellhounds Hunt", "Arcane Adept", "Arcane Expert", "Schemer", "Thoughtful Schemer", "Swift", "Grappler", "Clingy", "Grappler", "Clingy", "Grappler", "Clingy"],
    "stats": { "lvl": "55",
              "Exp": "850",
              "max_hp": "800",
              "max_ep": "50",
              "max_sp": "1",
              "Power": "45",
              "Technique": "30",
              "Intelligence": "65",
              "Allure": "35",
              "Willpower": "25",
              "Luck": "22"
    },
    "Fetishes": [ ""],
    "BodySensitivity": { "Sex": "90",
              "Ass": "100",
              "Breasts": "80",
              "Mouth": "90",
              "Seduction": "130",
              "Magic": "80",
              "Pain": "80",
              "Holy": "25",
              "Unholy": "150"
    },
    "resistancesStatusEffects": {
        "Stun": "999",
        "Charm": "25",
        "Aphrodisiac": "999",
        "Restraints": "999",
        "Sleep": "999",
        "Trance": "999",
        "Paralysis": "999",
        "Debuff": "0"
    },
    "moneyDropped": "1000",
    "ItemDropList": [
        {
            "name": "Calming Potion",
            "dropChance": "25"
        }
    ],
    "lossScenes": [
        {
            "NameOfScene": "Trapped by Gwen's magic",
            "move": "",
            "stance": "",
            "includes": [""],
            "theScene": [
            "Overwhelmed by the giantess Gwen and her abilities, you find yourself completely drained of stamina and no longer able to fight back as your tiny body drops to its knees.",
            "Watching your tiny form, Gwen steps closer and looms over you. The shadows cast by her body cover the ground around you in darkness as you can barely make out her face and the smug, condescending grin that covers her usually stoic face.",
            "Speaks",
            "That's all you can do is it? I must say I find your abilities rather lacking, but perhaps you will make a better toy than an adversary.",
            "Gwen's eyes light up as your body goes rigid and you feel an thin aura of her magic surround you. With some hand motions Gwen starts to whisk you through the air with telepathy and brings you up to her face.",
            "You attempt to fight back but at your size and against the might of Gwen's magical abilities you only manage to strain your exhausted muscles even more as Gwen simply watches you twist and squirm in mid-air.",
            "As you stop struggling, you notice Gwen has been muttering a chant underneath her breath, and more runes appear in the air around you before they descend toward you. The runes form a circle around your body and as they lock into place Gwen shouts one last arcane phrase before they all light up and create a brilliant burst of pink light.",
            "The light fades and as you regain vision you try to look around, but find yourself unable to fully control your own body. Just then, Gwen's eyes glow pink and with a hand motion she forces your head to look left, and then right, and then left again. Gwen has taken advantage of your tiny form to place your body under her complete physical control.",
            "Speaks",
            "It worked! Usually a full-grown creature has too much innate magical resistance for this spell to work, but with your curse mark and tiny form you were completely defenseless to my magic! Oh this is so exciting, I wonder where I should have you worship me first?",
            "With a fluid movement of her hands, Gwen then begins to manipulate and lower your body down towards her feet. You land on the top of her foot and remain rigid there until Gwen's eyes light up with a dull pink glow and you hear a voice in your head command you 'Worship'. Without missing a beat your body springs into action and you drop to your hands and knees and begin to rake your tongue across the giant foot.",
            "Your body aches with exhaustion from fighting Gwen, but even still you feel your muscles strain and overcome their exhaustion to allow you to roam across Gwen's huge foot, lapping your tongue against the supple, sweaty skin as you crawl over every last inch of her.",
            "Your tongue glides across the skin of Gwen's foot, taking in the subtle salty taste of her sweat, and feeling the soft texture of her skin against your tongue. The magic that compels you to lick Gwen's feet keeps you down on your hands and knees as you are forced to crawl across every inch of Gwen's foot, making you worship Gwen's foot like a dog.",
            "As you continue to lick and prostrate yourself on Gwen's foot, you find your mind warping under the effects of the spell and you soon find your mind rewriting the taste of her sweat to be something you crave, and the sensation of worshipping Gwen to be pleasurable as your aching cock slowly recovers and begins to harden again.",
            "Gwen feels this change happen in you, and smirks to herself as she halts your actions and begins to levitate you back up to her torso. As you are whisked through the air you soon find yourself level with the gargantuan breasts of your opponent. Her erect nipples bulge out towards you and the magic compels you to grab tightly to her nipple as you are brought near.",
            "With no further commands active, the spell compels you to start licking and kissing at the mountain of a nipple you find yourself clinging on. You close your eyes and lean in to let your tongue trail across as much of the pink mass as possible, eliciting a soft gasp from Gwen as she updates your spell with a simple command: 'More'",
            "The spell immediately takes hold as you begin to lick with greater fervor, and soon devolve into taking as much of Gwen's nipple into your mouth as possible and trying to nibble and suck on it to try and elicit a reaction from the titanic mage.",
            "Your actions have an effect on Gwen fairly soon, as her moans intensify and she soon rolls her head back and brings her hands up to her breasts and cups them in her hands. As Gwen massages her breasts she seems to be unaware of the fact that you are trapped between her breast and hand as she continues to grope herself as she loses herself to pleasure.",
            "As Gwen continues to massage her breasts, you slowly begin to move from your location on her nipple and slowly roll across her body until you find yourself between Gwen's two mountainous breasts. Her enormous cleavage envelops you as she continues to roll and massages her breasts, causing them to beat down on you from all angles.",
            "Your body is still under the control of Gwen's spell, and you still desperately try to worship Gwen's body as you try to lick, kiss, or in anyway interact with the massive goddess who has forgotten about you in her pleasure.",
            "Gwen's pleasure starts to reach a new stage, as the heat in her body continues to rise and beads of sweat begin to break out across her body. Sweat starts to accumulate in between her breasts and splash onto your tiny form, making you slick as you inadvertently bathe in the salty liquid.",
            "Gwen hardly notices this development in between her moans of pleasure, but you panic as the sweat causes you to slowly creep down through Gwen's cleavage until you pop out underneath her breasts in a free fall. You watch as her stomach and pelvis go by in an instant before you land on a hard, yet fleshy surface.",
            "With your reflexes you quickly wrap you arms around the massive object and cling onto it for dear life as it sways with your impact onto it. It is only after a moment do you realize that the hot, hardened piece of flesh you cling to is Gwen's enormous cock. Gwen snaps out of her trance-like pleasure state and muses to herself as she watches you cling to her cock.",
            "Speaks",
            "Oho? I didn't realize how much you were in love with my cock. I guess I can acquiesce and let you worship the object of your desires.",
            "With that, Gwen's eyes flash yet again as the spell takes hold over your body yet again and your body slowly finds its footing on top of the massive penis, and as you rise to your hands and knees you bend in close to the giant member and give it a small kiss.",
            "The intense musk of Gwen's nether regions surrounds you as your body continues to act against its impulses to gag and wretch at the scent and taste of Gwen's sweaty cock, but still your body acts as a slave to Gwen and continues to kiss and lick at the girthy cock.",
            "Slowly, you start to crawl forward along Gwen's penis, placing your tongue and lips along its length as you kiss and lick your way forward bit by bit. Gwen relishes in this moment as she continues to play with her breasts as she bites her lip to try and stifle a moan.",
            "You eventually reach the base of her penis' head, and as you keep worshipping the pillar-like penis you find yourself on, your body starts to automatically scale and climb over the ridge of Gwen's glans.",
            "Gwen loses composure and gasps as you start to lick at the sensitive tip of her penis and her cock reflexively gets a new rush of excitement as it bounces and sways with Gwen's movement, nearly causing you to lose your grip and fall to the earth below.",
            "Gwen, not wanting you to end her fun so quickly by having her cum already, lifts you off her glans and moves you to her massive balls. She lifts up her dick just a bit more before sandwiching you squarely between her balls and penis and reaffirms her commands for you to worship her.",
            "The heat that you thought was bad on top of Gwen's dick is worse a hundred times over as you find yourself caught between Gwen's testicles and her cock. But even despite the rancid, burning conditions you find yourself in, you still can't shake off the spell that compels you to kiss and fondle at the massive testes holding you tight.",
            "You grip and hold against the massive balls of Gwen with all your might as you place kiss after kiss after lick onto her balls, lapping up against every inch of her wrinkly flesh as the taste of sweat from all of today coats your tongue and body.",
            "Gwen struggles under the pleasure of having you squirm and worship her balls before she reverses her decision on where to put you and once again moves you to the shaft of her penis. Except this time, her grip on you does not loosen as the hand holding you slowly begins to stroke up and down against the immense cock.",
            "You are taken for a ride as Gwen loses herself to lust and vigorously starts to masturbate, rubbing you against the length of her cock with all that she has as she completely ditches her stoic demeanor and starts panting and moaning like an animal in heat.",
            "The speed you travel up and down the length of Gwen's penis is enough to make you dizzy, but at this point there is nothing to do but ride out the whims of the titanic woman who is using you to satisfy her own urges.",
            "It all comes to a head as Gwen feels herself approaching climax and brings your body up to the top of her penis, hanging you over the glistening tip of her pre-cum covered penis. While using her other hand to continue to masturbate, Gwen quickly plunges you directly towards her slit and pushes your head into her penis.",
            "Your surroundings are wet as precum immediately surrounds you and coats what parts of you are swallowed up in Gwen's cock. You brace yourself as your surroundings tighten and release at incredible speeds, before almost immediately you are struck with a jet stream of cum that sends you flying out of Gwen's grasp and onto the ground.",
            "Gwen doesn't even notice that she has lost her grip of you as for the next few seconds blast after blast of cum fires from her cock, leaving her panting and exhausted as she slowly comes back to her senses.",
            "Once she finally catches her breath, Gwen realizes that her actions in her fever state led to her spell wearing off because she was no longer maintaining concentration. Knowing that she could no longer control you she begins to look around in the puddles of cum she left on the ground.",
            "However, Gwen can't find you as you press yourself as low to the ground as possible. Gwen refuses to touch her own cum to sift through it for you and in her panic decides to leave and come up with an excuse later for why she couldn't capture you.",
            "Moments pass as her voice dies down, but you wait just a bit longer to make sure the coast is clear before you slowly crawl out from the ocean of cum and find shelter while you grow back to normal.",
            "As you finish reverting back to your real size you are hit with a new wave of exhaustion and quickly pass out, awaiting your return to the church...",
            "ChangeSensitivity", "Magic", "8",
            "ChangeFetish", "Monstrosity", "5",
            "GameOver"
            ],
            "picture": ""
        }
    ],
    "combatDialogue": [
        {
            "lineTrigger": "StartOfCombat",
            "move": "",
            "theText": [ "|f|CallCombatEventAndScene|/|SuperGiantessGwenEvents|/|PowerUp|n|"]
            },
            {
            "lineTrigger": "EndOfRound",
            "move": "",
            "theText": [ "|f|CallCombatEventAndScene|/|SuperGiantessGwenEvents|/|MiniatureCheck|n|"]
            },
        {
            "lineTrigger": "HitWith",
            "move": "",
            "theText": [
            ""
            ]
        },
        {
            "lineTrigger": "HitWith",
            "move": "Lick",
            "theText": [
            "'That's a good little pet.'",
            "'Keep licking me like that and I've give you a treat.'",
            "'What obedience! I think you deserve something special.'"
            ]
        },
        {
            "lineTrigger": "HitWith",
            "move": ["Arouse", "Arousara", "Arousaga"],
            "theText": [
              "'Awwww, did you try casting magic on me?'",
              "'Teehee, guess my magic is superior!'",
              "'Tsk tsk, guess my little pet isn't as good a magician as me.'"
            ]
        },
        {
            "lineTrigger": "HitWith",
            "move": "Electrify",
            "theText": [
              "'Eep! I think I felt that!'",
              "'Hey now, that felt pretty good!'",
              "'Wonderful work my pet, keep pleasuring my cock with your magic!'"
            ]
        },
        {
            "lineTrigger": "HitWith",
            "move": ["Charm", "Charm Wave"],
            "theText": [
              "'Intriguing.'",
              "'What a charming attempt.'",
              "'Oh? Attempting to win me over?'"
            ]
        },
        {
            "lineTrigger": "HitWith",
            "move": ["Lewd Bottle", "Cloying Mist", "Placebo Pheromone"],
            "theText": [
              "'Tch, trying to drug me?'",
              "'Foolish bug, know your place.'",
              "'A pathetic attempt.'"
            ]
        },
        {
            "lineTrigger": "HitWith",
            "move": ["Enfeeble", "Sensitize"],
            "theText": [
              "'Oh ho? Weakening magic?'",
              "'Mmmh, you make my cock feel so sensitive.'",
              "'Oh that's the spot.'"
            ]
        },
        {
            "lineTrigger": "HitWith",
            "move": "Disarming Appeal",
            "theText": [
              "'Hmmm, I guess I could take it easier on you.'",
              "'My pet does deserve a break.'",
              "'Rest up little thing, before I get serious with you.'"
            ]
        },
        {
            "lineTrigger": "HitWith",
            "move": ["Seduce", "Enamor", "Smoldering Seduction", "Smoldering Flaunt", "Massaging Seduction", "Mass Seduction"],
            "theText": [
              "'Oh? You love my cock that much, do you?'",
              "'I'll be sure to fulfill your desires.'",
              "'Come to me, my pet. I'll make you feel good.'"
            ]
        },
        {
            "lineTrigger": "UsesMove",
            "move": "Giant Arousara",
            "theText": [
            "'Submit to me, my pet.'",
            "'Ufufu, can you keep up?'",
            "'Cum to my magic.'"
            ]
        },
        {
            "lineTrigger": "UsesMove",
            "move": "Giant Electrify",
            "theText": [
            "'Squirm for me!'",
            "'This is gonna sting.'",
            "'Take this!'"
            ]
        },
        {
            "lineTrigger": "UsesMove",
            "move": "Foot Covering",
            "theText": [
            "'Pffft, you fit so easily under my foot!'",
            "'Where a true bug like you belongs.'",
            "'If you lick my feet I'll give you something good.'"
            ]
        },
        {
            "lineTrigger": "UsesMove",
            "move": "Gwen's Arousaga",
            "theText": [
            "'How do you like my suped-up spell?'",
            "'Now you face a true magician.'",
            "'Your insignificant magic can't compare to this.'"
            ]
        },
        {
            "lineTrigger": "UsesMove",
            "move": "Magic Whip",
            "theText": [
            "'I'll break you down and make you my slave.'",
            "'Submit to me.'",
            "'Keep screaming for me.'"
            ]
        },
        {
            "lineTrigger": "UsesMove",
            "move": "Giant Magic Touch",
            "theText": [
            "'Now I'll show you a good time.'",
            "'Prepare for my full power!'",
            "'You'll bow to the power of my magic.'"
            ]
        },
        {
            "lineTrigger": "UsesMove",
            "move": "Phantom Cum Blast",
            "theText": [
            "'Whoops, make sure you drink that up.'",
            "'Oh yeah, drown in all that cum.'",
            "'How does that taste?'"
            ]
        },
        {
            "lineTrigger": "UsesMove",
            "move": "Sense Warp - Armpit",
            "theText": [
            "'Can you feel my sweat throughout your body?'",
            "'Endure the stench if you can.'",
            "'I bet this is getting you hard, isn't it?'"
            ]
        },
        {
            "lineTrigger": "UsesMove",
            "move": "Sense Warp - Sock",
            "theText": [
            "'Can you feel my sweat throughout your body?'",
            "'Endure the stench if you can.'",
            "'I bet this is getting you hard, isn't it?'"
            ]
        },
        {
            "lineTrigger": "UsesMove",
            "move": "Giant Sense Weakness",
            "theText": [
            "'Heh, you're wide open.'",
            "'You can't beat me now.'",
            "'Can you take this?'"
            ]
        },
        {
            "lineTrigger": "UsesMove",
            "move": "Toe Grind",
            "theText": [
            "'I'll turn you into toejam.'",
            "'Feel the crushing weight of my toes.'",
            "'I'll grind your will and body beneath my toes.'"
            ]
        },
        {
            "lineTrigger": "UsesMove",
            "move": "Cock Binding",
            "theText": [
            "'Hmmm, maybe a little bit of time with my balls will help you realize your place?'",
            "'There, a collar fit for a cock slave.'",
            "'Ohhh, I really like that look on you, but I'd like the look of my cock crushing you more.'"
            ]
        },
        {
            "lineTrigger": "UsesMove",
            "move": "Kneel Before Cock",
            "theText": [
            "'Kneel before me, and I promise I'll let you have some air from time to time when I shove you between my cock and my balls.'",
            "'Kneel before me, and maybe you won't be eating just cum for the rest of your life.'",
            "'Kneel before me, and hopefully you'll learn to love my cock as much as it loves you.'"
            ]
        },
        {
            "lineTrigger": "UsesMove",
            "move": "Kiss The Tip",
            "theText": [
            "'That's it, good boy. You love the taste of my cum.'",
            "'What a good little cock slave, drink my cum.'",
            "'Can you feel it? Can you feel yourself getting drunk off my seed?'"
            ]
        },
        {
            "lineTrigger": "UsesMove",
            "move": "Pillar Grinding",
            "theText": [
            "'Mmmf, I love feeling you squirm as I crush you.'",
            "'I can't even feel your pitiful cock down there. You're so tiny.'",
            "'You pathetic worm, I'll grind you to dust with my cock.'"
            ]
        },
        {
            "lineTrigger": "UsesMove",
            "move": "Forced Worship",
            "theText": [
            "'That's right, put that tongue to use.'",
            "'Worship me. Worship me and know that I am your Goddess now.'",
            "'You will serve me for the rest of your days, little slave.'"
            ]
        },
        {
            "lineTrigger": "LowHealth",
            "move": "",
            "theText": [
            "'Hmmmm? I'm...losing??'"
            ]
        },
        {
            "lineTrigger": "PlayerLowHealth",
            "move": "",
            "theText": [
            "'That's right, give in to your feelings for me.'"
            ]
        },
        {
            "lineTrigger": "OnPlayerOrgasm",
            "move": "",
            "theText": [
            "'I knew you couldn't endure me, keep cumming for me.'"
            ]
        },
        {
            "lineTrigger": "OnOrgasm",
            "move": "",
            "theText": [
            "Gwen screams in pleasure as her cock paints the ground around you white with cum, while somehow managing to miss you as you watch the giantess' spasming cock empty itself."
            ]
        },
        {
            "lineTrigger": "OnSurrender",
            "move": "",
            "theText": [ "'There we go, now you're truly my little slave.'"]
        }
    ],
    "victoryScenes": [
        {
            "NameOfScene": "",
            "move": "",
            "stance": "",
            "includes": [""],
            "theScene": [
            ""
            ],
            "picture": ""
        }
    ],
    "pictures": [
        {
            "Name": "Expression",
            "StartOn": "1",
            "AlwaysOn": "1",
            "IsScene": "0",
            "TheBody": "1",
            "Overlay": "No",
            "setXalign": "0.0",
            "setYalign": "0.18",
            "Images": [
                {
                    "Name": "Base",
                    "File": "../Mods/Diminuendo/Images/Gwen/GwenBase.png",
                    "setXalign": "0.0",
                    "setYalign": "0.0"
                },
                {
                    "Name": "GwenHorny",
                    "File": "../Mods/Diminuendo/Images/Gwen/GwenHorny.png",
                    "setXalign": "0.0",
                    "setYalign": "0.0"
                }
            ]
        }
    ]
}
