{
    "name": "Gwen",
    "IDname": "Gwen",
    "species": "Human Adventurer",
    "gender": "female",
    "description": "",
    "encyclopedia": "",
    "tags": "none",
    "generic": "",
    "requires": [""],
    "requiresEvent": [
        {
            "NameOfEvent": "",
            "Progress": "99",
            "Choice": "",
            "ChoiceNumber": "-1"
        }
    ],
    "skillList": [
        "Anal Penetration - Futa", "Empowered Thrust - Futa", "Channeling Thrust - Futa", "Thrust - Futa", "Magic Touch", "Sense Weakness", "Gwen's Arousaga", "Face Fuck - Futa", "Magical Binding", "Breast Smothering", "Breast Suffocation", "Breast Burial", "Armpit Grab", "Deeper Throat-Fucking", "Gagging Spear", "Reach Around", "Smothering Face Fuck", "Submissive Lure", "Submissive Lure", "Submissive Lure", "Toxic Arouse"
    ],
    "perks": ["Hellhounds Hunt", "Arcane Adept", "Arcane Expert", "Schemer", "Thoughtful Schemer", "Swift", "Grappler", "Grappler", "Grappler"],
    "stats": { "lvl": "55",
              "Exp": "850",
              "max_hp": "400",
              "max_ep": "50",
              "max_sp": "3",
              "Power": "30",
              "Technique": "30",
              "Intelligence": "65",
              "Allure": "50",
              "Willpower": "25",
              "Luck": "25"
    },
    "Fetishes": [ ""],
    "BodySensitivity": { "Sex": "90",
              "Ass": "80",
              "Breasts": "120",
              "Mouth": "110",
              "Seduction": "130",
              "Magic": "40",
              "Pain": "80",
              "Holy": "1",
              "Unholy": "150"
    },
    "resistancesStatusEffects": {
        "Stun": "45",
        "Charm": "25",
        "Aphrodisiac": "75",
        "Restraints": "0",
        "Sleep": "100",
        "Trance": "75",
        "Paralysis": "80",
        "Debuff": "60"
    },
    "moneyDropped": "1000",
    "ItemDropList": [
        {
            "name": "Calming Potion",
            "dropChance": "25"
        }
    ],
    "lossScenes": [
        {
            "NameOfScene": "Gwen claims victory",
            "move": "",
            "stance": "",
            "includes": [""],
            "theScene": [
            "After Gwen gets you to empty your load for the last time, you collapse backwards and land on your ass, desperately trying to catch your breath.",
            "Before you can recover and stand back up, Gwen quickly closes the distance and you find yourself staring down her immense cock as it hangs right in front of your face.",
            "Speaks",
            "What a shame for you, to lose in such a humiliating fashion.",
            "You try to inch away from the stoic mage, but before you can turn away and make a break for it Gwen grabs you by the chin and forces your head to face her cock as she thrusts the tip of her penis against your lips.",
            "Speaks",
            "Tsk tsk, isn't it customary for the loser to pay their dues to the winner of a sex battle on this island? I think I know a good way for you to pay for your loss to me.",
            "With her hands still gripping tight against your head, Gwen starts to pull you further down onto her cock as the tip slips past your lips and a third of her cock fills your mouth with ease.",
            "As Gwen's cock fills your mouth, you are immediately overwhelmed by the taste of her cock resting against your tongue. The taste of her pre-cum and her dick itself, dirty and sweaty from the day of travel and activity. It overwhelms your taste buds and your eyes water a little as you struggle to adjust to this massive cock being in your mouth.",
            "After a moment your mouth starts to acclimate to Gwen's girth and your jaw starts to loosen enough that Gwen can start to bit by bit thrust deeper and deeper with each thrust into your mouth.",
            "Gwen's hands don't leave your head as she continues to thrust, letting out small moans that she can't stifle as she uses your mouth to please herself. With each thrust she feels your tongue run the length of her cock simply because there is nowhere in your mouth for your tongue to be without touching Gwen's cock.",
            "Your mouth is continuously ravaged by the stoic futa as she constantly and rhythmically thrusts in and out of your mouth, with each thrust letting her venture deeper and deeper into your mouth until after a few more thrusts she manages to fit just over half of her cock into your mouth, causing it to nearly reach the back of your throat.",
            "With Gwen dominating your mouth and soon to be your throat you can't help but gag slightly as the tip of her cock starts to touch the back of your throat. The reaction of your throat and mouth gagging against her cock stimulates Gwen more, and she lets a moan escape as she continues to thrust.",
            "However, as Gwen goes to thrust in again, she loses control over herself and lets herself cum, letting hot ropes of cum fire into your mouth. Some of it escapes down your throat but but most of it fills your mouth and starts to pour out the sides and dribble down your chin.",
            "Gwen pulls her cock out for a second and you immediately start coughing and spitting out the cum in your mouth. Doing this enrages Gwen who starts to yell at you.",
            "Speaks",
            "How dare you! You are the loser in our engagement and any discharge I release into you should be swallowed without challenge. I hope you've prepared for round 2, because I will be far harsher with you now.",
            "Gwen's dripping cock rehardens and she quickly reinserts it back into your mouth before you can fully recover from her previous orgasm and she immediately returns to her previous depth inside your mouth to continue fucking your mouth.",
            "With renewed vigor Gwen slowly ramps up her thrusts, pushing harder and harder on the back of your head as she forces her cock deeper and deeper into your throat despite your attempts to resist. With only 75% of her cock inside you, your eyes start to water as you blink away tears as your windpipe is obstructed by a massive cock.",
            "Your tongue is still coated in the thick white cum of Gwen, but the taste of her cock still penetrates through as your tongue dances across her member as she continues to slide her cock in and out of your mouth.",
            "You begin to notice that Gwen has stopped advancing further into your throat with her thrusting, but that also she has picked up considerable speed with each thrust now. You struggle and crane your eyes up at her face and see that in her delirious, lustful state she has lost her stoic look completely as she focuses on using your mouth as a hole for her cock.",
            "Just as you notice this, Gwen's hands on the side of your head tighten, balling her fists around your hair as she suddenly plunges your head as far down as it'll go and forces you to take the entirety of her cock into your throat. Her dick travels a few inches into your throat and immediately you start to gag and struggle against your dominator.",
            "Gwen doesn't loosen her grip for a second as the struggles of your throat against her cock makes her squirm and writhe in pleasure.",
            "She holds you against her cock for what feels like ages, and your vision starts to swim as the lack of airflow to your lungs starts to make you dizzy and asphyxiate.",
            "Gwen suddenly releases you completely as you fall back away from her cock and take several gulps of air. You feel yourself stabilize but exhaustion prevents you from making any further attempt at escape. Gwen lets you finish catching your breath before immediately plunging her cock right into the back of your mouth again.",
            "You are too weak to resist at all, and you sit there limply as Gwen's thrusting cock continues to dominate your mouth.",
            "The pain in your jaw from the massive cock holding it open has gone away, and all you can do is sit in stunned pleasure as you let yourself be dominated and used by the overbearing futa woman.",
            "Your eyes focus in on the rhythmic movements of Gwen's cock, watching it thrust in and out of your mouth as you just stare at it, occasionally being jolted by the sensation of Gwen going too deep and pushing against your throat again.",
            "The taste of Gwen's cock remains strong throughout all this, as her cum finally fades from your mouth only to be replaced by the strong taste of her cock yet again. The taste has faded considerably after multiple minutes of your tongue being forced to work on slobbering on the massive penis and now only the taste of flesh, cum, and saliva remain.",
            "You also become sharply aware of the musky scent of Gwen's cock as the shock of the moment fades to tedium and the overwhelming, stuffy scent of Gwen's nether regions becomes the only thing you can breathe, which is a harsh thing to deal with after each breather you are given to have to be plunged back into the world of Gwen in both taste, feel, and scent.",
            "You finally manage to blink away the tears in your eyes from earlier, too weak to bring your arms up to wipe them away they sat there until finally rolling off your cheek as Gwen's thrusting finally knocked them down.",
            "Gwen's rigid cock begins pulsing in delight more frequently, and you try to brace yourself for what comes next. Except, instead of cumming, Gwen steps forward, pushing you over from your kneeling position and causing you to fall off her cock and onto your back.",
            "Gwen then walks around you for a moment until her cock looms ominously over your head again. Gwen gently lowers herself in until she enters a planking position over your body and slowly inserts her dick back into your mouth, with her massive testicles covering the rest of your head and dominating your senses fully.",
            "Gwen starts to engage in push-ups, lowering and raising herself into and out of your mouth with ease. The concentration on her face as she tries to hold back from cumming clearly leaving her as the sensation of fucking your throat raw starts to replace any trace of rational thought in her head.",
            "Her thrusts become faster and faster, and with each thrust she backs out of your throat less and less. Until finally she stops pushing back up at all and simply rests her lower body on your head, humping your throat with short, quick motions of her hips as your throat is completely dominated by the cock of Gwen.",
            "You aren't given a moment to prepare yourself for what comes next and Gwen forces herself as deep into your throat as she can go before firing off a massively held-in wave of cum directly into your stomach. Rope after rope of cum flies into your stomach as you grapple with the sensation.",
            "The feeling of Gwen's cock pulsing as cums flows through it and into your stomach is a strange sensation, but not one you can dwell on as Gwen continues to hump your throat as a way of massaging every last drop of cum out of her cock and into you.",
            "By the time Gwen stops moving you feel so incredibly full from the superhuman levels of cum that she pumped into your stomach. You can even feel your stomach start to bulge as your body tries to process what just happened to you.",
            "GivePerk", "Cum-Filled",
            "Finally, Gwen's cock softens and she rolls over and off of you. She is gasping and dizzy from her exertion, and is too weak currently to move.",
            "Likewise, you gasp and sputter for breath as your body, wracked with exhaustion, also struggles to move. Thankfully, you can feel sleep and darkness start to take over as you let yourself slowly pass out.",
            "Gwen curses to herself that she lost her composure and yells out that eventually she will get you.",
            "ChangeSensitivity", "Oral", "5",
            "ChangeFetish", "Monstrosity", "5",
            "GameOver"
            ],
            "picture": ""
        }
    ],
    "combatDialogue": [
        {
            "lineTrigger": "StartOfCombat",
            "move": "",
            "theText": [ "|f|CallCombatEventAndScene|/|GwenCombatEvent|/|FightIntro|n|"]
          },
        {
            "lineTrigger": "HitWith",
            "move": "Spank",
            "theText": [ "'You really want to waste time with my ass?'",
                        "'Come on, my breasts are right here.'",
                        "'Better watch out, or I'll get rough with your ass instead.'"]
        },
        {
            "lineTrigger": "HitWith",
            "move": "Caress",
            "theText": [ "'Mnnn.♥'",
                        "'Hahh...♥ Your hands feel so nice.♥'",
                        "'Keep going...♥'"]
        },
        {
            "lineTrigger": "HitWith",
            "move": "Whip",
            "theText": [ "'Tch, you'll pay for that.'",
                        "'You think I'm going to submit to you?'",
                        "'I'll never break to toys like that.'"]
        },
        {
            "lineTrigger": "HitWith",
            "move": "Demon Layer",
            "theText": [ "'Are you messing with me?'",
                        "'Come on now, what the hell?'",
                        "'If you don't take this seriously you're gonna end up choking on my cock.'"]
        },
        {
            "lineTrigger": "HitWith",
            "move": "Holy Headpat",
            "theText": [ "'What are you doing?'",
                        "'Do you think I'm some kind of kid?'",
                        "'Don't you want to use your hands somewhere else?'"]
        },
        {
            "lineTrigger": "HitWith",
            "move": ["Magical Binding", "Bondage Net", "Pin"],
            "theText": [ "'Nnh, don't you think these are a bit too tight?'",
                        "'Aww come on now, you know you want to let me violate you.♥'",
                        "'Don't think this is going to hold me forever.'"]
        },
        {
            "lineTrigger": "HitWith",
            "move": ["Finger, Dildo"],
            "theText": [ "'What a tease.♥'",
                        "'Keep getting me horny, see what happens.♥'",
                        "'Don't you wanna please a different part of me?'"]
        },
        {
            "lineTrigger": "HitWith",
            "move": ["Arouse", "Arousara", "Arousero"],
            "theText": [ "'Is that what you call magic?'",
                        "'Oh, you're so pathetic.♥'",
                        "'If you keep floundering like that I'll show you some real magic.'"]
        },
        {
            "lineTrigger": "HitWith",
            "move": "Electrify",
            "theText": [ "'Oh.♥ That got me a little.♥'",
                        "'There you go, now you're trying.♥'",
                        "'Don't stop, you still have a chance of making me feel good.♥'"]
        },
        {
            "lineTrigger": "HitWith",
            "move": ["Grope Ass", "Squeeze Ass", "Massage Ass", "Fondle Ass"],
            "theText": [ "'Really, you want to focus on my ass?'",
                        "'Have your fun while you can, before I get my hands on your ass.♥'",
                        "Gwen rolls her eyes as your hands dance and work on her ass."]
        },
        {
            "lineTrigger": "HitWith",
            "move": ["Breast Caress", "Breast Knead", "Breast Massage", "Breast Fondle"],
            "theText": [ "'Mnnn.♥'",
                        "'Hahh...♥ Your hands feel so nice.♥'",
                        "'Keep going...♥'"]
        },
        {
            "lineTrigger": "HitWith",
            "move": "Suckle",
            "theText": [ "'Hmmm...♥'",
                        "'You've got a real hard-on for my breasts, don't you?'",
                        "'That's it, suck on my breasts.♥'"]
        },
        {
            "lineTrigger": "HitWith",
            "move": ["Charm", "Charm Wave"],
            "theText": [ "'Now I want you even more.♥'",
                         "'I'm going to fill you with every drop I have.♥'"]
        },
        {
            "lineTrigger": "HitWith",
            "move": "Sleep",
            "theText": [ "'Trying to get me to fall asleep? Adorable.'",
                         "'Y-You better not do anything weird to me while I'm asleep!'"]
        },
        {
            "lineTrigger": "HitWithA",
            "move": "Anal Penetration",
            "theText": [ "'W-Wait, hold on! T-That's my ass! I'm supposed to fuck you!♥'",
                         "'N-No wait! This is all wrong. Hahh...♥'"]
        },
        {
            "lineTrigger": "HitWith",
            "move": "Insert",
            "theText": [ "'N-No wait! This is all wrong. Hahh...♥'",
                         "'No! I'm supposed to fuck you!♥'"]
        },
        {
            "lineTrigger": "HitWith",
            "move": "Pinch Nipples",
            "theText": [ "'Mnnn.♥'",
                        "'Hahh...♥ Your hands feel so nice.♥'",
                        "'Keep going...♥'"]
        },
        {
            "lineTrigger": "HitWith",
            "move": ["Seduce", "Enamor", "Smoldering Seduction", "Smoldering Flaunt", "Massaging Seduction", "Mass Seduction"],
            "theText": [ "'I could fuck for days if you really want.♥'",
                         "'Better be careful about your attempts at seduction.♥'"]
        },
        {
            "lineTrigger": "HitWith",
            "move": ["Pound", "Multi Thrust", "Empowered Thrust", "Carrying Fuck"],
            "theText": [ "'Ah...♥ Don't stop...♥'",
                         "'Fuck me all day!♥'",
                         "'Come on,♥ harder!♥'"]
        },
        {
            "lineTrigger": "HitWith",
            "move": ["Tantric Thrust", "Passionate Lovemaking"],
            "theText": [ "'Ah...♥ Don't stop...♥'",
                        "'...Mnn...♥'",
                        "'S-So tender.♥'"]
        },
        {
            "lineTrigger": "HitWithA",
            "move": ["Pound", "Thrust", "Multi Thrust", "Empowered Thrust", "Carrying Fuck", "Anal Piston", "Channeling Thrust"],
            "theText": [ "'Ah...♥ Don't stop...♥'",
                         "'Fuck me all day!♥'",
                         "'Come on,♥ harder!♥'"]
        },
        {
            "lineTrigger": "HitWithA",
            "move": ["Tantric Thrust", "Passionate Lovemaking"],
            "theText": [ "'Ah...♥ Don't stop...♥'",
                        "'...Mnn...♥'",
                        "'S-So tender.♥'"]
        },
        {
            "lineTrigger": "HitWith",
            "move": ["Lewd Bottle", "Cloying Mist", "Placebo Pheromone"],
            "theText": [ "'D-Don't try to get me horny with cheap tricks.♥'",
                        "'You cheater!'",
                        "'Why don't you try fighting fairly?'"]
        },
        {
            "lineTrigger": "HitWith",
            "move": ["Enfeeble", "Sensitize"],
            "theText": [ "'I won't lose!'",
                        "'Oh, you don't play fair, do you.'"]
        },
        {
            "lineTrigger": "HitWith",
            "move": "Disarming Appeal",
            "theText": [ "'Oh how cute, I'll toy with you for a bit.♥'",
                        "'You're so hopeless.♥'",
                        "'Come here, you pathetic thing.'"]
        },
        {
            "lineTrigger": "HitWith",
            "move": ["Kiss", "Make Out"],
            "theText": [ "'Hehehe.♥'",
                        "'Heh, aren't you such a romantic.♥'",
                        "'How sweet of you.♥'"]
        },
        {
            "lineTrigger": "HitWith",
            "move": ["Deep Kiss", "Lovingly Rough Kiss", "Sensually Seductive Kiss", "Skillfully Passionate Kiss", "Misty Kiss"],
            "theText": [ "'Ah...♥ Don't stop...♥'",
                        "'Mmmm...♥'",
                        "'How sweet of you.♥'"]
        },
        {
            "lineTrigger": "HitWith",
            "move": "Ear Tease",
            "theText": [ "'Mmmm...♥'"]
        },
        {
            "lineTrigger": "HitWith",
            "move": "Analyze",
            "theText": [ "'Feeling scared yet?'",
                         "'Don't just stare at me, or I'll just bend you over.♥'"]
        },
        {
            "lineTrigger": "UsesMove",
            "move": "Anal Penetration - Futa",
            "theText": [
                "'Mnnn.♥ It was kinda tough getting into your ass.♥'",
                "'Wow, what a tight little ass you have.♥'",
                "'Are you ready to be fucked into the ground, [TargetName]?♥'"
            ]
        },
        {
            "lineTrigger": "UsesMove",
            "move": "Armpit Grab",
            "theText": [
                "'How long can you endure my sweaty scent?'",
                "'Take a deep breath of my scent and get intoxicated on it.♥'",
                "'Be a good slave and take a deep breath for me.♥'"
            ]
        },
        {
            "lineTrigger": "UsesMove",
            "move": "Gwen's Arousaga",
            "theText": [
                "'How does getting hit with real magic feel?'",
                "'Can you feel my magic course through your body?'",
                "'I'll make you cum without even having to touch you.♥'"
            ]
        },
        {
            "lineTrigger": "UsesMove",
            "move": "Breast Burial",
            "theText": [
                "'That's it, let me wrap you up in my breasts.'",
                "'Come and drown in my breasts.♥'",
                "'Let me hold your head with my breasts.♥'"
            ]
        },
        {
            "lineTrigger": "UsesMove",
            "move": "Breast Smothering",
            "theText": [
                "'That's it, accept the warmth of my breasts.'",
                "'Breathe in the scent of my breasts deeply.'",
                "'Feel free to hold onto me, you might need to.♥'"
            ]
        },
        {
            "lineTrigger": "UsesMove",
            "move": "Breast Suffocation",
            "theText": [
                "'Do you enjoy being suffocated by my breasts?♥'",
                "'Enjoying yourself?♥'",
                "'Do you want to try fighting back?'"
            ]
        },
        {
            "lineTrigger": "UsesMove",
            "move": "Channeling Thrust - Futa",
            "theText": [
                "'Time to recharge a little.'",
                "'I'm not done with you yet, just need to recover some energy.'",
                "'Your ass is so full of mana, I can't wait to fill it with other things.'"
            ]
        },
        {
            "lineTrigger": "UsesMove",
            "move": "Deeper Throat-Fucking",
            "theText": [
                "'Oh, I'm so deep inside you.♥'",
                "'Your throat is so tight [TargetName].♥'",
                "'I'll gag you forever on my dick.♥'"
            ]
        },
        {
            "lineTrigger": "UsesMove",
            "move": "Empowered Thrust - Futa",
            "theText": [
                "'Can you feel my magic tear up your ass?'",
                "'My magic is gonna seep into you, alongside something else.♥'",
                "'My cock feels so good on your ass.'"
            ]
        },
        {
            "lineTrigger": "UsesMove",
            "move": "Face Fuck - Futa",
            "theText": [
                "'Mnnn.♥'",
                "'Take my cock down your throat.♥'",
                "'Whimper for me while I fuck your mouth.♥'"
            ]
        },
        {
            "lineTrigger": "UsesMove",
            "move": "Gagging Spear",
            "theText": [
                "'I love hearing you gag on my dick.'",
                "'That's right, struggle as much as you want, but you're still gonna suck on my dick.'",
                "'Ah... Fuck that's the spot...♥'"
            ]
        },
        {
            "lineTrigger": "UsesMove",
            "move": "Magical Binding",
            "theText": [
                "'Stay still, I want some extra time with you.'",
                "'Let's see how you like being wrapped up.'",
                "'You're gonna be helpless to my attacks now.♥'"
            ]
        },
        {
            "lineTrigger": "UsesMove",
            "move": "Magic Touch",
            "theText": [
                "'Guess I'll get serious!'",
                "'Try to beat me now if you can.'"
            ]
        },
        {
            "lineTrigger": "UsesMove",
            "move": "Reach Around",
            "theText": [
                "'Awww, you're so hard from me fucking your ass.♥'",
                "'Don't say I'm not a generous lover.'",
                "'Don't go thinking I forgot about you.'"
            ]
        },
        {
            "lineTrigger": "UsesMove",
            "move": "Sense Weakness",
            "theText": [
                "'Heh, you're wide open.'",
                "'I guess that's what you're into.♥'",
                "'Come  here, I'll show you a good time.♥'"
            ]
        },
        {
            "lineTrigger": "UsesMove",
            "move": "Smothering Face Fuck",
            "theText": [
                "'Who needs air when you can feel my dick in your throat.'",
                "'Just stay quiet and choke on my dick.'",
                "'Try wiggling your tongue a bit, I'd love that.♥'"
            ]
        },
        {
            "lineTrigger": "UsesMove",
            "move": "Submissive Lure",
            "theText": [
                "'What a good boy, kneeling for your master.♥'",
                "'Make sure your jaw is loosened up.♥'",
                "'I hope you like the taste of my cock.'"
            ]
        },
        {
            "lineTrigger": "UsesMove",
            "move": "Thrust - Futa",
            "theText": [
                "'That's right, feel my cock in your insides.'",
                "'I'm going to stir you up from the inside.♥'",
                "'I love feeling your tight ass on my dick.'"
            ]
        },
        {
            "lineTrigger": "UsesMove",
            "move": "Toxic Arouse",
            "theText": [
                "'This is a taste of my unique brand of magic, pretty potent isn't it?'",
                "'Have a taste of real magic!'",
                "'Bet you're pretty jealous of my magic, huh?'"
            ]
        },

        {
            "lineTrigger": "StanceStruggle",
            "move": "Anal - Futa",
            "theText": [ "You struggle against Gwen's huge dick fucking your ass..."]
        },
        {
            "lineTrigger": "StanceStruggleFail",
            "move": "Anal - Futa",
            "theText": [ "But Gwen lovingly pulls you back onto her, keeping you in her rhythmic fucking.",
                         "But Gwen uses tendrils of purple magic to wrap around your waist and pulls your ass further onto her cock.",
                         "But Gwen grabs ahold of your waist and roughly yanks you back onto her cock."]
        },
        {
            "lineTrigger": "StanceStruggleComment",
            "move": "Anal - Futa",
            "theText": [ "'Fuu, where do you think you're going?'",
                         "'I know you don't really want to escape, you just want to make this fun.♥'",
                         "'Hey now, sit still and let my cock ravage you.♥'"]
        },
        {
            "lineTrigger": "StanceStruggleFree",
            "move": "Anal - Futa",
            "theText": [ "And manage to disengage from the stoic futa!"]
        },
        {
            "lineTrigger": "StanceStruggleFreeComment",
            "move": "Anal - Futa",
            "theText": [ "'Tsk, guess I should've weakened you a bit first.'",
                         "'Hmmm, I'll just find another position for you.'",
                         "'Your service to me is not over yet, my adventurous slave.♥'"]
        },
        
        {
            "lineTrigger": "StanceStruggle",
            "move": "Irrumatio",
            "theText": [ "You struggle to break free from Gwen's massive dick pistoning into your mouth..."]
        },
        {
            "lineTrigger": "StanceStruggleFail",
            "move": "Irrumatio",
            "theText": [ "But Gwen keeps a hand on the back of your head and forces her dick deep into your throat!",
                         "But Gwen follows the movement of your head and keeps your mouth firmly on her cock.",
                         "But Gwen effortlessly grabs hold of your shoulders and keeps you in place."]
        },
        {
            "lineTrigger": "StanceStruggleComment",
            "move": "Irrumatio",
            "theText": [ "'Mmn, not just yet, your tongue feels so good.♥'",
                         "'Not yet, my little cocksleeve.♥'",
                         "'Struggling isn't a good look for a slave.'"]
        },
        {
            "lineTrigger": "StanceStruggleFree",
            "move": "Irrumatio",
            "theText": [ "And you manage to break free and taste fresh air again!"]
        },
        {
            "lineTrigger": "StanceStruggleFreeComment",
            "move": "Irrumatio",
            "theText": [ "'Hmmm, what a shame, I'll have to punish you for running.'",
                         "'Tsk tsk, that won't do.'",
                         "'I guess I'll just have to find another way to fuck you.♥'"]
        },

        {
            "lineTrigger": "StanceStruggle",
            "move": "Breast Smother",
            "theText": [ "You struggle against Gwen's massive breasts which press on you from all sides..."]
        },
        {
            "lineTrigger": "StanceStruggleFail",
            "move": "Breast Smother",
            "theText": [ "But Gwen lovingly strokes your head as she nuzzles you further into her breasts.",
                         "But the enticing scent and pressure of her breasts keeps you still.",
                         "But Gwen locks her arms around your head and keeps you rooted in her chest."]
        },
        {
            "lineTrigger": "StanceStruggleComment",
            "move": "Breast Smother",
            "theText": [ "'Shhhh, just succumb to the pleasure of my body.♥'",
                         "'If there's one thing you're good at, its resisting.'",
                         "'A slave shouldn't rebel against their master.'"]
        },
        {
            "lineTrigger": "StanceStruggleFree",
            "move": "Breast Smother",
            "theText": [ "And break out of her hold on you!"]
        },
        {
            "lineTrigger": "StanceStruggleFreeComment",
            "move": "Breast Smother",
            "theText": [ "'Hm? Not even my breasts could entice you?'",
                         "'There must be some way to break you, I just have to find it.♥'",
                         "'I guess I'll just have to find another way to fuck you.♥'"]
        },

        {
            "lineTrigger": "LowHealth",
            "move": "",
            "theText": [
            "'H-Huh?? To think you could drive me to such extremes!'"
            ]
        },
        {
            "lineTrigger": "PlayerLowHealth",
            "move": "",
            "theText": [
            "'Hmph, running out of steam already?'"
            ]
        },
        {
            "lineTrigger": "OnPlayerOrgasm",
            "move": "Armpit Grab",
            "theText": [
            "As you continue to breath in the sweaty scent of Gwen's armpit, you can't hold back your lust any further as you shamelessly fire a continuous stream of cum out onto the ground. Gwen smirks as she watches your body writhe in pleasure before she finally releases you from her grasp."
            ]
        },
        {
            "lineTrigger": "OnPlayerOrgasm",
            "move": ["Gagging Spear", "Deeper Throat-Fucking", "Smothering Face Fuck"],
            "theText": [
            "As Gwen's cock continues to vigorously fuck your throat, you find the rhythmic motions captivating, and the sensation of being used and fucked so hard is exhilarating as your cock swells with pleasure until you fire a load of cum directly between Gwen's legs. Gwen lets out a wry chuckle as she derisively smirks at you."
            ]
        },
        {
            "lineTrigger": "OnPlayerOrgasm",
            "move": ["Thrust", "Empowered Thrust", "Channeling Thrust"],
            "theText": [
            "As Gwen's intense cock plows into your ass again and again, you find yourself unable to hold back from pleasure any longer, and you fire out rope after rope of cum at the ground as Gwen continues to pound your ass without so much as missing a beat. The steady beat of her dick sliding in and out of your ass seems to help milk out every last drop of cum from this orgasm."
            ]
        },
        {
            "lineTrigger": "OnOrgasm",
            "move": "",
            "theText": [
            "Gwen's usually calm and dominant personality melts as her cock tenses and she lets out a steady and high-pitched moan as she fires off an extremely large load of cum."
            ]
        },
        {
            "lineTrigger": "OnSurrender",
            "move": "",
            "theText": [ "Gwen smirks as you surrender and she starts to approach your defeated body. 'What a good boy.♥'"]
        }
    ],
    "victoryScenes": [
        {
            "NameOfScene": "",
            "move": "",
            "stance": "",
            "includes": [""],
            "theScene": [
            ""
            ],
            "picture": ""
        }
    ],
    "pictures": [
        {
            "Name": "Expression",
            "StartOn": "1",
            "AlwaysOn": "1",
            "IsScene": "0",
            "TheBody": "1",
            "Overlay": "No",
            "setXalign": "0.0",
            "setYalign": "0.18",
            "Images": [
                {
                    "Name": "Base",
                    "File": "../Mods/Diminuendo/Images/Gwen/GwenBase.png",
                    "setXalign": "0.0",
                    "setYalign": "0.0"
                },
                {
                    "Name": "GwenHorny",
                    "File": "../Mods/Diminuendo/Images/Gwen/GwenHorny.png",
                    "setXalign": "0.0",
                    "setYalign": "0.0"
                }
            ]
        }
    ]
}
