{
    "name": "Gwen",
    "IDname": "GwenFullpower",
    "species": "Human Adventurer",
    "gender": "female",
    "description": "",
    "encyclopedia": "",
    "tags": "none",
    "generic": "False",
    "requires": [""],
    "skillList": [
        "Magic Touch", "Sense Weakness", "Gwen's Arousaga", "Face Fuck - Futa", "Magical Binding", "Breast Smothering", "Breast Suffocation", "Breast Burial", "Armpit Grab", "Deeper Throat-Fucking", "Gagging Spear", "Reach Around", "Smothering Face Fuck", "Submissive Lure", "Submissive Lure", "Submissive Lure", "Toxic Arouse",
        "Submissive Lure", "Submissive Lure", "Submissive Lure", "Sword-Swallower", "Plunging to the Depths"
    ],
    "perks": ["Hellhounds Hunt", "Arcane Adept", "Arcane Expert", "Schemer", "Thoughtful Schemer", "Swift", "Grappler", "Grappler", "Grappler"],
    "stats": { "lvl": "50",
              "Exp": "850",
              "max_hp": "300",
              "max_ep": "50",
              "max_sp": "3",
              "Power": "30",
              "Technique": "30",
              "Intelligence": "65",
              "Allure": "50",
              "Willpower": "25",
              "Luck": "25"
    },
    "Fetishes": [ ""],
    "BodySensitivity": { "Sex": "90",
              "Ass": "80",
              "Breasts": "120",
              "Mouth": "110",
              "Seduction": "130",
              "Magic": "40",
              "Pain": "80",
              "Holy": "1",
              "Unholy": "150"
    },
    "resistancesStatusEffects": {
        "Stun": "45",
        "Charm": "25",
        "Aphrodisiac": "75",
        "Restraints": "0",
        "Sleep": "100",
        "Trance": "75",
        "Paralysis": "80",
        "Debuff": "60"
    },
    "moneyDropped": "1000",
    "ItemDropList": [
        {
            "name": "Calming Potion",
            "dropChance": "25"
        }
    ],
    "lossScenes": [
        {
            "NameOfScene": "Full-Powered Victory",
            "move": "",
            "stance": "",
            "includes": [""],
            "theScene": [
                "JumpToEventThenScene",
                "GwenLossEvents", "Tag-Teamed"
            ],
            "picture": ""
        },
        {
            "NameOfScene": "Spitroasted",
            "move": "",
            "stance": "Spitroast",
            "includes": [""],
            "theScene": [
                    "JumpToEventThenScene",
                    "GwenLossEvents", "SpitroastLoss"
            ],
            "picture": ""
        }
    ],
    "combatDialogue": [
        {
            "lineTrigger": "StartOfCombat",
            "move": "",
            "theText": [ "|f|CallCombatEventAndScene|/|Gwen2CombatEvent|/|FightIntro|n|"]
          },
          {
            "lineTrigger": "EndOfRound",
            "move": "",
            "theText": [ "|f|CallCombatEventAndScene|/|Gwen2CombatEvent|/|EndOfRoundCounterCheck|n|"]
          },
        {
            "lineTrigger": "HitWith",
            "move": "Spank",
            "theText": [ "'You really want to waste time with my ass?'",
                        "'Come on, my breasts are right here.'",
                        "'Better watch out, or I'll get rough with your ass instead.'"]
        },
        {
            "lineTrigger": "HitWith",
            "move": "Caress",
            "theText": [ "'Mnnn.♥'",
                        "'Hahh...♥ Your hands feel so nice.♥'",
                        "'Keep going...♥'"]
        },
        {
            "lineTrigger": "HitWith",
            "move": "Whip",
            "theText": [ "'Tch, you'll pay for that.'",
                        "'You think I'm going to submit to you?'",
                        "'I'll never break to toys like that.'"]
        },
        {
            "lineTrigger": "HitWith",
            "move": "Demon Layer",
            "theText": [ "'Are you messing with me?'",
                        "'Come on now, what the hell?'",
                        "'If you don't take this seriously you're gonna end up choking on my cock.'"]
        },
        {
            "lineTrigger": "HitWith",
            "move": "Holy Headpat",
            "theText": [ "'What are you doing?'",
                        "'Do you think I'm some kind of kid?'",
                        "'Don't you want to use your hands somewhere else?'"]
        },
        {
            "lineTrigger": "HitWith",
            "move": ["Magical Binding", "Bondage Net", "Pin"],
            "theText": [ "'Nnh, don't you think these are a bit too tight?'",
                        "'Aww come on now, you know you want to let me violate you.♥'",
                        "'Don't think this is going to hold me forever.'"]
        },
        {
            "lineTrigger": "HitWith",
            "move": ["Finger, Dildo"],
            "theText": [ "'What a tease.♥'",
                        "'Keep getting me horny, see what happens.♥'",
                        "'Don't you wanna please a different part of me?'"]
        },
        {
            "lineTrigger": "HitWith",
            "move": ["Arouse", "Arousara", "Arousero"],
            "theText": [ "'Is that what you call magic?'",
                        "'Oh, you're so pathetic.♥'",
                        "'If you keep floundering like that I'll show you some real magic.'"]
        },
        {
            "lineTrigger": "HitWith",
            "move": "Electrify",
            "theText": [ "'Oh.♥ That got me a little.♥'",
                        "'There you go, now you're trying.♥'",
                        "'Don't stop, you still have a chance of making me feel good.♥'"]
        },
        {
            "lineTrigger": "HitWith",
            "move": ["Grope Ass", "Squeeze Ass", "Massage Ass", "Fondle Ass"],
            "theText": [ "'Really, you want to focus on my ass?'",
                        "'Have your fun while you can, before I get my hands on your ass.♥'",
                        "Gwen rolls her eyes as your hands dance and work on her ass."]
        },
        {
            "lineTrigger": "HitWith",
            "move": ["Breast Caress", "Breast Knead", "Breast Massage", "Breast Fondle"],
            "theText": [ "'Mnnn.♥'",
                        "'Hahh...♥ Your hands feel so nice.♥'",
                        "'Keep going...♥'"]
        },
        {
            "lineTrigger": "HitWith",
            "move": "Suckle",
            "theText": [ "'Hmmm...♥'",
                        "'You've got a real hard-on for my breasts, don't you?'",
                        "'That's it, suck on my breasts.♥'"]
        },
        {
            "lineTrigger": "HitWith",
            "move": ["Charm", "Charm Wave"],
            "theText": [ "'Now I want you even more.♥'",
                         "'I'm going to fill you with every drop I have.♥'"]
        },
        {
            "lineTrigger": "HitWith",
            "move": "Sleep",
            "theText": [ "'Trying to get me to fall asleep? Adorable.'",
                         "'Y-You better not do anything weird to me while I'm asleep!'"]
        },
        {
            "lineTrigger": "HitWithA",
            "move": "Anal Penetration",
            "theText": [ "'W-Wait, hold on! T-That's my ass! I'm supposed to fuck you!♥'",
                         "'N-No wait! This is all wrong. Hahh...♥'"]
        },
        {
            "lineTrigger": "HitWith",
            "move": "Insert",
            "theText": [ "'N-No wait! This is all wrong. Hahh...♥'",
                         "'No! I'm supposed to fuck you!♥'"]
        },
        {
            "lineTrigger": "HitWith",
            "move": "Pinch Nipples",
            "theText": [ "'Mnnn.♥'",
                        "'Hahh...♥ Your hands feel so nice.♥'",
                        "'Keep going...♥'"]
        },
        {
            "lineTrigger": "HitWith",
            "move": ["Seduce", "Enamor", "Smoldering Seduction", "Smoldering Flaunt", "Massaging Seduction", "Mass Seduction"],
            "theText": [ "'I could fuck for days if you really want.♥'",
                         "'Better be careful about your attempts at seduction.♥'"]
        },
        {
            "lineTrigger": "HitWith",
            "move": ["Pound", "Multi Thrust", "Empowered Thrust", "Carrying Fuck"],
            "theText": [ "'Ah...♥ Don't stop...♥'",
                         "'Fuck me all day!♥'",
                         "'Come on,♥ harder!♥'"]
        },
        {
            "lineTrigger": "HitWith",
            "move": ["Tantric Thrust", "Passionate Lovemaking"],
            "theText": [ "'Ah...♥ Don't stop...♥'",
                        "'...Mnn...♥'",
                        "'S-So tender.♥'"]
        },
        {
            "lineTrigger": "HitWithA",
            "move": ["Pound", "Thrust", "Multi Thrust", "Empowered Thrust", "Carrying Fuck", "Anal Piston", "Channeling Thrust"],
            "theText": [ "'Ah...♥ Don't stop...♥'",
                         "'Fuck me all day!♥'",
                         "'Come on,♥ harder!♥'"]
        },
        {
            "lineTrigger": "HitWithA",
            "move": ["Tantric Thrust", "Passionate Lovemaking"],
            "theText": [ "'Ah...♥ Don't stop...♥'",
                        "'...Mnn...♥'",
                        "'S-So tender.♥'"]
        },
        {
            "lineTrigger": "HitWith",
            "move": ["Lewd Bottle", "Cloying Mist", "Placebo Pheromone"],
            "theText": [ "'D-Don't try to get me horny with cheap tricks.♥'",
                        "'You cheater!'",
                        "'Why don't you try fighting fairly?'"]
        },
        {
            "lineTrigger": "HitWith",
            "move": ["Enfeeble", "Sensitize"],
            "theText": [ "'I won't lose!'",
                        "'Oh, you don't play fair, do you.'"]
        },
        {
            "lineTrigger": "HitWith",
            "move": "Disarming Appeal",
            "theText": [ "'Oh how cute, I'll toy with you for a bit.♥'",
                        "'You're so hopeless.♥'",
                        "'Come here, you pathetic thing.'"]
        },
        {
            "lineTrigger": "HitWith",
            "move": ["Kiss", "Make Out"],
            "theText": [ "'Hehehe.♥'",
                        "'Heh, aren't you such a romantic.♥'",
                        "'How sweet of you.♥'"]
        },
        {
            "lineTrigger": "HitWith",
            "move": ["Deep Kiss", "Lovingly Rough Kiss", "Sensually Seductive Kiss", "Skillfully Passionate Kiss", "Misty Kiss"],
            "theText": [ "'Ah...♥ Don't stop...♥'",
                        "'Mmmm...♥'",
                        "'How sweet of you.♥'"]
        },
        {
            "lineTrigger": "HitWith",
            "move": "Ear Tease",
            "theText": [ "'Mmmm...♥'"]
        },
        {
            "lineTrigger": "HitWith",
            "move": "Analyze",
            "theText": [ "'Feeling scared yet?'",
                         "'Don't just stare at me, or I'll just bend you over.♥'"]
        },
        {
            "lineTrigger": "UsesMove",
            "move": "Anal Penetration - Futa",
            "theText": [
                "'Mnnn.♥ It was kinda tough getting into your ass.♥'",
                "'Wow, what a tight little ass you have.♥'",
                "'Are you ready to be fucked into the ground, [TargetName]?♥'"
            ]
        },
        {
            "lineTrigger": "UsesMove",
            "move": "Armpit Grab",
            "theText": [
                "'How long can you endure my sweaty scent?'",
                "'Take a deep breath of my scent and get intoxicated on it.♥'",
                "'Be a good slave and take a deep breath for me.♥'"
            ]
        },
        {
            "lineTrigger": "UsesMove",
            "move": "Gwen's Arousaga",
            "theText": [
                "'How does getting hit with real magic feel?'",
                "'Can you feel my magic course through your body?'",
                "'I'll make you cum without even having to touch you.♥'"
            ]
        },
        {
            "lineTrigger": "UsesMove",
            "move": "Breast Burial",
            "theText": [
                "'That's it, let me wrap you up in my breasts.'",
                "'Come and drown in my breasts.♥'",
                "'Let me hold your head with my breasts.♥'"
            ]
        },
        {
            "lineTrigger": "UsesMove",
            "move": "Breast Smothering",
            "theText": [
                "'That's it, accept the warmth of my breasts.'",
                "'Breathe in the scent of my breasts deeply.'",
                "'Feel free to hold onto me, you might need to.♥'"
            ]
        },
        {
            "lineTrigger": "UsesMove",
            "move": "Breast Suffocation",
            "theText": [
                "'Do you enjoy being suffocated by my breasts?♥'",
                "'Enjoying yourself?♥'",
                "'Do you want to try fighting back?'"
            ]
        },
        {
            "lineTrigger": "UsesMove",
            "move": "Channeling Thrust - Futa",
            "theText": [
                "'Time to recharge a little.'",
                "'I'm not done with you yet, just need to recover some energy.'",
                "'Your ass is so full of mana, I can't wait to fill it with other things.'"
            ]
        },
        {
            "lineTrigger": "UsesMove",
            "move": "Deeper Throat-Fucking",
            "theText": [
                "'Oh, I'm so deep inside you.♥'",
                "'Your throat is so tight [TargetName].♥'",
                "'I'll gag you forever on my dick.♥'"
            ]
        },
        {
            "lineTrigger": "UsesMove",
            "move": "Empowered Thrust - Futa",
            "theText": [
                "'Can you feel my magic tear up your ass?'",
                "'My magic is gonna seep into you, alongside something else.♥'",
                "'My cock feels so good on your ass.'"
            ]
        },
        {
            "lineTrigger": "UsesMove",
            "move": "Face Fuck - Futa",
            "theText": [
                "'Mnnn.♥'",
                "'Take my cock down your throat.♥'",
                "'Whimper for me while I fuck your mouth.♥'"
            ]
        },
        {
            "lineTrigger": "UsesMove",
            "move": "Gagging Spear",
            "theText": [
                "'I love hearing you gag on my dick.'",
                "'That's right, struggle as much as you want, but you're still gonna suck on my dick.'",
                "'Ah... Fuck that's the spot...♥'"
            ]
        },
        {
            "lineTrigger": "UsesMove",
            "move": "Magical Binding",
            "theText": [
                "'Stay still, I want some extra time with you.'",
                "'Let's see how you like being wrapped up.'",
                "'You're gonna be helpless to my attacks now.♥'"
            ]
        },
        {
            "lineTrigger": "UsesMove",
            "move": "Magic Touch",
            "theText": [
                "'Guess I'll get serious!'",
                "'Try to beat me now if you can.'"
            ]
        },
        {
            "lineTrigger": "UsesMove",
            "move": "Reach Around",
            "theText": [
                "'Awww, you're so hard from me fucking your ass.♥'",
                "'Don't say I'm not a generous lover.'",
                "'Don't go thinking I forgot about you.'"
            ]
        },
        {
            "lineTrigger": "UsesMove",
            "move": "Sense Weakness",
            "theText": [
                "'Heh, you're wide open.'",
                "'I guess that's what you're into.♥'",
                "'Come  here, I'll show you a good time.♥'"
            ]
        },
        {
            "lineTrigger": "UsesMove",
            "move": "Smothering Face Fuck",
            "theText": [
                "'Who needs air when you can feel my dick in your throat.'",
                "'Just stay quiet and choke on my dick.'",
                "'Try wiggling your tongue a bit, I'd love that.♥'"
            ]
        },
        {
            "lineTrigger": "UsesMove",
            "move": "Submissive Lure",
            "theText": [
                "'What a good boy, kneeling for your master.♥'",
                "'Make sure your jaw is loosened up.♥'",
                "'I hope you like the taste of my cock.'"
            ]
        },
        {
            "lineTrigger": "UsesMove",
            "move": "Thrust - Futa",
            "theText": [
                "'That's right, feel my cock in your insides.'",
                "'I'm going to stir you up from the inside.♥'",
                "'I love feeling your tight ass on my dick.'"
            ]
        },
        {
            "lineTrigger": "UsesMove",
            "move": "Toxic Arouse",
            "theText": [
                "'This is a taste of my unique brand of magic, pretty potent isn't it?'",
                "'Have a taste of real magic!'",
                "'Bet you're pretty jealous of my magic, huh?'"
            ]
        },
        {
            "lineTrigger": "UsesMove",
            "move": "Plunging to the Depths",
            "theText": [
                "'That's right, nuzzle up against my balls and take in the full length of my cock.♥'",
                "'Gag and choke as your throat becomes mine!♥'",
                "'You look so agonized choking on my huge cock, it's making me so horny.♥'"
            ]
        },
        {
            "lineTrigger": "UsesMove",
            "move": "Sword-Swallower",
            "theText": [
                "'That's the ticket, just open your throat real wide for me!'",
                "'What a good little cocksleeve, take my fucking like a champ.♥'",
                "'Why did you ever become an adventurer with a throat this fuckable?♥'"
            ]
        },

        {
            "lineTrigger": "StanceStruggle",
            "move": "Anal - Futa",
            "theText": [ "You struggle against Gwen's huge dick fucking your ass..."]
        },
        {
            "lineTrigger": "StanceStruggleFail",
            "move": "Anal - Futa",
            "theText": [ "But Gwen lovingly pulls you back onto her, keeping you in her rhythmic fucking.",
                         "But Gwen uses tendrils of purple magic to wrap around your waist and pulls your ass further onto her cock.",
                         "But Gwen grabs ahold of your waist and roughly yanks you back onto her cock."]
        },
        {
            "lineTrigger": "StanceStruggleComment",
            "move": "Anal - Futa",
            "theText": [ "'Fuu, where do you think you're going?'",
                         "'I know you don't really want to escape, you just want to make this fun.♥'",
                         "'Hey now, sit still and let my cock ravage you.♥'"]
        },
        {
            "lineTrigger": "StanceStruggleFree",
            "move": "Anal - Futa",
            "theText": [ "And manage to disengage from the stoic futa!"]
        },
        {
            "lineTrigger": "StanceStruggleFreeComment",
            "move": "Anal - Futa",
            "theText": [ "'Tsk, guess I should've weakened you a bit first.'",
                         "'Hmmm, I'll just find another position for you.'",
                         "'Your service to me is not over yet, my adventurous slave.♥'"]
        },
        
        {
            "lineTrigger": "StanceStruggle",
            "move": "Irrumatio",
            "theText": [ "You struggle to break free from Gwen's massive dick pistoning into your mouth..."]
        },
        {
            "lineTrigger": "StanceStruggleFail",
            "move": "Irrumatio",
            "theText": [ "But Gwen keeps a hand on the back of your head and forces her dick deep into your throat!",
                         "But Gwen follows the movement of your head and keeps your mouth firmly on her cock.",
                         "But Gwen effortlessly grabs hold of your shoulders and keeps you in place."]
        },
        {
            "lineTrigger": "StanceStruggleComment",
            "move": "Irrumatio",
            "theText": [ "'Mmn, not just yet, your tongue feels so good.♥'",
                         "'Not yet, my little cocksleeve.♥'",
                         "'Struggling isn't a good look for a slave.'"]
        },
        {
            "lineTrigger": "StanceStruggleFree",
            "move": "Irrumatio",
            "theText": [ "And you manage to break free and taste fresh air again!"]
        },
        {
            "lineTrigger": "StanceStruggleFreeComment",
            "move": "Irrumatio",
            "theText": [ "'Hmmm, what a shame, I'll have to punish you for running.'",
                         "'Tsk tsk, that won't do.'",
                         "'I guess I'll just have to find another way to fuck you.♥'"]
        },

        {
            "lineTrigger": "StanceStruggle",
            "move": "Breast Smother",
            "theText": [ "You struggle against Gwen's massive breasts which press on you from all sides..."]
        },
        {
            "lineTrigger": "StanceStruggleFail",
            "move": "Breast Smother",
            "theText": [ "But Gwen lovingly strokes your head as she nuzzles you further into her breasts.",
                         "But the enticing scent and pressure of her breasts keeps you still.",
                         "But Gwen locks her arms around your head and keeps you rooted in her chest."]
        },
        {
            "lineTrigger": "StanceStruggleComment",
            "move": "Breast Smother",
            "theText": [ "'Shhhh, just succumb to the pleasure of my body.♥'",
                         "'If there's one thing you're good at, its resisting.'",
                         "'A slave shouldn't rebel against their master.'"]
        },
        {
            "lineTrigger": "StanceStruggleFree",
            "move": "Breast Smother",
            "theText": [ "And break out of her hold on you!"]
        },
        {
            "lineTrigger": "StanceStruggleFreeComment",
            "move": "Breast Smother",
            "theText": [ "'Hm? Not even my breasts could entice you?'",
                         "'There must be some way to break you, I just have to find it.♥'",
                         "'I guess I'll just have to find another way to fuck you.♥'"]
        },

        {
            "lineTrigger": "LowHealth",
            "move": "",
            "theText": [
            "'H-Huh?? To think you could drive me to such extremes!'"
            ]
        },
        {
            "lineTrigger": "PlayerLowHealth",
            "move": "",
            "theText": [
            "'Hmph, running out of steam already?'"
            ]
        },
        {
            "lineTrigger": "OnPlayerOrgasm",
            "move": "Armpit Grab",
            "theText": [
            "As you continue to breath in the sweaty scent of Gwen's armpit, you can't hold back your lust any further as you shamelessly fire a continuous stream of cum out onto the ground. Gwen smirks as she watches your body writhe in pleasure before she finally releases you from her grasp."
            ]
        },
        {
            "lineTrigger": "OnPlayerOrgasm",
            "move": ["Gagging Spear", "Deeper Throat-Fucking", "Smothering Face Fuck"],
            "theText": [
            "As Gwen's cock continues to vigorously fuck your throat, you find the rhythmic motions captivating, and the sensation of being used and fucked so hard is exhilarating as your cock swells with pleasure until you fire a load of cum directly between Gwen's legs. Gwen lets out a wry chuckle as she derisively smirks at you."
            ]
        },
        {
            "lineTrigger": "OnPlayerOrgasm",
            "move": ["Thrust", "Empowered Thrust", "Channeling Thrust"],
            "theText": [
            "As Gwen's intense cock plows into your ass again and again, you find yourself unable to hold back from pleasure any longer, and you fire out rope after rope of cum at the ground as Gwen continues to pound your ass without so much as missing a beat. The steady beat of her dick sliding in and out of your ass seems to help milk out every last drop of cum from this orgasm."
            ]
        },
        {
            "lineTrigger": "OnOrgasm",
            "move": "",
            "theText": [
            "Gwen's usually calm and dominant personality melts as her cock tenses and she lets out a steady and high-pitched moan as she fires off an extremely large load of cum."
            ]
        },
        {
            "lineTrigger": "OnSurrender",
            "move": "",
            "theText": [ "Gwen smirks as you surrender and she starts to approach your defeated body. 'What a good boy.♥'"]
        }
    ],
    "victoryScenes": [
        {
            "NameOfScene": "",
            "move": "",
            "stance": "",
            "includes": [""],
            "theScene": [
            ""
            ],
            "picture": ""
        }
    ],
    "pictures": [
        {
            "Name": "Expression",
            "StartOn": "1",
            "AlwaysOn": "1",
            "IsScene": "0",
            "TheBody": "1",
            "Overlay": "No",
            "setXalign": "0.0",
            "setYalign": "0.18",
            "Images": [
                {
                    "Name": "Base",
                    "File": "../Mods/Diminuendo/Images/Gwen/GwenBase.png",
                    "setXalign": "0.0",
                    "setYalign": "0.0"
                },
                {
                    "Name": "GwenHorny",
                    "File": "../Mods/Diminuendo/Images/Gwen/GwenHorny.png",
                    "setXalign": "0.0",
                    "setYalign": "0.0"
                }
            ]
        }
    ]
}
