{
    "name": "Haruka",
    "IDname": "Haruka",
    "species": "Human Adventurer",
    "gender": "female",
    "description": "",
    "encyclopedia": "",
    "tags": "none",
    "generic": "",
    "requires": [""],
    "requiresEvent": [
        {
            "NameOfEvent": "",
            "Progress": "99",
            "Choice": "",
            "ChoiceNumber": "-1"
        }
    ],
    "skillList": [
        "Anal Penetration - Futa", "Carrying Fuck - Futa", "Anal Piston - Futa", "Pound - Futa", "Thrust - Futa", "Power Up!", "Overlimit", "Face Fuck - Futa", "Pin", "Face Down, Ass Up", "Cock Stomping", "Sole Face Scrub", "Mouth Filler", "Foot Lock Down", "Leg Lock Fellatio", "Ramming Speed", "Reach Around", "Stocking Stuffing"
    ],
    "perks": ["Hellhounds Hunt", "Swift", "Alert", "Pacing", "Steady Pacing", "Expert Pacing", "Enduring Body", "Grappler", "Grappler", "Grappler"],
    "stats": { "lvl": "60",
              "Exp": "900",
              "max_hp": "300",
              "max_ep": "200",
              "max_sp": "4",
              "Power": "70",
              "Technique": "30",
              "Intelligence": "10",
              "Allure": "35",
              "Willpower": "25",
              "Luck": "15"
    },
    "Fetishes": [ ""],
    "BodySensitivity": { "Sex": "90",
              "Ass": "70",
              "Breasts": "130",
              "Mouth": "100",
              "Seduction": "130",
              "Magic": "120",
              "Pain": "90",
              "Holy": "1",
              "Unholy": "150"
    },
    "resistancesStatusEffects": {
        "Stun": "999",
        "Charm": "25",
        "Aphrodisiac": "100",
        "Restraints": "20",
        "Sleep": "50",
        "Trance": "999",
        "Paralysis": "999",
        "Debuff": "0"
    },
    "moneyDropped": "1000",
    "ItemDropList": [
        {
            "name": "Calming Potion",
            "dropChance": "25"
        }
    ],
    "lossScenes": [
        {
            "NameOfScene": "Haruka's unstoppable victory",
            "move": "",
            "stance": "",
            "includes": [""],
            "theScene": [
            "With the last of your energy used up against Haruka, you drop to your knees and try to catch your breath.",
            "Haruka starts to walk towards you, a smug smile etched onto her face as she slowly circles around behind you.",
            "Speaks",
            "Not good enough [ThePlayerName]. Now to the victor go the spoils.",
            "As Haruka says that, she roughly kicks you in between the shoulder blades and sends you falling forwards. You stick your hands out to catch yourself and stop yourself from faceplanting onto the ground.",
            "When you catch yourself, Haruka grabs you by the waist and lifts you up slightly to change your position so that you find yourself in doggystyle position.",
            "Haruka's grins widens as she looks down at you and rests her monstrous cock inside your ass cheeks, admiring how far it extends over your back.",
            "Haruka grips your hips and starts to force you back and forth, keeping your ass cheeks around her cock as she slowly uses you for an assjob.",
            "You feel helpless as this overpoweringly strong woman grinds your hips back and forth against her cock, forcing you to feel the sensation of the hardened member run up and down along your ass cheeks and against your asshole as she uses you to pleasure herself.",
            "However, part of you can't deny that the feeling of helplessness as you are dominated is exhilarating, and having Haruka grind against your ass starts to make your tired cock start to harden again.",
            "Haruka feels ready to move on to the next step as she shifts herself slightly to reorient her cock and presses her tip against your asshole, causing you to pucker and tighten reflexively. Haruka giggles to herself and starts to push against your tight ass.",
            "You put up a decent resistance against her monstrous cock, and Haruka makes no headway in penetrating you. She pulls her cock back and spits directly onto your asshole before putting her tip back against your asshole and slowly starts to massage her cock against you until you loosen enough for her to strike.",
            "With your ass loosened enough, Haruka's grip tightens as she forces the tip of her cock into your ass. You fail to hold in a gasp as you feel the girthy tip push its way in. Haruka smiles and prepares to keep pushing deeper.",
            "With her tip solidly inside you, Haruka slowly starts to thrust her hips trying to slowly inch her cock further into your ass. Haruka makes decent headway into your ass and has roughly 20% of her cock inside you as she starts to focus more on pleasuring herself with her inching thrusts.",
            "You feel the mighty cock of Haruka thrusting rhythmically inside your ass, and with each thrust you jolt with pleasure as the feeling of being dominated and fucked in this slow manner mix together in your brain and causes you to occasionally let out small moans in pleasure.",
            "Haruka continues to thrust deeper and deeper into you, slowly feeding her cock into your ass with each jolting push. Every time Haruka thrusts forward you feel a gasp escape you as her girthy cock slowly expands your ass more and more.",
            "You wobble on your hands and knees as Haruka keeps thrusting, and your exhausted body struggles to remain in place as you are fucked by Haruka.",
            "Haruka's thrusts finally get her cock halfway in as she overcomes the resistance of your ass. She stops thrusting for a moment as she leans in close to you and brings a hand around your neck as she pulls on you and forces you to rear backwards.",
            "With her hand still around your neck, Haruka starts to move her hips in small, fast-paced humping motions that allows her to plunge deeper into you versus her prior long strokes. Haruka starts to moan into your ear as you feel her cock twitch inside your ass.",
            "Just then, Haruka's cock erupts into a wave of cum as Haruka is mid-pump and you can feel her load paint your insides white.",
            "Even now, Haruka continues to thrust into you. The cum even seems to act as a form of lubricant as now Haruka's cock seems to slide deeper into you with much less force required.",
            "Speaks",
            "Ha, guess you just need some cum to grease up your insides!",
            "Haruka leans back and lets out a few grunts as she returns to making long thrusts in and out of you, causing more and more of her cock to disappear inside your stretched ass.",
            "Finally, you feel Haruka's hips make contact with your ass, and you can feel that all of Haruka's immense cock is finally fully inside of you.",
            "With her dick fully inserted into you, Haruka shifts her footing for a moment as she switches speeds and begins to thrust at full speed inside your ass. These fast motions jolt your body with each thundering strike deep in your body and causes your head to fall as you try to remain coherent through the hardcore fucking.",
            "To add onto the moment, Haruka raises a hand high into the air and brings it down in a calamitous smack on your ass. The pain shoots through your body and mixes in your brain with the pleasure you have gotten from Haruka fucking you and you let out a groan in pleasure. Haruka smiles as she starts to unleash a barrage of spanks as she keeps thrusting.",
            "Haruka's punishing cock fills your insides completely, and as you feel its length travel through your ass again and again you feel delirious and in between moans you can feel small bits of drool drop from your mouth as you lose control over your sense occasionally.",
            "Your arms give out as Haruka holds onto your waist and lets your face drop into the dirt as she continues to plow your ass into the ground. In your delirious, pleasure-stricken state you can still make out her smug, condescending laugh at your pathetic state.",
            "Haruka slows to a stop as she takes one of your legs and swings it over, rolling you on her cock until you are laying on your back and facing up to Haruka as she stares down at you. You pant and catch your breath as Haruka descends upon you and pulls you into a ferocious, passionate make out session.",
            "Haruka eases you back into the fucking as her cock starts to thrust into you again, as her tongue invades your mouth and batters your tongue around as Haruka passionately starts to fuck you.",
            "You weakly reciprocate the kiss and try to wrap your arms around Haruka as you bounce on the ground as Haruka's pace starts to quicken, and your moans mix in with the sounds of you and Haruka kissing.",
            "Haruka also begins to moan as you feel her cock twitching, and as she dominates your mouth you try to prepare yourself for the next wave of cum.",
            "And after a few more moments you receive what you are expecting, as Haruka hilts herself inside you completely she unleashes another load of cum deep inside your guts. You feel bloated for a moment as the excess cum starts to drip around Haruka's cock and starts to puddle around you.",
            "Haruka notices this and wraps her arms around you and stands up with you still skewered on her cock and your arms still draped around her neck.",
            "Now in prime position, Haruka places her hands under your rear and lifts you up and lets you fall down to her hilt repeatedly, using gravity to her advantage to fuck you down to her hilt repeatedly.",
            "As Haruka repeatedly thrusts completely into you, you can't help but let out weak, muffled moans as you cling to the chest of Haruka as you are shaken and thrusted into over and over again.",
            "Haruka uses her strength to keep a firm grip on you and hold you in place as she uses short and quick motions to hump into you as she clenches her teeth and seems to already be on the brink again.",
            "Exhaustion sets in for both of you as Haruka's pace slows, and you feel her stop lifting you up anymore as you rest completely against her hips as her cock is at the maximum depth inside your ass.",
            "With another twitch of her cock, Haruka releases the last of the cum in her balls into your ass. You are filled completely and can feel a bit of cum bubbling up into your stomach and you feel dizzy for a second as Haruka's cum overloads you.",
            "Haruka is also exhausted from supporting you for so long, and she collapses backwards onto her ass with you still speared on her cock. You jolt for a second at the landing and your head rolls back in pleasure from the shock of the fall.",
            "Haruka's cock softens, exhausted from having her way with you as you finally roll off and away from the sex-crazed futa woman. She looks over at you and weakly says.",
            "Speaks",
            "Damn, that ass of yours is too soft, I completely lost track of what I was supposed to be doing. I'll have to capture you another time.",
            "Haruka closes her eyes and passes out in the middle of the area as you finally lose consciousness and are whisked back to town...",
            "ChangeSensitivity", "Ass", "5",
            "ChangeFetish", "Monstrosity", "5",
            "GameOver"
            ],
            "picture": ""
        }
    ],
    "combatDialogue": [
        {
            "lineTrigger": "StartOfCombat",
            "move": "",
            "theText": [ "|f|CallCombatEventAndScene|/|HarukaCombatEvent|/|FightIntro|n|"]
          },
        {
            "lineTrigger": "HitWith",
            "move": "Spank",
            "theText": [ "'Oh, wanna get rough with me?'",
                        "'Your hands are so nice, what else can they do?'",
                        "'You better hit a lot harder if you wanna get me off.'"]
        },
        {
            "lineTrigger": "HitWith",
            "move": "Caress",
            "theText": [ "'Your hands are so nice, what else can they do?'",
                         "'Hahhh...♥ Mmmm...♥'",
                         "'You can't keep your hands off me, can you?'"]
        },
        {
            "lineTrigger": "HitWith",
            "move": "Whip",
            "theText": [ "'Oh, wanna get rough with me?'",
                        "'You better not leave a mark.'",
                        "'Nngh, you better stop before I get rough with you.♥'"]
        },
        {
            "lineTrigger": "HitWith",
            "move": "Demon Layer",
            "theText": [ "'Eh? What is that thing?'",
                        "'D-do you have another whip you could use?'",
                        "'It's polite to at least take this serious instead of using some fake toy.'"]
        },
        {
            "lineTrigger": "HitWith",
            "move": "Holy Headpat",
            "theText": [ "'...Huh?'",
                        "'What is this supposed to do?'",
                        "'You should put your hands on my other head.'"]
        },
        {
            "lineTrigger": "HitWith",
            "move": ["Magical Binding", "Bondage Net", "Pin"],
            "theText": [ "'Oh nooo, please don't take advantage of me.♥'",
                        "'Getting a bit rough, are we?'",
                        "'Oh ho? What are you gonna do with me now?'"]
        },
        {
            "lineTrigger": "HitWith",
            "move": ["Finger, Dildo"],
            "theText": [ "'Mmmh, is that all you've got?'",
                        "'I think that was a perfect pick me up before the main course.♥'",
                        "'Awww c'mon, don't be a tease.'"]
        },
        {
            "lineTrigger": "HitWith",
            "move": ["Arouse", "Arousara", "Arousero"],
            "theText": [ "'W-Woah!♥'",
                        "'MMM!♥ D-Damn magic!'",
                        "'Th-That was nothing!'"]
        },
        {
            "lineTrigger": "HitWith",
            "move": "Electrify",
            "theText": [ "'I'm going to make you pay for that...'",
                        "'I'm gonna fuck you until you can't cast that magic anymore!'",
                        "'Oooohh! You better knock that off!'"]
        },
        {
            "lineTrigger": "HitWith",
            "move": ["Grope Ass", "Squeeze Ass", "Massage Ass", "Fondle Ass"],
            "theText": [ "'Heh, sure you don't wanna play with my tits?'",
                        "'That's it, work your hands on my body.♥'",
                        "'Mnnn...♥'"]
        },
        {
            "lineTrigger": "HitWith",
            "move": ["Breast Caress", "Breast Knead", "Breast Massage", "Breast Fondle"],
            "theText": [ "'Hahhh...♥ Mmmm...♥'",
                        "'You can't keep your hands off me, can you?'",
                        "'Mnnnn...Haaa♥'"]
        },
        {
            "lineTrigger": "HitWith",
            "move": "Suckle",
            "theText": [ "'WH- H-Hey! C-Cut that ouuuuuttt...♥'",
                        "'Mnnn, keep sucking.♥'",
                        "'T-That's right, work that tongue.♥'"]
        },
        {
            "lineTrigger": "HitWith",
            "move": ["Charm", "Charm Wave"],
            "theText": [ "'Oh, well I guess I could help satisfy you. Better keep up.♥'",
                         "'I'm gonna fuck you silly now.♥'"]
        },
        {
            "lineTrigger": "HitWith",
            "move": "Sleep",
            "theText": [ "'Tch, talk about {i}yawn{/i} a cheap trick'",
                         "'How am I supposed to fuck you if I'm asleep?!'"]
        },
        {
            "lineTrigger": "HitWithA",
            "move": "Anal Penetration",
            "theText": [ "'W-Whoa! I'm supposed to do this to you!'",
                         "'Hey! Leave my ass alone!'"]
        },
        {
            "lineTrigger": "HitWith",
            "move": "Insert",
            "theText": [ "'Y-You really want to fuck me?'",
                         "'Hey no fair! I was gonna fuck you!'"]
        },
        {
            "lineTrigger": "HitWith",
            "move": "Pinch Nipples",
            "theText": [ "'A-Ahh!♥'",
                         "'G-Gentler, please!♥'"]
        },
        {
            "lineTrigger": "HitWith",
            "move": ["Seduce", "Enamor", "Smoldering Seduction", "Smoldering Flaunt", "Massaging Seduction", "Mass Seduction"],
            "theText": [ "'Oh yeah, talk dirty to me baby.♥'",
                         "'Come here, I want to see if those lips are only good for talking.♥'"]
        },
        {
            "lineTrigger": "HitWith",
            "move": ["Pound", "Multi Thrust", "Empowered Thrust", "Carrying Fuck"],
            "theText": [ "'Fuck!♥ Yes!♥ That's it!♥'",
                         "'More!♥ More!♥ More!♥'",
                         "'Your dick feels so good!♥'"]
        },
        {
            "lineTrigger": "HitWith",
            "move": ["Tantric Thrust", "Passionate Lovemaking"],
            "theText": [ "'You won't defeat me!'",
                        "'Knock that off and just fuck me!'",
                        "'Make sweet love to me!♥'"]
        },
        {
            "lineTrigger": "HitWithA",
            "move": ["Pound", "Thrust", "Multi Thrust", "Empowered Thrust", "Carrying Fuck", "Anal Piston", "Channeling Thrust"],
            "theText": [ "'Fuck!♥ Yes!♥ That's it!♥'",
                         "'More!♥ More!♥ More!♥'",
                         "'Your dick feels so good!♥'"]
        },
        {
            "lineTrigger": "HitWithA",
            "move": ["Tantric Thrust", "Passionate Lovemaking"],
            "theText": [ "'You won't defeat me!'",
                        "'Knock that off and just fuck me!'",
                        "'Make sweet love to me!♥'"]
        },
        {
            "lineTrigger": "HitWith",
            "move": ["Lewd Bottle", "Cloying Mist", "Placebo Pheromone"],
            "theText": [ "'Ha, I specced into resisting that! Nice try, idiot.'",
                        "'Why don't you try something more direct instead of using cheap tricks.'",
                        "'I don't need cheap tricks to get horny, I'm already stiff as a rock.♥'"]
        },
        {
            "lineTrigger": "HitWith",
            "move": ["Enfeeble", "Sensitize"],
            "theText": [ "'W-What kind of cheap trick is this...?'",
                        "'D-Damn you... My dick feels so tender...'",
                        "'Y-You'll pay for messing with me...'"]
        },
        {
            "lineTrigger": "HitWith",
            "move": "Disarming Appeal",
            "theText": [ "'Fine, I can go slower.'",
                        "'What is this? You want me to be gentle?'"]
        },
        {
            "lineTrigger": "HitWith",
            "move": ["Kiss", "Make Out"],
            "theText": [ "'Hehe, get ready.'",
                        "'I'm gonna put those lips of yours to real use.'",
                        "'Better get those lips ready for something else.'"]
        },
        {
            "lineTrigger": "HitWith",
            "move": ["Deep Kiss", "Lovingly Rough Kiss", "Sensually Seductive Kiss", "Skillfully Passionate Kiss", "Misty Kiss"],
            "theText": [ "'Grope my breasts while we kiss...'",
                        "'MMph?!♥'",
                        "'Mnn- You're a pretty good kisser...♥'"]
        },
        {
            "lineTrigger": "HitWith",
            "move": "Ear Tease",
            "theText": [ "'G-Get off me...♥'",
                        "'N-No fair, I was supposed to dominate you...♥'",
                        "'Mnnn.♥'"]
        },
        {
            "lineTrigger": "HitWith",
            "move": "Analyze",
            "theText": [ "'Getting a good look at me?'",
                         "'Yeah check out this cock while you can, before it disappears inside you.♥'"]
        },
        {
            "lineTrigger": "UsesMove",
            "move": "Anal Penetration - Futa",
            "theText": [
                "'C'mon bitch, let me fuck your ass!'",
                "'I hope you like taking it in the ass.'",
                "'Geez, you're so tight!'"
            ]
        },
        {
            "lineTrigger": "UsesMove",
            "move": "Anal Piston - Futa",
            "theText": [
                "'MMph!♥ Take my cock up your ass!'",
                "'You take my cock like a champ!'",
                "'Don't go quitting on me yet!'"
            ]
        },
        {
            "lineTrigger": "UsesMove",
            "move": "Carrying Fuck - Futa",
            "theText": [
                "'I love hearing your ass slap against my cock while I fuck you.'",
                "'How long can you take my cock ripping up your ass?'",
                "'You should moan some more for me while I plow your ass.'"
            ]
        },
        {
            "lineTrigger": "UsesMove",
            "move": "Cock Stomping",
            "theText": [
                "'Awww, your little cock feels so good under my heel.♥'",
                "'Did getting your little dick stepped on feel good you perv?'",
                "'Come on, are you really that hard from my feet crushing your dick?'"
            ]
        },
        {
            "lineTrigger": "UsesMove",
            "move": "Face Down, Ass Up",
            "theText": [
                "'Now you're in the proper position for me to fuck your ass.'",
                "'What a good little servant, bowing to your master's cock.'",
                "'MMph.♥ I'm gonna fuck you senseless now.'"
            ]
        },
        {
            "lineTrigger": "UsesMove",
            "move": "Face Fuck - Futa",
            "theText": [
                "'I'm gonna use your throat like a toy.'",
                "'How does your throat feel getting abused by my monstrous cock?'",
                "'Poor little [TargetName], gagging and moaning on my dick.♥'"
            ]
        },
        {
            "lineTrigger": "UsesMove",
            "move": "Foot Lock Down",
            "theText": [
                "'Oh how easily you fell to my feet.♥'",
                "'Come on, it's like you want to be dominated by my feet.'",
                "'Do you like how my stockings feel against your tiny dick?'"
            ]
        },
        {
            "lineTrigger": "UsesMove",
            "move": "Leg Lock Fellatio",
            "theText": [
                "'MMph!♥ That's it! Choke on my cock!♥'",
                "'Choke on my cock you whore!♥'",
                "'I'll fuck your throat so hard you won't be able to talk for weeks!'"
            ]
        },
        {
            "lineTrigger": "UsesMove",
            "move": "Mouth Filler",
            "theText": [
                "'I love having you on your knees, now accept my cock into your mouth.♥'",
                "'How does it feel having my cock in your mouth?'",
                "'Hope you like the taste of my cock, [TargetName].♥'"
            ]
        },
        {
            "lineTrigger": "UsesMove",
            "move": "Overlimit",
            "theText": [
                "'Now I'm really serious!'",
                "'Can you handle me now?!'",
                "'I'm gonna fuck you into the ground!'"
            ]
        },
        {
            "lineTrigger": "UsesMove",
            "move": "Pin",
            "theText": [
                "'Heh, guess I am stronger than you after all.'",
                "'You scared to be pinned by me?'",
                "'I hope you're ready for the fucking of a lifetime.'"
            ]
        },
        {
            "lineTrigger": "UsesMove",
            "move": "Pound - Futa",
            "theText": [
                "Haruka lets out foul, bestial grunts as she plows your ass.",
                "'Hngh.♥ Your ass feels so good.♥'",
                "'I'm going to fuck you into the ground.♥'"
            ]
        },
        {
            "lineTrigger": "UsesMove",
            "move": "Power Up!",
            "theText": [
                "'Now I'm really serious!'",
                "'Can you handle me now?!'",
                "'I'm gonna fuck you into the ground!'"
            ]
        },
        {
            "lineTrigger": "UsesMove",
            "move": "Ramming Speed",
            "theText": [
                "Haruka lets out foul, bestial grunts as she plows your ass.",
                "'Hngh.♥ Your ass feels so good.♥'",
                "'I'm going to fuck you into the ground.♥'"
            ]
        },
        {
            "lineTrigger": "UsesMove",
            "move": "Reach Around",
            "theText": [
                "'I don't wanna forget about this little guy.♥'",
                "'Don't go calling me a selfish lover now.♥'",
                "'I love that you're hard while I'm fucking your ass.♥'"
            ]
        },
        {
            "lineTrigger": "UsesMove",
            "move": "Sole Face Scrub",
            "theText": [
                "'Your face makes a good footrest.'",
                "'It'd be nice if you used your tongue on my feet too.'",
                "'Well whaddya know, your face is good for something.'"
            ]
        },
        {
            "lineTrigger": "UsesMove",
            "move": "Stocking Stuffing",
            "theText": [
                "'That's right loser, breathe in the sweaty smell of my stockings.'",
                "'Did any of my sweat get into your mouth? I bet that can't taste good.'",
                "'Wanna try giving my toes a kiss while they're all over your face?'"
            ]
        },
        {
            "lineTrigger": "UsesMove",
            "move": "Thrust - Futa",
            "theText": [
                "'Can you feel my dick just tearing you up inside?'",
                "'You're so warm, it feels so great.♥'",
                "'How much longer can you take my dick being inside you?'"
            ]
        },

        {
            "lineTrigger": "StanceStruggle",
            "move": "Anal - Futa",
            "theText": [ "You attempt to get away from Haruka's massive cock plowing your ass..."]
        },
        {
            "lineTrigger": "StanceStruggleFail",
            "move": "Anal - Futa",
            "theText": [ "But Haruka hooks her arms under yours and puts you into a full nelson as she forces her cock deeper into your ass.",
                         "But Haruka grabs you by the waist and aggressively shoves you back onto her cock.",
                         "But the heavy rhythm of Haruka fucking your ass leaves you unable to break free."]
        },
        {
            "lineTrigger": "StanceStruggleComment",
            "move": "Anal - Futa",
            "theText": [ "'Tch, you aren't done until I say you're done!'",
                         "'Don't think I'm gonna go easy on an ass like this!'",
                         "'Your ass feels so good, don't you dare break away now!'"]
        },
        {
            "lineTrigger": "StanceStruggleFree",
            "move": "Anal - Futa",
            "theText": [ "And break free from the horny futa!"]
        },
        {
            "lineTrigger": "StanceStruggleFreeComment",
            "move": "Anal - Futa",
            "theText": [ "'Hmph, I'll just have to fuck you harder next time.'",
                         "'I'm surprised you can walk after what my cock just did to you.'",
                         "'How'd my dick feel? Bet you can't wait for more, huh?'"]
        },
        
        {
            "lineTrigger": "StanceStruggle",
            "move": "Irrumatio",
            "theText": [ "You struggle to pull your mouth away from Haruka's cock..."]
        },
        {
            "lineTrigger": "StanceStruggleFail",
            "move": "Irrumatio",
            "theText": [ "But Haruka grabs you by the face and forces you back down onto her cock, gagging you for a moment as she does so.",
                         "But Haruka wraps her thick legs around your head and locks in a submission to force you back down onto her cock.",
                         "But Haruka's cock violating your mouth has left you disoriented and you can't pull away fast enough."]
        },
        {
            "lineTrigger": "StanceStruggleComment",
            "move": "Irrumatio",
            "theText": [ "'Nngh, stop trying to get away!'",
                         "'Cocksleeves aren't supposed to resist!'",
                         "'Stay still, you're throat feels too good so don't ruin my fun!'"]
        },
        {
            "lineTrigger": "StanceStruggleFree",
            "move": "Irrumatio",
            "theText": [ "And manage to free yourself from her cock violating your throat!"]
        },
        {
            "lineTrigger": "StanceStruggleFreeComment",
            "move": "Irrumatio",
            "theText": [ "'Fine, but I'm still gonna find a way to plow your throat.'",
                         "'How'd my cock taste? Pretty good, huh?'",
                         "'I'm not done with you yet!'"]
        },

        {
            "lineTrigger": "StanceStruggle",
            "move": "Footjob",
            "theText": [ "You attempt to roll away from Haruka's stockinged feet..."]
        },
        {
            "lineTrigger": "StanceStruggleFail",
            "move": "Footjob",
            "theText": [ "But Haruka's stocking-clad feet have too great of a hold on your dick.",
                         "But the constant rubbing of Haruka's feet feels too good on your cock.",
                         "But Haruka rubs her foot on your face and the scent of her feet keeps you in place."]
        },
        {
            "lineTrigger": "StanceStruggleComment",
            "move": "Footjob",
            "theText": [ "'C'mon you perv, I know you like my feet.'",
                         "'Just stay down and let my feet do the talking!'",
                         "'Don't you just love my perfect feet?'"]
        },
        {
            "lineTrigger": "StanceStruggleFree",
            "move": "Footjob",
            "theText": [ "And manage to regain your footing and put distance between you and Haruka!"]
        },
        {
            "lineTrigger": "StanceStruggleFreeComment",
            "move": "Footjob",
            "theText": [ "'Huh, guess you aren't a feet guy.'",
                         "'Well, guess I just gotta put my cock to work against you now.♥'",
                         "'I'm gonna make you regret running from my feet.'"]
        },

        {
            "lineTrigger": "LowHealth",
            "move": "",
            "theText": [
            "'W-Woah now, am I gonna lose to a chump like you?!'"
            ]
        },
        {
            "lineTrigger": "PlayerLowHealth",
            "move": "",
            "theText": [
            "'That's it, you can't resist my power forever!♥'"
            ]
        },
        {
            "lineTrigger": "OnPlayerOrgasm",
            "move": ["Anal Piston", "Carrying Fuck", "Face Down, Ass Up", "Pound", "Ramming Speed", "Thrust"],
            "theText": [
            "As Haruka's intense cock plows into your ass again and again, you find yourself unable to hold back from pleasure any longer, and you fire out rope after rope of cum at the ground as Haruka lifts your body slightly and speeds up her fucking as she milks out your cum by plowing your ass."
            ]
        },
        {
            "lineTrigger": "OnPlayerOrgasm",
            "move": ["Cock Stomping", "Sole Face Scrub", "Stocking Stuffing"],
            "theText": [
            "Haruka's feet keep massaging your dick continuously, with the occasional foot descending onto your face to force you to breathe in the sweaty scent of her socks. The constant assault on your sense by her feet continue to mount until you finally cum and fire off your load high into the air as Haruka lets out mocking chuckle."
            ]
        },
        {
            "lineTrigger": "OnPlayerOrgasm",
            "move": ["Face Fuck", "Leg Lock Fellatio", "Mouth Filler"],
            "theText": [
            "As Haruka's cock continues to vigorously fuck your throat, you find the rough, dominant behavior arousing. Your cock twitches and swells with pleasure after each thrust from Haruka, before you finally cum and fire your load as Haruka forces your head all the way to the base of her cock, causing you to gag and choke until you finish cumming."
            ]
        },
        {
            "lineTrigger": "OnOrgasm",
            "move": "",
            "theText": [
            "Haruka's eyes widen in shock and pleasure, as her smug and dominant attitude fades and she lets out a howling moan in pleasure as her oversized cock fires out a wave of white cum."
            ]
        },
        {
            "lineTrigger": "OnSurrender",
            "move": "",
            "theText": [ "Haruka smirks and approaches you as you surrender to her, and her cock twitches in anticipation. 'Giving up, ay? Well don't think that frees you from what's about to happen.'"]
        }
    ],
    "victoryScenes": [
        {
            "NameOfScene": "",
            "move": "",
            "stance": "",
            "includes": [""],
            "theScene": [
            ""
            ],
            "picture": ""
        }
    ],
    "pictures": [
        {
            "Name": "Expression",
            "StartOn": "1",
            "AlwaysOn": "1",
            "IsScene": "0",
            "TheBody": "1",
            "Overlay": "No",
            "setXalign": "0.0",
            "setYalign": "0.20",
            "Images": [
                {
                    "Name": "Base",
                    "File": "../Mods/Diminuendo/Images/Haruka/HarukaBase.png",
                    "setXalign": "0.0",
                    "setYalign": "0.0"
                },
                {
                    "Name": "HarukaHorny",
                    "File": "../Mods/Diminuendo/Images/Haruka/HarukaHorny.png",
                    "setXalign": "0.0",
                    "setYalign": "0.0"
                }
            ]
        }
    ]
}
