{
    "name": "Haruka",
    "IDname": "HarukaFullpower",
    "species": "Human Adventurer",
    "gender": "female",
    "description": "",
    "encyclopedia": "",
    "tags": "none",
    "generic": "",
    "requires": [""],
    "requiresEvent": [
        {
            "NameOfEvent": "",
            "Progress": "99",
            "Choice": "",
            "ChoiceNumber": "-1"
        }
    ],
    "skillList": [
        "Anal Penetration - Futa", "Carrying Fuck - Futa", "Anal Piston - Futa", "Pound - Futa", "Thrust - Futa", "Power Up!", "Overlimit", "Face Fuck - Futa", "Pin", "Face Down, Ass Up", "Cock Stomping", "Sole Face Scrub", "Mouth Filler", "Foot Lock Down", "Leg Lock Fellatio", "Ramming Speed", "Reach Around", "Stocking Stuffing",
        "Mating Press", "Mating Press", "Mating Press", "Mating Press", "Torture Stretch", "Taunting Grind", "Aphrodisiac Cock", "Gagging Cock"
    ],
    "perks": ["Hellhounds Hunt", "Swift", "Alert", "Pacing", "Steady Pacing", "Expert Pacing", "Enduring Body", "Grappler", "Grappler"],
    "stats": { "lvl": "50",
              "Exp": "900",
              "max_hp": "300",
              "max_ep": "200",
              "max_sp": "3",
              "Power": "70",
              "Technique": "30",
              "Intelligence": "10",
              "Allure": "35",
              "Willpower": "25",
              "Luck": "15"
    },
    "Fetishes": [ ""],
    "BodySensitivity": { "Sex": "90",
              "Ass": "70",
              "Breasts": "130",
              "Mouth": "100",
              "Seduction": "130",
              "Magic": "120",
              "Pain": "90",
              "Holy": "1",
              "Unholy": "150"
    },
    "resistancesStatusEffects": {
        "Stun": "999",
        "Charm": "25",
        "Aphrodisiac": "60",
        "Restraints": "75",
        "Sleep": "50",
        "Trance": "999",
        "Paralysis": "999",
        "Debuff": "0"
    },
    "moneyDropped": "1000",
    "ItemDropList": [
        {
            "name": "Calming Potion",
            "dropChance": "25"
        }
    ],
    "lossScenes": [
        {
            "NameOfScene": "Haruka's Ultimate victory",
            "move": "",
            "stance": "",
            "includes": [""],
            "theScene": [
            "Haruka finally overpowers you and as you lose the last bit of your strength from that final orgasm, you lay on the ground gasping for air and trying to regain any energy as Haruka keeps walking towards you.",
            "Speaks",
                "Feh, couldn't keep up that time, could ya? Looks like that's another win for me hehe. And now, to the victor go the spoils.",
            "Haruka bends over and lifts you off the ground with relative ease as she pulls you into a deep embrace, with you saddled on top of her raging erection. You limply struggle to no avail as Haruka flips you around so that you face away from her.",
            "Speaks",
            "Let's go show the world your happy face, and what happens to losers who want to fight me!",
            "Haruka hooks her arms under your legs and brings them as far up to your head as possible, before linking her hands together behind your head. You were completely trapped in Haruka's submission hold and your problems only get worse as you feel the tip of Haruka's massive cock press against your asshole.",
            "You attempt to struggle again but Haruka has you locked down tight as she lifts you up and slams you down onto her cock with great force. It instantly rockets deep inside of your body as Haruka presses you down to the base of her cock.",
            "You let out a pained gasp as Haruka returns a grunt of pleasure as she begins to raise and lower you against her cock. You gasp and pant each time she forcefully presses down onto your neck and sends your body back down to the hilt of her cock, and Haruka revels as she sees your stomach bulge from her massive member filling your body.",
            "Speaks",
                "Heh, my cock sure looks nice when it's got you wrapped around it. That ass of your is so tight I could fuck it all day long!",
            "Haruka lets out a full-bodied laugh, causing her dick to bob up and down inside your body as you are shaken from her movement and the rapid-fire thrusting causes your grunting to be interrupted in a way that only makes Haruka laugh even harder, continuing the train of laugh-fueled fuckings.",
            "Eventually, Haruka regains her composure and continues to press you down hard against her dick as she uses her hips to thrust into your asshole again and again, hitting you against her pelvis as her cock invades and violates your body.",
            "Haruka begins to pant as her thrusting gets faster and faster, and after a few more intense thrusts you feel her cock tense up and your body prepares to be flooded as a massive wave of burning hot cum floods your inside, pushing into your stomach with great force and momentarily burbling up into your mouth.",
            "You swallow it back down and Haruka pulls her cock from you as her load begins to flood out from your asshole. You groan as relief washes through your body as Haruka's cock leaves you alone for even just a while.",
            "Speaks",
                "Wow ,that sure is a lot, huh? Well don't worry, I'll put a few more rounds in you on the way back to my place in town! Let me just grab something from my bag real quick...",
            "Haruka begins to delve through a bag that she brought with her and you find a strange harness is being presented in front of you with 4 slots and what seems like a body harness setup.",
            "Speaks",
            "Ta-da! It's a fuck harness! Now I can walk out of here with you safely attached and I can keep my hands free while I fuck you on the way home! Isn't that great?",
            "Haruka doesn't even wait for an answer as she sets you face down onto the ground and begins to lock your wrists into the strange harness. Then, she places a metal rod between your ankles and connects the cuffs on the bar to your ankles and completes the harness.",
            "With her work done, Haruka sets you upright and steps through the bar between your legs and slides you up her body, letting you feel her cock travel along your back before you rest comfortably on her torso. Haruka starts to fiddle with the straps on her back and before tightening it any further, Haruka presses you halfway down onto her cock.",
            "Speaks",
                "Ahhh, there we go, now to just finish tightening this and we can be on our way!",
            "You hear as several clicks sound off and your arms are cinched tighter around Haruka's back. With this, your body now clings tightly to Haruka's and she takes a few practice steps to see if you will come loose at all. Each step she takes sends her cock bobbing further up into your ass.",
            "Speaks",
                "Oh it works so well, I might even have to go shopping with you like this, it feels go good!",
            "Haruka turns and begins to walk towards the exit of the Caverns, enjoying the feeling of your body being rocked against her constantly. Meanwhile to you each step she takes is another shock of pleasure that courses through your brain, leaving you hopelessly horny and unable to plan any escape plan.",
            "After just a few minutes into her walk, your body can't take it anymore and your cock bursts out with another orgasm that coats the ground in front of Haruka. She smirks and grips your chin as your drained cock twitches as it slowly goes soft again.",
            "Speaks",
                "Looks like I'm not the only one enjoying themselves, huh?",
            "You try to respond to Haruka, but instead a babbling moan comes out of your throat and Haruka laughs at you again as she continues walking, enjoying the dull moans of pleasure that she squeezes out of you with each step she takes.",
            "Eventually, Haruka hits another breaking point as her cock slides up and down inside your ass for so long that she lets out a long moan of pleasure as she bends over, forcing you deep to the hilt of her cock as she bursts another load into your stomach.",
            "This time, Haruka doesn't remove you to let the cum out, and you are forced to deal with the sensation of being so full from haruka's cum filling your internal systems all the way up to your stomach. You groan and can hear the sloshing sounds as Haruka recovers and continues moving forward.",
            "Speaks",
            "Ahhhh, that felt so good, and now that you're so lubed up you slide so much more easily on my cock, lucky you!",
            "Your mind feels like it's breaking as you are fucked for what feels like an hour as Haruka continues to wander around the Caverns. She looks at her map several times and it is very clear that Haruka is lost, not that she really minds it as she caresses your stomach.",
            "Speaks",
            "Don't worry, soon we'll be back to town and we'll have some more fun in a nice, warm bed.",
            "But as she says that, a sickly sweet scent fills the air and Haruka tenses up, clearly aware of what is going on.",
            "Speaks",
            "Shit, a Toxic Matango den?! But I didn't see any signs around here!",
            "Haruka tries to run away, causing her cock to pump into your insides at such a fast rate you can't help but grunt in time with her steps and let your tongue stick out of your mouth in pleasure.",
            "Haruka doesn't make it through the thick cloud of purple spores that cloud her vision, and her cheeks turn rosy and her words start to slur as she stumbles around, and soon enough she passes out backwards onto the floor.",
            "As she lands, something within the harness unlocks and your limbs are freed, and you immediately start to wiggle and pull yourself off of Haruka's cock, letting her semen flow out onto her body as it finally vacates from your body.",
            "Exhausted and riddled with pleasure, you collapse onto the ground and pass out before the Toxic Matangos arrive to have their way with you or Haruka.",
            "ChangeSensitivity", "Ass", "20",
            "ChangeFetish", "Monstrosity", "20",
            "GameOver"
            ],
            "picture": ""
        }
    ],
    "combatDialogue": [
        {
            "lineTrigger": "StartOfCombat",
            "move": "",
            "theText": [ "|f|CallCombatEventAndScene|/|Haruka2CombatEvent|/|FightIntro|n|"]
          },
        {
            "lineTrigger": "HitWith",
            "move": "Spank",
            "theText": [ "'Oh, wanna get rough with me?'",
                        "'Your hands are so nice, what else can they do?'",
                        "'You better hit a lot harder if you wanna get me off.'"]
        },
        {
            "lineTrigger": "HitWith",
            "move": "Caress",
            "theText": [ "'Your hands are so nice, what else can they do?'",
                         "'Hahhh...♥ Mmmm...♥'",
                         "'You can't keep your hands off me, can you?'"]
        },
        {
            "lineTrigger": "HitWith",
            "move": "Whip",
            "theText": [ "'Oh, wanna get rough with me?'",
                        "'You better not leave a mark.'",
                        "'Nngh, you better stop before I get rough with you.♥'"]
        },
        {
            "lineTrigger": "HitWith",
            "move": "Demon Layer",
            "theText": [ "'Eh? What is that thing?'",
                        "'D-do you have another whip you could use?'",
                        "'It's polite to at least take this serious instead of using some fake toy.'"]
        },
        {
            "lineTrigger": "HitWith",
            "move": "Holy Headpat",
            "theText": [ "'...Huh?'",
                        "'What is this supposed to do?'",
                        "'You should put your hands on my other head.'"]
        },
        {
            "lineTrigger": "HitWith",
            "move": ["Magical Binding", "Bondage Net", "Pin"],
            "theText": [ "'Oh nooo, please don't take advantage of me.♥'",
                        "'Getting a bit rough, are we?'",
                        "'Oh ho? What are you gonna do with me now?'"]
        },
        {
            "lineTrigger": "HitWith",
            "move": ["Finger, Dildo"],
            "theText": [ "'Mmmh, is that all you've got?'",
                        "'I think that was a perfect pick me up before the main course.♥'",
                        "'Awww c'mon, don't be a tease.'"]
        },
        {
            "lineTrigger": "HitWith",
            "move": ["Arouse", "Arousara", "Arousero"],
            "theText": [ "'W-Woah!♥'",
                        "'MMM!♥ D-Damn magic!'",
                        "'Th-That was nothing!'"]
        },
        {
            "lineTrigger": "HitWith",
            "move": "Electrify",
            "theText": [ "'I'm going to make you pay for that...'",
                        "'I'm gonna fuck you until you can't cast that magic anymore!'",
                        "'Oooohh! You better knock that off!'"]
        },
        {
            "lineTrigger": "HitWith",
            "move": ["Grope Ass", "Squeeze Ass", "Massage Ass", "Fondle Ass"],
            "theText": [ "'Heh, sure you don't wanna play with my tits?'",
                        "'That's it, work your hands on my body.♥'",
                        "'Mnnn...♥'"]
        },
        {
            "lineTrigger": "HitWith",
            "move": ["Breast Caress", "Breast Knead", "Breast Massage", "Breast Fondle"],
            "theText": [ "'Hahhh...♥ Mmmm...♥'",
                        "'You can't keep your hands off me, can you?'",
                        "'Mnnnn...Haaa♥'"]
        },
        {
            "lineTrigger": "HitWith",
            "move": "Suckle",
            "theText": [ "'WH- H-Hey! C-Cut that ouuuuuttt...♥'",
                        "'Mnnn, keep sucking.♥'",
                        "'T-That's right, work that tongue.♥'"]
        },
        {
            "lineTrigger": "HitWith",
            "move": ["Charm", "Charm Wave"],
            "theText": [ "'Oh, well I guess I could help satisfy you. Better keep up.♥'",
                         "'I'm gonna fuck you silly now.♥'"]
        },
        {
            "lineTrigger": "HitWith",
            "move": "Sleep",
            "theText": [ "'Tch, talk about {i}yawn{/i} a cheap trick'",
                         "'How am I supposed to fuck you if I'm asleep?!'"]
        },
        {
            "lineTrigger": "HitWithA",
            "move": "Anal Penetration",
            "theText": [ "'W-Whoa! I'm supposed to do this to you!'",
                         "'Hey! Leave my ass alone!'"]
        },
        {
            "lineTrigger": "HitWith",
            "move": "Insert",
            "theText": [ "'Y-You really want to fuck me?'",
                         "'Hey no fair! I was gonna fuck you!'"]
        },
        {
            "lineTrigger": "HitWith",
            "move": "Pinch Nipples",
            "theText": [ "'A-Ahh!♥'",
                         "'G-Gentler, please!♥'"]
        },
        {
            "lineTrigger": "HitWith",
            "move": ["Seduce", "Enamor", "Smoldering Seduction", "Smoldering Flaunt", "Massaging Seduction", "Mass Seduction"],
            "theText": [ "'Oh yeah, talk dirty to me baby.♥'",
                         "'Come here, I want to see if those lips are only good for talking.♥'"]
        },
        {
            "lineTrigger": "HitWith",
            "move": ["Pound", "Multi Thrust", "Empowered Thrust", "Carrying Fuck"],
            "theText": [ "'Fuck!♥ Yes!♥ That's it!♥'",
                         "'More!♥ More!♥ More!♥'",
                         "'Your dick feels so good!♥'"]
        },
        {
            "lineTrigger": "HitWith",
            "move": ["Tantric Thrust", "Passionate Lovemaking"],
            "theText": [ "'You won't defeat me!'",
                        "'Knock that off and just fuck me!'",
                        "'Make sweet love to me!♥'"]
        },
        {
            "lineTrigger": "HitWithA",
            "move": ["Pound", "Thrust", "Multi Thrust", "Empowered Thrust", "Carrying Fuck", "Anal Piston", "Channeling Thrust"],
            "theText": [ "'Fuck!♥ Yes!♥ That's it!♥'",
                         "'More!♥ More!♥ More!♥'",
                         "'Your dick feels so good!♥'"]
        },
        {
            "lineTrigger": "HitWithA",
            "move": ["Tantric Thrust", "Passionate Lovemaking"],
            "theText": [ "'You won't defeat me!'",
                        "'Knock that off and just fuck me!'",
                        "'Make sweet love to me!♥'"]
        },
        {
            "lineTrigger": "HitWith",
            "move": ["Lewd Bottle", "Cloying Mist", "Placebo Pheromone"],
            "theText": [ "'Ha, I specced into resisting that! Nice try, idiot.'",
                        "'Why don't you try something more direct instead of using cheap tricks.'",
                        "'I don't need cheap tricks to get horny, I'm already stiff as a rock.♥'"]
        },
        {
            "lineTrigger": "HitWith",
            "move": ["Enfeeble", "Sensitize"],
            "theText": [ "'W-What kind of cheap trick is this...?'",
                        "'D-Damn you... My dick feels so tender...'",
                        "'Y-You'll pay for messing with me...'"]
        },
        {
            "lineTrigger": "HitWith",
            "move": "Disarming Appeal",
            "theText": [ "'Fine, I can go slower.'",
                        "'What is this? You want me to be gentle?'"]
        },
        {
            "lineTrigger": "HitWith",
            "move": ["Kiss", "Make Out"],
            "theText": [ "'Hehe, get ready.'",
                        "'I'm gonna put those lips of yours to real use.'",
                        "'Better get those lips ready for something else.'"]
        },
        {
            "lineTrigger": "HitWith",
            "move": ["Deep Kiss", "Lovingly Rough Kiss", "Sensually Seductive Kiss", "Skillfully Passionate Kiss", "Misty Kiss"],
            "theText": [ "'Grope my breasts while we kiss...'",
                        "'MMph?!♥'",
                        "'Mnn- You're a pretty good kisser...♥'"]
        },
        {
            "lineTrigger": "HitWith",
            "move": "Ear Tease",
            "theText": [ "'G-Get off me...♥'",
                        "'N-No fair, I was supposed to dominate you...♥'",
                        "'Mnnn.♥'"]
        },
        {
            "lineTrigger": "HitWith",
            "move": "Analyze",
            "theText": [ "'Getting a good look at me?'",
                         "'Yeah check out this cock while you can, before it disappears inside you.♥'"]
        },
        {
            "lineTrigger": "UsesMove",
            "move": "Anal Penetration - Futa",
            "theText": [
                "'C'mon bitch, let me fuck your ass!'",
                "'I hope you like taking it in the ass.'",
                "'Geez, you're so tight!'"
            ]
        },
        {
            "lineTrigger": "UsesMove",
            "move": "Anal Piston - Futa",
            "theText": [
                "'MMph!♥ Take my cock up your ass!'",
                "'You take my cock like a champ!'",
                "'Don't go quitting on me yet!'"
            ]
        },
        {
            "lineTrigger": "UsesMove",
            "move": "Carrying Fuck - Futa",
            "theText": [
                "'I love hearing your ass slap against my cock while I fuck you.'",
                "'How long can you take my cock ripping up your ass?'",
                "'You should moan some more for me while I plow your ass.'"
            ]
        },
        {
            "lineTrigger": "UsesMove",
            "move": "Cock Stomping",
            "theText": [
                "'Awww, your little cock feels so good under my heel.♥'",
                "'Did getting your little dick stepped on feel good you perv?'",
                "'Come on, are you really that hard from my feet crushing your dick?'"
            ]
        },
        {
            "lineTrigger": "UsesMove",
            "move": "Face Down, Ass Up",
            "theText": [
                "'Now you're in the proper position for me to fuck your ass.'",
                "'What a good little servant, bowing to your master's cock.'",
                "'MMph.♥ I'm gonna fuck you senseless now.'"
            ]
        },
        {
            "lineTrigger": "UsesMove",
            "move": "Face Fuck - Futa",
            "theText": [
                "'I'm gonna use your throat like a toy.'",
                "'How does your throat feel getting abused by my monstrous cock?'",
                "'Poor little [TargetName], gagging and moaning on my dick.♥'"
            ]
        },
        {
            "lineTrigger": "UsesMove",
            "move": "Foot Lock Down",
            "theText": [
                "'Oh how easily you fell to my feet.♥'",
                "'Come on, it's like you want to be dominated by my feet.'",
                "'Do you like how my stockings feel against your tiny dick?'"
            ]
        },
        {
            "lineTrigger": "UsesMove",
            "move": "Leg Lock Fellatio",
            "theText": [
                "'MMph!♥ That's it! Choke on my cock!♥'",
                "'Choke on my cock you whore!♥'",
                "'I'll fuck your throat so hard you won't be able to talk for weeks!'"
            ]
        },
        {
            "lineTrigger": "UsesMove",
            "move": "Mouth Filler",
            "theText": [
                "'I love having you on your knees, now accept my cock into your mouth.♥'",
                "'How does it feel having my cock in your mouth?'",
                "'Hope you like the taste of my cock, [TargetName].♥'"
            ]
        },
        {
            "lineTrigger": "UsesMove",
            "move": "Overlimit",
            "theText": [
                "'Now I'm really serious!'",
                "'Can you handle me now?!'",
                "'I'm gonna fuck you into the ground!'"
            ]
        },
        {
            "lineTrigger": "UsesMove",
            "move": "Pin",
            "theText": [
                "'Heh, guess I am stronger than you after all.'",
                "'You scared to be pinned by me?'",
                "'I hope you're ready for the fucking of a lifetime.'"
            ]
        },
        {
            "lineTrigger": "UsesMove",
            "move": "Pound - Futa",
            "theText": [
                "Haruka lets out foul, bestial grunts as she plows your ass.",
                "'Hngh.♥ Your ass feels so good.♥'",
                "'I'm going to fuck you into the ground.♥'"
            ]
        },
        {
            "lineTrigger": "UsesMove",
            "move": "Power Up!",
            "theText": [
                "'Now I'm really serious!'",
                "'Can you handle me now?!'",
                "'I'm gonna fuck you into the ground!'"
            ]
        },
        {
            "lineTrigger": "UsesMove",
            "move": "Ramming Speed",
            "theText": [
                "Haruka lets out foul, bestial grunts as she plows your ass.",
                "'Hngh.♥ Your ass feels so good.♥'",
                "'I'm going to fuck you into the ground.♥'"
            ]
        },
        {
            "lineTrigger": "UsesMove",
            "move": "Reach Around",
            "theText": [
                "'I don't wanna forget about this little guy.♥'",
                "'Don't go calling me a selfish lover now.♥'",
                "'I love that you're hard while I'm fucking your ass.♥'"
            ]
        },
        {
            "lineTrigger": "UsesMove",
            "move": "Sole Face Scrub",
            "theText": [
                "'Your face makes a good footrest.'",
                "'It'd be nice if you used your tongue on my feet too.'",
                "'Well whaddya know, your face is good for something.'"
            ]
        },
        {
            "lineTrigger": "UsesMove",
            "move": "Stocking Stuffing",
            "theText": [
                "'That's right loser, breathe in the sweaty smell of my stockings.'",
                "'Did any of my sweat get into your mouth? I bet that can't taste good.'",
                "'Wanna try giving my toes a kiss while they're all over your face?'"
            ]
        },
        {
            "lineTrigger": "UsesMove",
            "move": "Thrust - Futa",
            "theText": [
                "'Can you feel my dick just tearing you up inside?'",
                "'You're so warm, it feels so great.♥'",
                "'How much longer can you take my dick being inside you?'"
            ]
        },
        {
            "lineTrigger": "UsesMove",
            "move": "Frotting",
            "theText": [
                "'Heh, guess it's mean to compare cocks like this.'",
                "'That can't be its full size. Really?'",
                "'Guess it's a good thing I'm the one doing the fucking.'"
            ]
        },
        {
            "lineTrigger": "UsesMove",
            "move": "Aphrodisiac Cock",
            "theText": [
                "'Can you feel your mind breaking? I'll drive you insane off my cum.'",
                "'I'll fill you up so much you won't remember anything but getting fucked.'",
                "'Don't worry, I'll take good care of you when you submit to my cock.♥'"
            ]
        },
        {
            "lineTrigger": "UsesMove",
            "move": "Flattened Fucking",
            "theText": [
                "'I'll grind you into dust!'",
                "'Guoh, your ass feels so good!'",
                "'Come on, take all of my cock!'"
            ]
        },
        {
            "lineTrigger": "UsesMove",
            "move": "Taunting Grind",
            "theText": [
                "'You'll be an onahole for my cock for the rest of your life.♥'",
                "'I'll be sure to use you every day and keep that ass nice and stretched.'",
                "'I'll chain you up in my house and let anyone who comes over get a chance to use you all they like.♥'"
            ]
        },
        {
            "lineTrigger": "UsesMove",
            "move": "Mating Press",
            "theText": [
                "'Now I can watch your face as I fuck you senseless.'",
                "'Make plenty of good faces for me!'",
                "'How's this for a good position? '"
            ]
        },

        {
            "lineTrigger": "StanceStruggle",
            "move": "Anal - Futa",
            "theText": [ "You attempt to get away from Haruka's massive cock plowing your ass..."]
        },
        {
            "lineTrigger": "StanceStruggleFail",
            "move": "Anal - Futa",
            "theText": [ "But Haruka hooks her arms under yours and puts you into a full nelson as she forces her cock deeper into your ass.",
                         "But Haruka grabs you by the waist and aggressively shoves you back onto her cock.",
                         "But the heavy rhythm of Haruka fucking your ass leaves you unable to break free."]
        },
        {
            "lineTrigger": "StanceStruggleComment",
            "move": "Anal - Futa",
            "theText": [ "'Tch, you aren't done until I say you're done!'",
                         "'Don't think I'm gonna go easy on an ass like this!'",
                         "'Your ass feels so good, don't you dare break away now!'"]
        },
        {
            "lineTrigger": "StanceStruggleFree",
            "move": "Anal - Futa",
            "theText": [ "And break free from the horny futa!"]
        },
        {
            "lineTrigger": "StanceStruggleFreeComment",
            "move": "Anal - Futa",
            "theText": [ "'Hmph, I'll just have to fuck you harder next time.'",
                         "'I'm surprised you can walk after what my cock just did to you.'",
                         "'How'd my dick feel? Bet you can't wait for more, huh?'"]
        },
        
        {
            "lineTrigger": "StanceStruggle",
            "move": "Irrumatio",
            "theText": [ "You struggle to pull your mouth away from Haruka's cock..."]
        },
        {
            "lineTrigger": "StanceStruggleFail",
            "move": "Irrumatio",
            "theText": [ "But Haruka grabs you by the face and forces you back down onto her cock, gagging you for a moment as she does so.",
                         "But Haruka wraps her thick legs around your head and locks in a submission to force you back down onto her cock.",
                         "But Haruka's cock violating your mouth has left you disoriented and you can't pull away fast enough."]
        },
        {
            "lineTrigger": "StanceStruggleComment",
            "move": "Irrumatio",
            "theText": [ "'Nngh, stop trying to get away!'",
                         "'Cocksleeves aren't supposed to resist!'",
                         "'Stay still, you're throat feels too good so don't ruin my fun!'"]
        },
        {
            "lineTrigger": "StanceStruggleFree",
            "move": "Irrumatio",
            "theText": [ "And manage to free yourself from her cock violating your throat!"]
        },
        {
            "lineTrigger": "StanceStruggleFreeComment",
            "move": "Irrumatio",
            "theText": [ "'Fine, but I'm still gonna find a way to plow your throat.'",
                         "'How'd my cock taste? Pretty good, huh?'",
                         "'I'm not done with you yet!'"]
        },

        {
            "lineTrigger": "StanceStruggle",
            "move": "Footjob",
            "theText": [ "You attempt to roll away from Haruka's stockinged feet..."]
        },
        {
            "lineTrigger": "StanceStruggleFail",
            "move": "Footjob",
            "theText": [ "But Haruka's stocking-clad feet have too great of a hold on your dick.",
                         "But the constant rubbing of Haruka's feet feels too good on your cock.",
                         "But Haruka rubs her foot on your face and the scent of her feet keeps you in place."]
        },
        {
            "lineTrigger": "StanceStruggleComment",
            "move": "Footjob",
            "theText": [ "'C'mon you perv, I know you like my feet.'",
                         "'Just stay down and let my feet do the talking!'",
                         "'Don't you just love my perfect feet?'"]
        },
        {
            "lineTrigger": "StanceStruggleFree",
            "move": "Footjob",
            "theText": [ "And manage to regain your footing and put distance between you and Haruka!"]
        },
        {
            "lineTrigger": "StanceStruggleFreeComment",
            "move": "Footjob",
            "theText": [ "'Huh, guess you aren't a feet guy.'",
                         "'Well, guess I just gotta put my cock to work against you now.♥'",
                         "'I'm gonna make you regret running from my feet.'"]
        },

        {
            "lineTrigger": "LowHealth",
            "move": "",
            "theText": [
            "'W-Woah now, am I gonna lose to a chump like you?!'"
            ]
        },
        {
            "lineTrigger": "PlayerLowHealth",
            "move": "",
            "theText": [
            "'That's it, you can't resist my power forever!♥'"
            ]
        },
        {
            "lineTrigger": "OnPlayerOrgasm",
            "move": ["Anal Piston", "Carrying Fuck", "Face Down, Ass Up", "Pound", "Ramming Speed", "Thrust"],
            "theText": [
            "As Haruka's intense cock plows into your ass again and again, you find yourself unable to hold back from pleasure any longer, and you fire out rope after rope of cum at the ground as Haruka lifts your body slightly and speeds up her fucking as she milks out your cum by plowing your ass."
            ]
        },
        {
            "lineTrigger": "OnPlayerOrgasm",
            "move": ["Cock Stomping", "Sole Face Scrub", "Stocking Stuffing"],
            "theText": [
            "Haruka's feet keep massaging your dick continuously, with the occasional foot descending onto your face to force you to breathe in the sweaty scent of her socks. The constant assault on your sense by her feet continue to mount until you finally cum and fire off your load high into the air as Haruka lets out mocking chuckle."
            ]
        },
        {
            "lineTrigger": "OnPlayerOrgasm",
            "move": ["Face Fuck", "Leg Lock Fellatio", "Mouth Filler"],
            "theText": [
            "As Haruka's cock continues to vigorously fuck your throat, you find the rough, dominant behavior arousing. Your cock twitches and swells with pleasure after each thrust from Haruka, before you finally cum and fire your load as Haruka forces your head all the way to the base of her cock, causing you to gag and choke until you finish cumming."
            ]
        },
        {
            "lineTrigger": "OnOrgasm",
            "move": "",
            "theText": [
            "Haruka's eyes widen in shock and pleasure, as her smug and dominant attitude fades and she lets out a howling moan in pleasure as her oversized cock fires out a wave of white cum."
            ]
        },
        {
            "lineTrigger": "OnSurrender",
            "move": "",
            "theText": [ "Haruka smirks and approaches you as you surrender to her, and her cock twitches in anticipation. 'Giving up, ay? Well don't think that frees you from what's about to happen.'"]
        }
    ],
    "victoryScenes": [
        {
            "NameOfScene": "",
            "move": "",
            "stance": "",
            "includes": [""],
            "theScene": [
            ""
            ],
            "picture": ""
        }
    ],
    "pictures": [
        {
            "Name": "Expression",
            "StartOn": "1",
            "AlwaysOn": "1",
            "IsScene": "0",
            "TheBody": "1",
            "Overlay": "No",
            "setXalign": "0.0",
            "setYalign": "0.20",
            "Images": [
                {
                    "Name": "Base",
                    "File": "../Mods/Diminuendo/Images/Haruka/HarukaBase.png",
                    "setXalign": "0.0",
                    "setYalign": "0.0"
                },
                {
                    "Name": "HarukaHorny",
                    "File": "../Mods/Diminuendo/Images/Haruka/HarukaHorny.png",
                    "setXalign": "0.0",
                    "setYalign": "0.0"
                }
            ]
        }
    ]
}
