{
    "name": "Giant Nara's Boobs",
    "IDname": "NarasBoobs",
    "species": "Human",
    "gender": "female",
    "description": "The breasts of the alluring Nara. You feel an intense heat coming from the tanned beauty as she continues to dance while containing you inbetween her breasts.",
    "encyclopedia": "",
    "tags": "none",
    "generic": "False",
    "requires": [""],
    "skillList": [
        "Alluring Sway", "Bouncing Bombardment", "Energetic Sway", "Sensual Sway", "Squeezing Breasts", "Suffocating Breasts"
    ],
    "perks": [""],
    "stats": {
      "lvl": "20",
                "Exp": "250",
                "max_hp": "400",
                "max_ep": "100",
                "max_sp": "1",
                "Power": "30",
                "Technique": "15",
                "Intelligence": "10",
                "Allure": "30",
                "Willpower": "20",
                "Luck": "15"
    },
    "Fetishes": [""],
    "BodySensitivity": { "Sex": "90",
              "Ass": "90",
              "Breasts": "175",
              "Mouth": "110",
              "Seduction": "110",
              "Magic": "110",
              "Pain": "50",
              "Holy": "100",
              "Unholy": "100"
    },
    "resistancesStatusEffects": {
        "Stun": "100",
        "Charm": "0",
        "Aphrodisiac": "100",
        "Restraints": "100",
        "Sleep": "100",
        "Trance": "100",
        "Paralysis": "100",
        "Debuff": "0"
    },
    "moneyDropped": "650",
    "ItemDropList": [
                      {
                        "name": "Circlet of Seduction",
                        "dropChance": "10"
                      },
                      {
                        "name": "Lovers Rune",
                        "dropChance": "20"
                      },
                      {
                        "name": "Whimsical Bangle",
                        "dropChance": "20"
                      },
                      {
                        "name": "Enlightenment Rune",
                        "dropChance": "10"
                      }
                    ],
    "lossScenes": [
        {
            "NameOfScene": "A crushing defeat",
            "move": "",
            "stance": "",
            "includes": [""],
            "theScene": [
            "You go limp inside the warm confines of Nara's breasts, beaten down by their relentless assault. Nara slows her dancing to a stop as she feels you lose your will to fight back.",
            "ChangeImageLayer", "Expression", "1", "Nervous",
            "Speaks",
            "Hmmm? Finally ready to admit defeat?",
            "After getting no response you see a stream of light pour in from above as Nara separates her breasts to check on you. You see an almost worried look in her eyes until she sees that you're still alive, after which she perks back up.",
            "ChangeImageLayer", "Expression", "1", "Happy",
            "Speaks",
            "Oh geez, don't scare me like that. I was worried that woman lied to me when she said you'd be indestructible.",
            "You can't even muster the strength to ask what she's talking about before she lets go of her breasts, trapping you in the darkness yet again.",
            "Speaks",
            "Now, remember our deal? I'm gonna have a lot of fun with you.♥",
            "Her breasts shift and shake with each step she takes, as she walks for what feels like hours until you hear the familiar hustle and bustle of town.",
            "ChangeBG", "town.png",
            "It doesn't take long before you hear Nara enter a building and you hear her talking to Vivian. She seems to be in a good mood as she says goodbye to Vivian and heads up to her room.",
            "As Nara climbs the stairs to her room you are subjected to the most turbulent part of your stay in her cleavage. Constant rocking back and forth as her breasts press themselves all over your body.",
            "Soon enough, Nara makes it to her room and locks the door behind herself as she lets herself fall face first into her bed. You feel your surroundings constrict and all of Nara's weight collapses onto you, knocking the air out of you as she does so.",
            "ChangeImageLayer", "Expression", "1", "Pleasured",
            "Speaks",
            "Ahhhhh, what a relief to get back to bed after a long trip out. And, I even got a little toy to keep me company for a little bit.♥",
            "As she says this she props herself onto one elbow and uses her free hand to fish you out of her top and lets you sit on the bed in front of her to let you catch your breath.",
            "She watches you with happy eyes as you rest underneath her face, her warm breath washing over your exhausted body. You stir slightly and pull yourself into a seated position.",
            "ChangeImageLayer", "Expression", "1", "Seductive",
            "Nara's eyes focus on you as you sit up, and she rests her head on the bed next to you, and she giggles as the weight of her head slopes the surface your sitting on towards her. Avoiding falling over you scramble back slightly so you don't tumble towards the giant dancer's face.",
            "ChangeImageLayer", "Expression", "1", "Smug",
            "Speaks",
            "Awww what's the matter, don't wanna come near my big cute face? That's fine, I think I've got something different you could do far away from my face.",
            "A hand grabs you from behind and lifts you up into the air. Nara starts to move you to her back, and you see your destination as she pulls back the band on her see-through pants with her other hand.",
            "You struggle against Nara's hand as you pass into her pants and are dropped onto her shapely rear. You bounce slightly as you land on Nara's butt, eliciting a giggle from the tanned girl. As you settle onto her you hear her talking to you.",
            "ChangeImageLayer", "Expression", "1", "Dominant",
            "Speaks",
            "Y'know, I spend so much time on my feet and using my legs... I think a valuable use of my win over you is to have you massage my legs and butt, doesn't that sound nice to you?",
            "You try to shout to her, telling her that she should let you go. It seems your words fall on deaf ears as she shakes her butt, causing you to shake and almost lose your footing and fall into her panty-clad asscrack.",
            "ChangeImageLayer", "Expression", "1", "Serious",
            "Speaks",
            "Now, if you don't want to go the massage route I can think of some things that I could do with you, but I feel like those would be a lot more unfavorable in your mind. So I would hurry up and start working on my calves.",
            "Not wanting to hear what else Nara may have planned for you, you start to navigate down her legs until you reach her toned, well trained calves.",
            "ChangeImageLayer", "Expression", "1", "Happy",
            "You bend down and start to work on her tired muscles with your hands, pushing and kneading to the best of your smaller capability. Your hands work tirelessly on the impressively huge calves of Nara but after a minute you don't hear or feel her react.",
            "Doubling down, you try to put more effort into the massage, determined to get Nara to react to your actions. You work your hands across her leg with great force, even going so far as to occasionally punch the tight muscles of Nara's leg.",
            "This goes on for another minute as beads of sweat start to form on your brow, and you start breathing a little harder. As you slow down you see Nara tilt her head back as she shouts words of encouragement to you.",
            "Speaks",
            "Awwww, don't feel too bad. I know how badly my boobs beat you around earlier. Tell you what, how about you just come up to my thighs and start worshipping them? I'm sure that'll feel just fine.♥",
            "You sigh, unheard by Nara, and start the trek back up her leg. Crossing past her knee and onto the more jiggly flesh of her thigh, you wonder how exactly you should go about worshipping the expansive mass.",
            "Worried that taking too long will make Nara do something unpleasant to you, you drop to your knees and start to kiss her massive thighs.",
            "As you keep kissing Nara's legs you hear her laugh, and her legs shake as she laughs at your actions.",
            "Speaks",
            "Hahahaha, your lips against my legs tickle! That feels great!",
            "However, as she laughs at the sensation of you worshipping her, her thighs begin to bounce and jiggle. You try to stay low to her thigh and cling to it, but find no purchase against her smooth skin and you bounce for just a moment into the air before landing at an odd angle and rolling into the valley between Nara's legs.",
            "You recover as the net-like fabric of Nara's pants catch you and hold you loosely against her leg as Nara continues to laugh. You try to regain your footing but the fabric of her pants aren't strong enough to help you stand up and you fall over again.",
            "Nara feels you struggling against the inside of her thigh as she calms down from her laughter, and with a smirk suddenly moves her other thigh to sandwich you between the two immense pillars of flesh.",
            "Speaks",
            "Well geez, if you wanted to get so intimate with my legs all you had to do was ask.♥",
            "She begins to rub her legs back and forth, rolling you against the soft flesh at a constant pace. After the battering you received previously you have no energy left to fight against the legs of the giant woman, and allow her to have her fun with your body.",
            "Nara continues to giggle at your misfortune as she rolls you back and forth, but eventually she stops and separates her legs to see that you have stuck to one of her legs from the heat and humidity of your prison.",
            "She laughs a little as she brings a finger close to you and presses on your torso, smushing you deeper into her thigh. When she recovers from laughing again at your misfortune she lifts the waistband of her pants again and plucks you from your fleshy prison and sets you on the bed yet again.",
            "Speaks",
            "Alright now dear, I think I've had my fun with you. I'm gonna go take a bath and relax by myself, the mage said that you'd grow back on your own and you should be warped back to the church to recover, so I hope you have a good time.♥",
            "With that she stands up and saunters to the next room over, where you hear a small amount of running water in the distance. You lay in the soft bed as a tingling sensation courses through your body, and in little time you have been restored to your regular height.",
            "You can't even move an inch, however, as the exhaustion and difficulties of handling Nara flood back into you, and you pass out on her bed soon enough...",
            "ChangeFetish", "Legs", "5",
            "ChangeFetish", "Breasts", "5",
            "GameOver"
            ],
            "picture": ""
        }
    ],
    "combatDialogue": [
      {
          "lineTrigger": "SetMusicTo",
          "move": "",
          "theText": [ "music/Mountain/Purple Planet Music - Energy - Salsa Nites (2_13) 120bpm.mp3"]
      },
        {
          "lineTrigger": "StartOfCombat",
          "move": "",
          "theText": [ "|f|CallCombatEventAndScene|/|NarasBoobsCombat|/|FightIntro|n|"]
          },
          {
          "lineTrigger": "EndOfRound",
          "move": "",
          "theText": [ "|f|CallCombatEventAndScene|/|NarasBoobsCombat|/|BreastCheck|n|"]
          },
          {
            "lineTrigger": "HitWith",
            "move": ["Breast Caress", "Breast Fondle", "Breast Knead", "Breast Massage"],
            "theText": [
              "|f|ChangeImageLayer|/|Expression|/|Base|n|'MMmmm...♥'",
              "|f|ChangeImageLayer|/|Expression|/|Base|n|You easily sink into her soft breasts, making her moan in delight.",
              "|f|ChangeImageLayer|/|Expression|/|Base|n|'Ahhh...♥'"
            ]
        },
        {
            "lineTrigger": "HitWith",
            "move": ["Arouse", "Arousara", "Arousaga"],
            "theText": [
              "|f|ChangeImageLayer|/|Expression|/|Pleasured|n|'Uwa?! Hahhh...♥ Don't think I'll miss a beat because of that...'",
              "|f|ChangeImageLayer|/|Expression|/|Pleasured|n|'Mmmmnnn,♥♥♥ so... Tingly.♥'",
              "|f|ChangeImageLayer|/|Expression|/|Pleasured|n|'Fufufu, I won't let your magic beat me.♥'"
            ]
        },
        {
            "lineTrigger": "HitWith",
            "move": "Electrify",
            "theText": [
              "|f|ChangeImageLayer|/|Expression|/|Serious|n|'AH!? Y-You're the worst!'",
              "|f|ChangeImageLayer|/|Expression|/|Serious|n|'KYA! You're not very romantic, are you...?'",
              "|f|ChangeImageLayer|/|Expression|/|Serious|n|She slaps at her breasts to jumble you around in anger."
            ]
        },
        {
            "lineTrigger": "HitWith",
            "move": ["Charm", "Charm Wave"],
            "theText": [
              "|f|ChangeImageLayer|/|Expression|/|Seductive|n|'Mmmm...♥ Is this love?♥'",
              "|f|ChangeImageLayer|/|Expression|/|Happy|n|'Ahhh...♥ Now I wanna dance all day!♥'"
            ]
        },
        {
            "lineTrigger": "HitWith",
            "move": ["Lewd Bottle", "Cloying Mist", "Placebo Pheromone"],
            "theText": [
              "|f|ChangeImageLayer|/|Expression|/|Happy|n|'Mmmm...♥ Aphrodisiacs huh?♥ Maybe I should get a few of those too...'",
              "|f|ChangeImageLayer|/|Expression|/|Seductive|n|'Ahhh...♥ You really want to make dancing harder for me, don't you.♥'",
              "|f|ChangeImageLayer|/|Expression|/|Seductive|n|'Did you really want to see me dancing while flushing with arousal {i}that{/i} badly?'"
            ]
        },
        {
            "lineTrigger": "HitWith",
            "move": ["Enfeeble", "Sensitize"],
            "theText": [
              "|f|ChangeImageLayer|/|Expression|/|Nervous|n|'Even if my legs feel like jelly, I wont stop dancing.'",
              "|f|ChangeImageLayer|/|Expression|/|Nervous|n|'Could you just watch me dance for a moment?'",
              "|f|ChangeImageLayer|/|Expression|/|Nervous|n|'Everything's so tingly now...'"
            ]
        },
        {
            "lineTrigger": "HitWith",
            "move": "Disarming Appeal",
            "theText": [
              "|f|ChangeImageLayer|/|Expression|/|Seductive|n|'Don't know how to dance? Don't worry, I'll teach you.♥'",
              "|f|ChangeImageLayer|/|Expression|/|Seductive|n|'I can move a little slower if you need me to, you'll enjoy it more.♥'",
              "|f|ChangeImageLayer|/|Expression|/|Seductive|n|'You're really cute when you're flustered.'"
            ]
        },
        {
            "lineTrigger": "HitWith",
            "move": ["Seduce", "Enamor", "Smoldering Seduction", "Smoldering Flaunt", "Massaging Seduction", "Mass Seduction"],
            "theText": [
              "|f|ChangeImageLayer|/|Expression|/|Seductive|n|'Mmmm, well aren't you the sweet talker.'",
              "|f|ChangeImageLayer|/|Expression|/|Seductive|n|'Come on then, dance with me.♥'",
              "|f|ChangeImageLayer|/|Expression|/|Happy|n|'Hey, call me cute again.♥'"
            ]
        },
        {
            "lineTrigger": "HitWith",
            "move": "Lick",
            "theText": [
            "|f|ChangeImageLayer|/|Expression|/|Smug|n|'Awww, I can feel your little tongue on my boobs.♥'",
            "|f|ChangeImageLayer|/|Expression|/|Pleasured|n|'Guess you're going crazy for my boobs in there.♥'",
            "|f|ChangeImageLayer|/|Expression|/|Happy|n|'That's the spirit, you can't beat me so just please me instead.'"
            ]
        },
        {
            "lineTrigger": "UsesMove",
            "move": "Alluring Sway",
            "theText": [
              "|f|ChangeImageLayer|/|Expression|/|Cheerful|n|'Go on, enjoy the show!♥'",
              "|f|ChangeImageLayer|/|Expression|/|Seductive|n|'I hope you enjoy this as much as I do!'",
              "|f|ChangeImageLayer|/|Expression|/|Seductive|n|'Take it all in, enjoy every last moment of me.♥'"
            ]
        },
        {
            "lineTrigger": "UsesMove",
            "move": "Bouncing Bombardment",
            "theText": [
              "|f|ChangeImageLayer|/|Expression|/|Dominant|n|'Can you handle this?!♥'",
              "|f|ChangeImageLayer|/|Expression|/|Dominant|n|'I think you'll find I'm more than a handful now!'",
              "|f|ChangeImageLayer|/|Expression|/|Dominant|n|'Take this!♥'"
            ]
        },
        {
            "lineTrigger": "UsesMove",
            "move": "Energetic Sway",
            "theText": [
              "|f|ChangeImageLayer|/|Expression|/|Seductive|n|'Go on, enjoy the show!♥'",
              "|f|ChangeImageLayer|/|Expression|/|Cheerful|n|'Can you keep up?♥'",
              "|f|ChangeImageLayer|/|Expression|/|Happy|n|'Move along with me.♥'"
            ]
        },
        {
            "lineTrigger": "UsesMove",
            "move": "Sensual Sway",
            "theText": [
              "|f|ChangeImageLayer|/|Expression|/|Seductive|n|'Go on, enjoy the show!♥'",
              "|f|ChangeImageLayer|/|Expression|/|Seductive|n|'Give in to your urges, enjoy my breasts.♥'",
              "|f|ChangeImageLayer|/|Expression|/|Smug|n|'Can you resist my breasts?♥'"
            ]
        },
        {
            "lineTrigger": "UsesMove",
            "move": "Squeezing Breasts",
            "theText": [
              "|f|ChangeImageLayer|/|Expression|/|Happy|n|'I love how you feel between my breasts!♥",
              "|f|ChangeImageLayer|/|Expression|/|Smug|n|'Surrender your heart and mind to my boobs.♥'",
              "|f|ChangeImageLayer|/|Expression|/|Smug|n|'You better please me faster, or you'll be mine.♥'"
            ]
        },
        {
            "lineTrigger": "UsesMove",
            "move": "Suffocating Breasts",
            "theText": [
              "|f|ChangeImageLayer|/|Expression|/|Serious|n|'How long can you hold out like this?'",
              "|f|ChangeImageLayer|/|Expression|/|Smug|n|'Accept my boobs as your masters and I may go easy on you.♥'",
              "|f|ChangeImageLayer|/|Expression|/|Dominant|n|'This feeling of power feels so good!♥'"
            ]
        },
        {
            "lineTrigger": "StanceStruggle",
            "move": "Breastheld",
            "theText": [ "You struggle to climb your way out of Nara's gargantuan breasts..."]
        },
        {
            "lineTrigger": "StanceStruggleFail",
            "move": "Unbirth",
            "theText": [ "But she uses one finger to press on your head and plunge you back into her boobs."]
        },
        {
            "lineTrigger": "StanceStruggleComment",
            "move": "Unbirth",
            "theText": [ "|f|ChangeImageLayer|/|Expression|/|Serious|n|'Tsk, that wasn't part of the game.",
                         "|f|ChangeImageLayer|/|Expression|/|Serious|n|'Why are you trying to escape, are you doubting your abilities?'",
                         "|f|ChangeImageLayer|/|Expression|/|Smug|n|'You'll never please me by trying to run away."]
        },
        {
            "lineTrigger": "LowHealth",
            "move": "",
            "theText": [
            "|f|ChangeImageLayer|/|Expression|/|Panic|n|'H-Huh? Can you actually do it?!'"
            ]
        },
        {
            "lineTrigger": "PlayerLowHealth",
            "move": "",
            "theText": [
            "|f|ChangeImageLayer|/|Expression|/|Smug|n|'Awwww, running out of steam?'"
            ]
        },
        {
            "lineTrigger": "OnPlayerOrgasm",
            "move": "",
            "theText": [
            "|f|ChangeImageLayer|/|Expression|/|Dominant|n|'Teehee, guess you couldn't hold out for long against me."
            ]
        },
        {
            "lineTrigger": "OnOrgasm",
            "move": "",
            "theText": [
            "|f|ChangeImageLayer|/|Expression|/|Orgasm|n|'Kieeeee?!♥'"
            ]
        },
        {
            "lineTrigger": "OnSurrender",
            "move": "",
            "theText": [ "|f|ChangeImageLayer|/|Expression|/|Smug|n|'Was I really so intimidating?'"]
        }
    ],
    "victoryScenes": [
        {
            "NameOfScene": "",
            "move": "",
            "stance": "",
            "includes": [""],
            "theScene": [
            ""
            ],
            "picture": ""
        }
    ],
    "pictures": [
                  {
                      "Name": "Base",
                      "StartOn": "1",
                      "AlwaysOn": "1",
                      "IsScene": "0",
                      "TheBody": "1",
                      "Overlay": "No",
                      "setXalign": "0.0",
                      "setYalign": "0.19",
                      "Images": [
                        {
                            "Name": "Base",
                            "File": "Monsters/Nara/Body_Nara.png",
                            "setXalign": "0.0",
                            "setYalign": "0.0"
                        },
                        {
                            "Name": "Blush",
                            "File": "Monsters/Nara/Body_NaraBlush.png",
                            "setXalign": "0.0",
                            "setYalign": "0.0"
                        }
                    ]
                  },
                  {
                      "Name": "Expression",
                      "StartOn": "1",
                      "AlwaysOn": "1",
                      "IsScene": "0",
                      "TheBody": "0",
                      "Overlay": "No",
                      "setXalign": "0.0",
                      "setYalign": "0.0",
                      "Images": [
                        {
                            "Name": "Base",
                            "File": "Monsters/Nara/Expression_Nara_Base.png",
                            "setXalign": "0.0",
                            "setYalign": "0.0"
                        },
                        {
                            "Name": "Cheerful",
                            "File": "Monsters/Nara/Expression_Nara_Cheerful.png",
                            "setXalign": "0.0",
                            "setYalign": "0.0"
                        },
                        {
                            "Name": "Confused",
                            "File": "Monsters/Nara/Expression_Nara_Confused.png",
                            "setXalign": "0.0",
                            "setYalign": "0.0"
                        },
                        {
                            "Name": "Dominant",
                            "File": "Monsters/Nara/Expression_Nara_Dominant.png",
                            "setXalign": "0.0",
                            "setYalign": "0.0"
                        },
                        {
                            "Name": "Happy",
                            "File": "Monsters/Nara/Expression_Nara_Happy.png",
                            "setXalign": "0.0",
                            "setYalign": "0.0"
                        },
                        {
                            "Name": "Kiss",
                            "File": "Monsters/Nara/Expression_Nara_Kiss.png",
                            "setXalign": "0.0",
                            "setYalign": "0.0"
                        },
                        {
                            "Name": "Nervous",
                            "File": "Monsters/Nara/Expression_Nara_Nervous.png",
                            "setXalign": "0.0",
                            "setYalign": "0.0"
                        },
                        {
                            "Name": "Orgasm",
                            "File": "Monsters/Nara/Expression_Nara_Orgasm.png",
                            "setXalign": "0.0",
                            "setYalign": "0.0"
                        },
                        {
                            "Name": "Panic",
                            "File": "Monsters/Nara/Expression_Nara_Panic.png",
                            "setXalign": "0.0",
                            "setYalign": "0.0"
                        },
                        {
                            "Name": "Pleasured",
                            "File": "Monsters/Nara/Expression_Nara_Pleasured.png",
                            "setXalign": "0.0",
                            "setYalign": "0.0"
                        },
                        {
                            "Name": "Sad",
                            "File": "Monsters/Nara/Expression_Nara_Sad.png",
                            "setXalign": "0.0",
                            "setYalign": "0.0"
                        },
                        {
                            "Name": "Seductive",
                            "File": "Monsters/Nara/Expression_Nara_Seductive.png",
                            "setXalign": "0.0",
                            "setYalign": "0.0"
                        },
                        {
                            "Name": "Serious",
                            "File": "Monsters/Nara/Expression_Nara_Serious.png",
                            "setXalign": "0.0",
                            "setYalign": "0.0"
                        },
                        {
                            "Name": "Smug",
                            "File": "Monsters/Nara/Expression_Nara_Smug.png",
                            "setXalign": "0.0",
                            "setYalign": "0.0"
                        },
                        {
                            "Name": "Thinking",
                            "File": "Monsters/Nara/Expression_Nara_Thinking.png",
                            "setXalign": "0.0",
                            "setYalign": "0.0"
                        }
            ]
        }
    ]
}
