{
    "name": "Roy",
    "IDname": "Roy",
    "species": "Magical Beast",
    "gender": "female",
    "description": "",
    "encyclopedia": "",
    "tags": "none",
    "generic": "",
    "requires": [ ""],
    "requiresEvent": [
        {
            "NameOfEvent": "",
            "Progress": "99",
            "Choice": "",
            "ChoiceNumber": "-1"
        }
    ],
    "skillList": [
        ""
    ],
    "perks": [ ""],
    "stats": {
        "lvl": "1",
        "Exp": "10",
        "max_hp": "100",
        "max_ep": "10",
        "max_sp": "1",
        "Power": "5",
        "Technique": "5",
        "Intelligence": "5",
        "Allure": "5",
        "Willpower": "5",
        "Luck": "5"
    },
    "Fetishes": [ ""],
    "BodySensitivity": {
        "Sex": "100",
        "Ass": "100",
        "Breasts": "100",
        "Mouth": "100",
        "Seduction": "100",
        "Magic": "100",
        "Pain": "100",
        "Holy": "100",
        "Unholy": "100"
    },
    "resistancesStatusEffects": {
        "Stun": "0",
        "Charm": "0",
        "Aphrodisiac": "0",
        "Restraints": "0",
        "Sleep": "0",
        "Trance": "0",
        "Paralysis": "0",
        "Debuff": "0"
    },
    "moneyDropped": "0",
    "ItemDropList": [
        {
            "name": "Soothing Potion",
            "dropChance": "10"
        }
    ],
    "lossScenes": [
        {
            "NameOfScene": "",
            "move": "",
            "stance": "",
            "includes": [ ""],
            "theScene": [
            ""
            ],
            "picture": ""
        }
    ],
    "combatDialogue": [
        {
            "lineTrigger": "HitWith",
            "move": "",
            "theText": [
            ""
            ]
        },
        {
            "lineTrigger": "UsesMove",
            "move": "",
            "theText": [
            "''"
            ]
        },
        {
            "lineTrigger": "LowHealth",
            "move": "",
            "theText": [
            "''"
            ]
        },
        {
            "lineTrigger": "PlayerLowHealth",
            "move": "",
            "theText": [
            "''"
            ]
        },
        {
            "lineTrigger": "OnPlayerOrgasm",
            "move": "",
            "theText": [
            ""
            ]
        },
        {
            "lineTrigger": "onOrgasm",
            "move": "",
            "theText": [
            ""
            ]
        },
        {
            "lineTrigger": "OnSurrender",
            "move": "",
            "theText": [ ""]
        }
    ],
    "victoryScenes": [
        {
            "NameOfScene": "",
            "move": "",
            "stance": "",
            "includes": [ ""],
            "theScene": [
            ""
            ],
            "picture": ""
        }
    ],
    "pictures": [
        {
            "Name": "Base",
            "StartOn": "1",
            "AlwaysOn": "1",
            "IsScene": "0",
            "TheBody": "1",
            "Overlay": "No",
            "setXalign": "0.05",
            "setYalign": "0.2",
            "Images": [
                {
                    "Name": "Base",
                    "File": "../Mods/Diminuendo/Images/Roy.png",
                    "setXalign": "0.0",
                    "setYalign": "0.0"
                }
            ]
        }
    ]
}
