{
  "name": "Visit Lillian",
  "CardType": "Church",
  "CardLimit": "0",
  "Addition": "Yes",
  "Description": "",
  "requires": [""],
  "Speakers": [
    {
      "name": "Vivian",
      "postName": "",
      "SpeakerType": "Monster"
    },
    {
      "name": "Selena",
      "postName": "",
      "SpeakerType": ""
    },
    {
      "name": "Asuna",
      "postName": "",
      "SpeakerType": ""
    },
    {
      "name": "Karin",
      "postName": "",
      "SpeakerType": ""
    }
  ],
  "EventText": [
    {
      "NameOfScene": "VisitMenu",
      "theScene": [
                    "MenuAddition",
                      "RequiresPerk", "Minimize", "Lillian requests your assistance",
                      "OverrideOption", "FinalOption", "Done spending time with Lillian.",
                    "EndLoop"
                ]
  },
  {
    "NameOfScene": "Lillian requests your assistance",
    "theScene": [

                  "IfChoice", "99", "TinyHelper", "Tiny Helper Menu",
                  "SetChoice", "99", "TinyHelper",
                  "Speaks",
                    "Oh yeah that reminds me. [ThePlayerName], I heard about what those mean witches did to you! It's really unfair that they would hit you with a sneak attack curse like that!",
                    "Speaks",
                      "I thought real long and hard about what to do to help you, and in the end I came up with this!",
                      "Lillian uncorks a bottle of holy water, leaps up higher than you would expect someone of her height to be able to do so, and dumps the entire bottle of holy water on the back of your neck, right where the cursemark lies on your body.",
                      "Immediately you feel your body seize up as magic courses through you. Lillian looks with a mix of expectancy and worry as you cry out in pain.",
                      "Speaks",
                        "Don't worry [ThePlayerName]! Pain is just the Goddess taking the evil out of your body! Just hang in there!",
                      "Her cheering comes at no effect, as the cursemark spreads its magic through your body again and you rapidly dwindle in size. You clutch your head as a migraine from the pain you experienced passes through you. As you regain your senses and look around the church, you see Lillian towers over you with tears in her eyes as the holy water failed to cure you.",
                      "Speaks",
                        "B-But that's not what was supposed to happen! I just wanted to cure you...",
                      "You walk up to Lillian's boot and pat on the toe section and reassure her that it's fine, and that you've grown accustomed to shrinking. Lillian wipes the tears from her eyes as she looks at you again.",
                      "Speaks",
                        "R-Really? I guess that's good...",
                      "Lillian's sorrowful look doesn't fade as a stillness hangs in the air, you try to think fast about a way that you could cheer her up, and without thinking you tell her that you can volunteer at the church to make it up to her for the curse not wearing off.",
                      "Lillian takes a second to register your tiny words, and a look of confusion spreads across her face.",
                      "Speaks",
                        "Help out? Hmmm, I don't really know what I would have you do to have you help out while you're shrunken, but okay! If you really want to be my shrunken helper, then as a priestess of Venereae I hereby dub you as my Priestess' Assistant!",
                      "Lillian puts her hands on her hips and beams with excitement, you try to tell her that you didn't mean to offer help while shrunk, but Lillian has already begun walking around furiously scribbling into a notepad all the things that you could do for her.",
                      "Speaks",
                        "Alright, this should be good enough to have you start out. Try and get these done while you're out in the field or here in the Church please and thank you. Oh! One more thing, here's this!",
                      "GiveItem", "1", "Helper Badge",
                      "Speaks",
                        "That'll let everyone you meet know that Lillian has appointed you as an official assistant to me! Now, get out there and serve the Goddess!",
                      "The giant badge lands on you with a thud, and silence passes between you and Lillian for a few moments before you grow back to normal and pocket the badge. Lillian gives you a hapless smile as she slowly hands you the list before steepling her fingers together and pressing them to her chin, batting her eyes at you innocently.",
                      "You sigh and take a look at the list of things to do while Lillian heads off and flits about the church again. Your eyes scan through each task asked of you and in the end they seem simple enough: inspection of the confessional booths, holy water testing, decorating.",
                        "JumpToScene", "VisitMenu"
              ]
},
{
  "NameOfScene": "Tiny Helper Menu",
  "theScene": [
                "Menu",
                  "Lillian needs the confessional booths inspected",
                  "Lillian needs to test the Holy Water",
                  "Interlopers Show Up",
                "EndLoop"
            ]
},
{
  "NameOfScene": "Lillian needs the confessional booths inspected",
  "theScene": [
                "You report over to Lillian and let her know that you're ready to help her with the confessional booths. She thanks you and leads you over to a simple wooden box with a red curtain on it. She moves it aside and there is a simple wooden bench with a lavish red pillow atop the bench.",
                "DisplayCharacters",
              "EndLoop",
                "Lillian lets you know that she thinks the space under the bench might be kinda dirty so she was hoping you would help get the stronger gunk out from underneath there. You tell her you'll do your best as she smiles brightly at you and leaves you to get to it. You step into the confessional and immediately drop to a few inches in height.",
                "You lose your balance from the sudden shrinking and as you stumble to your feet you realize that you are just below the lip of the bench inside the confessional booth. Realizing that at this size you can't really clean the booth you just make a mental map of the dirtiest spots down here and climb up onto the bench to finish your inspection.",
                "Finally making it up to the top of the bench, you realize that it's a little bit dusty but otherwise it doesn't have anything noteworthy besides the seat cushion having a very noticeable depression across its entirety, showing that it has been well-used. Without putting much thought into it you climb up onto the seat cushion and start to walk around.",
                "DisplayCharacters",
                "2",
                "EndLoop",
                "You make it to the center of the crater that is the bench cushion before realizing that you never heard the approaching footsteps of someone entering the confessional booth. You whip around as the curtains part and you see Vivian stepping into the booth. She doesn't regard the cushion with a look but simply aims her rear towards the seat and begins to sit down.",
                "You can only watch as Vivian's gigantic ass begins to descend towards you, and you know that you'll never be able to make it off the bench at your size before she makes contact with the bench. Thinking fast to minimize the chances of being discovered in such a compromising situation you lay as flat as possible on the seat cushion.",
                "ChangeImageLayer", "Scene", "1", "ButtCentered",
                "Vivian's ass collides with you, but thankfully the cushioning of the bench follows the curve of Vivian's ass and prevents her almighty rear from crushing and squeezing the air out of you. There's enough wiggle room around you that you feel like you could try and worm your way out form underneath Vivian.",
                "You start to wriggle and try to worm your way out from underneath Vivian and her butt, but as you try to claw and dig into the fabric of the seat cushion underneath your body you feel it slip from your fingers time and time again. You end up making no progress after several minutes and have only worked yourself into a sweat.",
                "Up above, Vivian feels a lump underneath herself as she continues to talk to Lillian in the confessional. Discretely, Vivian raises herself up just enough to run her hand underneath herself and try to smooth out the lump. You have been flattened far enough into the fabric of the seat that her hands miss you entirely, but they still moved Vivian's dress out of the way as she sits back down again.",
                "ChangeImageLayer", "Scene", "1", "ButtCenteredNude",
                "Vivian lowers herself back down onto the bench, her bare ass pressing directly into the soft satiny seat as her cheeks spread just enough to let you fit between them. The heat radiating off of her body is intense and the air around you chokes you with the scent of her perfume as it throttles your mind and begins to cloud your ability to think.",
                "Vivian fidgets in her chair a little bit, struggling to get comfortable in the cramped booth. Her simple actions have caused her cheeks to shift and move, and before you know it, you find yourself wedged deeper into the valley of Vivian's ass as her puckering asshole looms directly in front of your face, emanating a deep, earthy scent.",
                "Lillian asks harder and more personal questions of Vivian, and you can feel her body temperature rising as it buffets you more and more, causing the scents that are mingling together to intensify as well and assaulting your brain with these confusing aromas.",
                "Your brain starts to malfunction from the sheer heat and smells emerging from Vivian's body, and before you can stop yourself you feel compelled to start kissing Vivian's asshole. Much of your body is restrained by her ass cheeks pressing down on your body but you squirm and push enough of your body free that you bring your face up against Vivian's asshole and begin to kiss it.",
                "Vivian's sensitive body reacts immediately as she straightens up in her chair, and her asshole reacts reflexively by flexing and widening in front of your face. You wait for it to calm down again before bringing your face in close and beginning to softly and gently lick at Vivian's asshole. Vivian fights back a moan as she fidgets in her chair in the face of Lillian's questions.",
                "Each of Vivian's movements shakes and shifts your whole body with her, but that only frees more of your body to caress and worship her titanic ass as it dominates your existence. Minutes pass as Vivian fights to talk normally to Lillian before Vivian calmly declares that she is done with her confessions and Lillian and her say a quick prayer before you feel Vivian start to rise from the chair.",
                "Vivian stands up, swinging around quickly to see what exactly what was going on with her chair but finds nothing, instead you are clinging to the fabric of her dress as you were flung from her ass due to the speed of her spinning around. Vivian checks herself for a few seconds before she starts to mutter a prayer to herself as she walks our of the confessional booth.",
                "A few moments pass and you grow back to your normal size and you quickly finish cleaning up the booth and make it a little bit nicer before you report back to Lillian to let her know that you've finished up that task. Lillian thanks you and gives you a hug before letting you go about your day."
            ]
},
{
  "NameOfScene": "Lillian needs to test the Holy Water",
  "theScene": [
    "You walk up over to Lillian and let her know that you're here to help her test her new Holy Water. You see her eyes widen in excitement as she rushes over to the fountain in the Church and draws a bucket of water.",
    "Speaks",
      "Okay this is perfect, I just finished praying over this with my new special prayer to Venereae specifically to help you with your curse! Alright we'll do it on 'go'. Go!",
    "And with that, Lillian throws the bucket of water at you before you can even take a moment to brace your body for the water to splash onto you. The world enters slow-motion as you try to defend yourself from the sudden water attack, but Lillian was faster than you.",
    "The water hits you and immediately you feel your cursemark begin to flare up with an unnatural energy that courses through your body, sending wave after wave of pain pulsing through you as you double over in pain. Lillian switches between bouts of being scared for you and being excited that the water must be working again.",
    "The pain eventually becomes too much, your body begins to lose power and your vision becomes black as you lose consciousness and fall to the ground. After what feels like a few minutes your eyes open blearily. You feel disoriented and confused as to where exactly you are.",
    "You stand up, noticing that the ground is soft and squishy underneath you. You can make out a lot of orange around you compared to the standard gray bricks of town around you. As you wipe your eyes and come to your senses you realize that you are standing atop the Nymph Selena's right breast.",
    "DisplayCharacters",
      "3",
    "EndLoop",
    "ChangeBG", "forest.png",
    "ChangeImageLayer", "Expression", "1", "SmilePlayful",
    "Selena giggles as understanding fills your body, and she tells you that when she came back in from washing her body that you had magically appeared in her bed, wracked with evil energy and writhing in pain. She couldn't bear to see you like that and resolved to take your pain away.",
    "Even as you sit upright on her breast, you can still feel the exhaustion in your body, you move far more sluggishly than you thought possible, and your head pulses with a splitting migraine that causes you to double over in pain again. Selena lets a worried gasp escape her body as her hands come up and fold over you, pressing you deeper into her breast.",
    "ChangeImageLayer", "Expression", "1", "Smile",
    "Speaks3",
    "Fear not my brave adventurer, I specialize in helping to 'purify' those who are afflicted and tormented with evil energy. Just try to relax as much as possible and bathe in the power of the Goddess.",
    "Selena adjusts you so that you are laying facedown against her breast, before applying her hands to your back again as she presses you deep into her breast. You can feel as you are buried deep in the squishy flesh that there is an aura to Selena's body that is drawing away the exhaustion and pain in your body.",
    "As you are being pressed and massaged into her tit, Selena lets out a breathy moan as her magic absorbs the exhaustion and pain of your body into hers as normal exotic energy, turning her on more than usual as she begins to slowly move your body in a circular motion on her breast.",
    "ChangeImageLayer", "Expression", "1", "SmileSeductive",
    "Selena's fingers press on your back as she massages you in small circles on her breast, you can feel her heart beating through her chest and you know it's been beating faster and faster since she started. You try to call up to Selena to check in on her, but your mouth is filled with the flesh of her boobs for your troubles.",
    "As her tit fills your mouth, you are flooded with Selena's energy and the headache beating against your skull fades as a euphoric sensation sends you sky-high and you relax and melt into Selena's breast. As you do this, Selena repositions you over her nipple and lowers you onto it. You passionately begin to make out with her nipple before she even has a chance to react.",
    "Speaks3",
      "My my, seems like someone got their fight back. Make sure not to take your fill of only my nipple my little hero, there is so much of my body for you to partake in that it'd be a waste if you didn't explore more.",
    "You raise your head from licking Selena's nipple and survey out across her entire body. Your mind is still submerged in the intensity of her powerful energy and in the distance you spot Selena's long, slender feet and you shakily begin to make the trek towards them.",
    "ChangeImageLayer", "Expression", "1", "Smug",
    "You almost immediately fall from the mountainous hill of Selena's breast and tumble your way down to her stomach. You bounce off of Selena like a trampoline as she lets out a giggle. Selena bites her bottom lip as she watches you begin the trek across her body.",
    "You make your way across the plains of Selena's stomach and reach her pelvis where her thighs meet with her stomach. Her impressive thighs are so round you wonder if you could walk across them as easily as her stomach, and you venture on and step out onto her thighs.",
    "Immediately, your feet sink into the soft flesh and you nearly lose your balance. You drop to your hands and knees and grip tightly to Selena's thighs. Selena giggles again as she watches you scoot across her thigh on your hands and knees.",
    "Speaks3",
      "Awww, is my little hero having a hard time with their little adventure? Don't worry, I believe in you!",
    "Selena's praise is the encouragement you need to finish your trek as you finally make your way over to her feet. You dismount off her ankles and stand on Selena's bed. Standing next to Selena's foot, you realize you only make it half-way up her sole in height. Dwarfed even by her foot you feel small for a moment, before the scent of Selena's foot washes over you as she nudges it closer to you.",
    "You approach Selena's feet, drawn in by her scent and the draw of her energy and you nestle your face into the arch of her foot and begin to kiss it deeply, inhaling her clean, beautiful scent inbetween kisses as you are drawn further and further into worshipping the body of Selena.",
    "ChangeImageLayer", "Expression", "1", "Pleasured",
    "Selena feels your body press against the lower half of her foot and she can no longer take the teasing feelings of your tiny body as her fingers move to her pussy and she begins to slowly massage herself while your tiny lips continue to make out with her soft sole.",
    "As your mind is enraptured with lust for Selena, you bring your entire body up against her sole and begin to press yourself against it, grinding your throbbing hard cock against her heel. Your breath speeds up as you hump this giant foot and you feel your mind racing.",
    "After just a few moments of grinding your cock against Selena's foot, you burst a load all over her heel, which is quickly absorbed into her pale white skin with ease. You pant and rest your head against the arch of her foot and catch your breath, breathing in the scent of her foot more and more.",
    "Selena feels you resting and angles her foot out of the way, and sees you panting and catching your breath. She coos sweetly at you and reaches her free hand towards you and picks you up gently.",
    "ChangeImageLayer", "Expression", "1", "Horny",
    "Speaks3",
      "Awwww, the little hero is tired aren't they? You've gone through so much already and I let you tire yourself out more. That is highly improper of me. Allow me to wring the last of that evil energy from your body. Now please, just let yourself succumb to pleasure.",
    "Selena lowers you to her perfectly groomed pussy and lowers you face first against her dripping wet sex. Your face brushes up against it and you immediately are buffeted with the warmth radiating off of her pussy. This heat is far more intense than her feet or breasts.",
    "Selena slowly edges you deeper and deeper into her pussy, which accepts you with no resistance or struggle. As Selena taps on your feet and fits the rest of your body into her vagina, you feel the radiant warmth seeping into your body, recovering your aching muscles and letting all the energy from the cursemark seep out.",
    "ChangeImageLayer", "Expression", "1", "Pleasured",
    "The seeping energy flows into Selena, who feels it enter her like a pulse of pleasure as her body purifies the energy. Her moans echo throughout her body and her pussy quivers and pulses around you. The warm, pulsating tunnel around you tightens gently and begins to massage your body as Selena massages the entrance of her pussy.",
    "As you are engulfed and submerged in Selena's pussy, you offer no resistance or struggles, and instead you lick at the giant pussy around you. The stimulating feeling of your tiny body shifting and moving in Selena's pussy drives her wild, and her pants and moans grow faster and faster.",
    "Slowly, you incorporate more of your body into your pleasing of Selena, who in turn squeezes and massages your body back with her pussy. The two of you synchronize into a harmony of your bodies moving and pleasing one another until finally you feel another great load build up in your body.",
    "Selena approaches her limit too, as you hear and feel her breathing quicken and her pussy grows tighter and tighter around you as you continue your pleasing motions inside of her.",
    "ChangeImageLayer", "Expression", "1", "Orgasm",
    "PlayerOrgasm", "3",
    "Finally, the two of you come to your limits as the two of you climax and orgasm. Your white hot load fires off into Selena's pussy and is effortlessly washed away by the intense flood of juices from Selena's own orgasm. Selena catches her breath for a minute before remembering you and she plucks you from her quivering sex and wipes you off quickly and places you on her breast again.",
    "ChangeImageLayer", "Expression", "1", "SmileRadiant",
    "Speaks3",
      "At last, I have purified and cleansed your body of the ailments that sent you to my bed in the first place. Now, take a rest upon my breast once again and the Goddess will send you back to where you were previously.",
    "You willingly curl up against the giant mound of flesh and return to sleep, knowing that you'll be face to face with Lillian when you wake up again.",
    "RefreshPlayer",
    "DisplayCharacters",
      "1",
    "EndLoop",
    "ChangeBG", "Church.png",
    "AdvanceTime", "1",
    "And an hour later you are shaken awake by Lillian as she grabs your shoulder and vigorously shakes you until you sit up and let her know that you're fine. Relief washes over her face and she tells you that you've been gone for at least an hour.",
    "Tears fill Lillian's eyes as she worries that her holy water failed again and you let her know that it worked great, and it sent you to meet with an agent of Venereae who helped calm your curse for a bit. Lillian sniffs and rubs tears from her eyes before beaming at you.",
    "ChangeImageLayer", "Expression", "1", "Happy",
    "Speaks",
      "You met with an angel of Venereae?! That's so cool you need to tell me all about them!",
    "You stay vague with the details but you let Lillian know it was a beautiful and kind woman who used her holy powers to drain away the pain. Lillian is enraptured the whole time and nods sagely at the end.",
    "Speaks",
      "Wow [ThePlayerName], that is so cool! I hope when I get older Venereae will bless me with cool holy powers too! I want to fire beams of energy from my hands!",
    "Lillian mimics firing blasts of energy from her hands and makes whooshing noises as she does so. You chuckle and tell her that all things are possible. You exit the church for a moment to catch your breath as Lillian goes back to her duties."
            ]
},
{
  "NameOfScene": "Interlopers Show Up",
  "theScene": [
    "You are about to approach Lillian to help around the church when your cursemark flares up and you momentarily go blind as you dwindle in height in the middle of the church.",
    "You slowly stand up as your mind acclimates once again to your new size. You curse your luck as you watch Lillian flit about the church and you begin to wonder how on earth you'll catch her attention.",
    "Cautiously, you leave the safety of a pew row you had ducked behind for safety and try to run after Lillian who has made her way to the far end of the church from you. You make it barely a foot in real distance before you hear obnoxious feminine voices at the front of the church.",
    "DisplayCharacters",
      "4",
      "5",
    "EndLoop",
    "Speaks4",
      "Oh Em Gee, is that the church of this town? Talk about a total dump.",
    "Speaks5",
      "I know right? Who on earth would wanna waste their time with this place?",
    "You look at the entrance of the church and realize that two women dressed in white shirts and revealing pencil skirts are standing near the door, jeering and mocking the church that Lillian calls home. You feel your anger boil up in defense of Lillian but you realize that there's not much you could do to these giantesses and so you opt to try and remain hidden.",
    "Unfortunately for you, you had already ducked out into the middle of the walkway and the pair of girls notices you almost immediately as you make a mad dash for the pews again. Your efforts are in vain as the white-haired girl reaches out a hand and you feel a magical force grip you tightly.",
    "Speaks4",
      "Gotcha, can't believe they let rats run freely through a church. Well at least we can throw this thing out and- wait a minute. What the hell?!",
    "The white-haired uses her telekinesis to pull you from the church and is prepared to send you towards a trash can nearby before she squints and gets a good look at you. After only a moment more her eyes fill with understanding.",
    "Speaks4",
      "Oh my goddess Karin, it's not a rat, it's actually a tiny little guy! Isn't that so fucked up, I bet he was trying to perv on girls in the confessional booths.",
    "Speaks5",
      "How revolting, there's no bottom to how low these perverts will sink in this town just to get some action.",
    "Speaks4",
      "Well, the least we could do for this church is take of their infestation, what do you think?",
    "Speaks5",
      "I think that would be a good idea, let's teach him a lesson he'll never forget.",
    "The white-haired girl draws you closer with her telekinesis and she grips you tightly in her hand before checking herself over.",
    "Speaks4",
      "Oh shit, I forgot I don't have any pockets. Guess I'll have to make do until we get back home.",
    "With that, the girl slips her shoe off and carelessly tosses you towards the mouth. You land on the insole of her shoe and feel the heat and sweat of her shoe immediately as your backside is made wet from how sweaty the shoe is. You have no chance to react to your surroundings before the foot of Asuna immediately comes back in.",
    "Her foot effortlessly slides back into her shoe and the pair of girls make their way back to a home in the city and they lazily enter and begin to set down their things. You feel Asuna walk around the house a bit longer before she finally comes to a stop and sits down, taking the crushing weight of her body off of you.",
    "The socked foot slides away from you and you are left face-up in the shoe breathing in the rushing fresh air as much as possible as the faces of Asuna and Karin poke their heads over the shoe to look down at you. Karin wrinkles her nose as the scent of the overly-used shoe hits her.",
    "Speaks5",
      "Good goddess Asuna, would it kill you to at least try to keep these things smelling a bit nicer? These smell like you've sweat in them for days straight!",
    "Speaks4",
      "Well excuuuuuse me! The shop hasn't had the adventuring shoes that I like in for a couple of months now so I've been using these until they finally come in!",
    "The pair of adventuring girls bicker for a while and in this moment you attempt to escape and slink away so that you can grow back to normal and ditch these sadistic girls. You heave yourself over the side of the shoe and make it not even two steps before Karin brings her foot down onto your back and pins you against their floor.",
    "Speaks5",
      "And who gave you permission to go anywhere, perv?",
    "Karin presses her toes down hard on your body and you feel the air being squeezed out of you as she tries to crush you. Karin finally lets the pressure relent and she picks you up by the arms and holds you up to her face.",
    "Speaks5",
      "Well that's weird, I couldn't crush him. What exactly is he made of?",
    "Asuna comes over and grabs you by the feet and tries to pull you away from Karin, joking that Karin just isn't heavy enough to break you. The girls tug on each end of you as they fight for control and instead of remaining rigid and tight you find yourself being pulled like taffy between the two girls, who have stretched you thin as they fall away from each other.",
    "They both grin as they walk close to each other and begin to whisper each other ideas that causes the other to giggle mischievously. In their distractions, you notice that your body is trying to pull itself together and you start to will yourself back to your normal shrunken form. Karin and Asuna notice their hands moving as you return to your standard tiny form and they yank you apart again.",
    "Speaks4", 
      "Hey! nobody said you could move! Now hold still while we figure this out.",
    "Karin interjects and tells Asuna that she has an idea. After whispering it into Asuna's ear both girls grin and sit down on the bed and begin to take their socks off. Their grips remain resolute and your attempts to pull yourself back together just seem to tire you out.",
    "With their socks off, the pair lowers your string-like body down to their toes and begins to weave your body expertly between their toes. You are pinched and pulled effortlessly by the giantesses' sweaty toes. The grime and slick sweat of their feet effortlessly coats your body as they continue their debate.",
    "Being woven between their toes so effortlessly, you don't even bother attempting to reform as you know they'll just pull harder on your body and waste the energy you've exerted to free yourself. Your body feels weird in this position though, you feel like every inch of your body can smell and taste the salty sweat and the grime of their feet coating you.",
    "You wonder how that can be, since your mouth has been flattened into your body, but the magic suffusing your body has done stranger things since being cursed. You return your energy to focusing on how to escape from these two sadistic girls before you realize that they are moving again.",
    "Asuna pulls her foot farther away from Karin, stretching you further before her toes release you and your body that was trapped by her foot rockets towards your body to reform, the force of your body returning actually frees you from Karin's smaller toes but her big toe keeps a solid grip on you and prevents you from rocketing away.",
    "Speaks5",
      "Hey! Watch what you're doing, we coulda lost him right there!",
    "Asuna shrugs and says she knew Karin would keep hold of you. Karin sighs and retrieves your body from her feet, noting that you reek of sweat now. She holds each of your arms inbetween her fingers and stretches you horizontally. You grow thin as she slowly wraps your arms tight around her pelvis and you get scared as you feel Asuna grab your legs and pull you through underneath Karin's pelvis.",
    "The pair fiddle with you for a second before letting you return to normal and dropping you onto the bed. You immediately attempt to pop to your feet and run away but Asuna drops her titanic ass onto you and wriggles her butt on top of you, saying that you've got front row seats to a special show.",
    "A few seconds pass before Asuna stands up, but as she turns around to look for you and grab you, she finds that you're no longer there. Confused, she bends over and begins to search the sheets of the bed more thoroughly. Karin laughs at this and peels the sticker like form of your body off of Asuna's ass.",
    "Your flattened form quickly refills with air now that you've been freed from being planted on Asuna's butt, but that may not have been a good thing to be found as Karin immediately gets to work on pulling your arms and legs around her now naked nether regions. Your face nestles in right against her pussy as she pulls your legs through her asscrack and she firmly ties your thong-like body together.",
    "After Karin lets you go and she looks in the mirror to see how you fit, your body reflexively attempts to reform, pulling you snug against her hips and your thin form slips inbetween the lips of her pussy. Karin smiles as her hands massage outer edges of her pussy and turns to Asuna, who has also discarded her clothes as the two press their bodies together and begin to make out.",
    "Karin wraps her arms around Asuna as they passionately make out, Asuna's tongue thrusts deep into Karin's mouth as Asuna sends a hand down to begin playing with Karin's pussy. Two slender fingers slip into the wet expanse that has swallowed you and you are nothing more than a plaything as two giantesses begin to make love to each other.",
    "Karin's pussy feels warm and wet around you, and Asuna pinches and rolls you against the walls of Karin's pussy as she fingers her partner. The juices of Karin are being kneaded into your body and you feel yourself losing your grip on your sanity as you absorb more and more of Karin's juices.",
    "Asuna's fingers soon begin to ignore you as they begin to venture deeper into Karin, and soon you just feel yourself pinned against the walls of Karin's pussy as the two girls moan and make out with each other.",
    "Karin doesn't last much longer before she finally cums, and the thick, viscous liquid of her orgasm soon begins to coat and slime all over you. You begin to hope to yourself that the girls will take you off and forget about you long enough for you to solve the knots in your hands and feet so that you can free yourself.",
    "To your surprise, Karin does begin to slide you down her legs and begins to undo the knots in your body and allows you to return to normal. You are filled with hope that soon is dashed as you see Karin slides a belt over herself and slots a dildo into it. Asuna takes up a position on her hands and knees over the bed and begins to waggle her ass seductively at Karin.",
    "Karin bites her lip and presses your slicked up body against the dildo, before pulling you to the tip and positioning your asshole directly above it. You attempt to yell out but Karin squishes and holds you head tight against the tip of the dildo as she yanks your lower body to where the dildo meets her pelvis. Her experiment is a success as you fully stretch and cover the dildo.",
    "Karin approaches Asuna on the bed and presses your face directly against her asshole. The juices you absorbed from Karin's pussy helps to lube you up as you are fed into the giantess ass in front of you. Karin slowly inserts you about a quarter way into Asuna before pulling back a little, then rocks forward and continues to slowly feed you into Asuna's ass.",
    "Finally, Karin grabs Asuna by the hips and pulls her as far down onto the dildo as she'll go, and you are fully submerged in the inky black depths of Asuna's smelly asshole. Similar to the foot situation, you can smell and feel every last inch of the flesh pressing down onto you, and the sensations of Asuna's bowels sends your mind reeling in shock.",
    "Karin wastes no time in using her grip on Asuna to continue to thrust in and out of her girlfriend, and the two continue to moan loudly as they use you as a sex aide.",
    "The hot, cramped insides of Asuna only grow tighter as her pleasure increases, and Asuna begins to pant faster and her breaths get shallower as Karin continues to thrust deep inside her.",
    "Finally, the space around you shrinks and contracts to its maximum, and Asuna lets out a wailing moan of pleasure as she cums, her body shaking and vibrating the dildo as Karin slowly pulls out from inside of her. Asuna slumps forward onto the bed, satisfied with her fucking and beckons for Karin to join her. Karin undoes the belt on the strap-on and joins her partner in a snuggling embrace.",
    "Exhausted by the uses you've experienced, it takes you a second to get your bearings. With the two exhausted and cuddling, you realize this may be your only chance to escape and you manage to pull yourself off of being speared onto a dildo and you collapse to the floor shakily, your asshole feeling weird from being impaled like that.",
    "You see a hole in the pair of adventurer's walls and decide to make a break for it, escaping into the alleyway where you finally pass out, waiting to wake up back at the church.",
    "Moments pass and you wake up in your full-sized body with Lillian watching over you. She nurses you back to health and says to be careful out there adventuring. You mutter to yourself that the other adventurers are just as scary, and thank Lillian for her help as you leave the church.",
    "ChangeSensitivity", "Ass", "5"
            ]
}
  ]
}