{
    "name": "ElvenPet",
    "CardType": "",
    "CardLimit": "0",
    "Description": "",
    "requires": [""],
    "requiresEvent": [
        {
            "NameOfEvent": "",
            "Progress": "99",
            "Choice": "",
            "ChoiceNumber": "-1"
        }
    ],
    "Speakers": [
        {
            "name": "Elf",
            "postName": "Ayla",
            "SpeakerType": ""
        }
    ],
    "EventText": [
        {
            "NameOfScene": "StartMenu",
            "theScene": [
                "ChangeImageLayer", "Expression", "1", "Base",
            "You stand atop Ayla's bedside table, debating what to do in her house.",
            "Menu",
                "Explore Ayla's Bed",
                "Explore Ayla's Floor",
                "A surprise appears",
                "Explore Ayla's bathroom",
                "Ayla approaches you first",
                "Escape and return to Town.",
            "EndLoop"
            ]
        },
                {
            "NameOfScene": "Explore Ayla's Bed",
            "theScene": [
                "You stealthily make your way over to Ayla's bed.",
                "IfTimeIs", "Day", "BedJump1",
                "IfTimeIs", "Night", "BedJump2"
            ]
        },
        {
            "NameOfScene": "BedJump1",
            "theScene": [
                "JumpToEventThenScene", "Ayla Bed", "BedMenuDay"
            ]
        },
        {
            "NameOfScene": "BedJump2",
            "theScene": [
                "JumpToEventThenScene", "Ayla Bed", "BedMenuNight"
            ]
        },
                        {
            "NameOfScene": "Explore Ayla's Floor",
            "theScene": [
                "You slide down the nightstand onto Ayla's floor.",
                "IfTimeIs", "Day", "FloorJump1",
                "IfTimeIs", "Night", "FloorJump2"
            ]
        },
        {
            "NameOfScene": "FloorJump1",
            "theScene": [
                "JumpToEventThenScene", "Ayla Floor", "FloorMenuDay"
            ]
        },
        {
            "NameOfScene": "FloorJump2",
            "theScene": [
                "JumpToEventThenScene", "Ayla Floor", "FloorMenuNight"
            ]
        },
                    {
            "NameOfScene": "A surprise appears",
            "theScene": [
                "While pondering what to do, something unexpected happens!",
                "IfTimeIs", "Day", "SupJump1",
                "IfTimeIs", "Night", "SupJump2"
            ]
        },
        {
            "NameOfScene": "SupJump1",
            "theScene": [
                "JumpToEventThenScene", "Ayla Surprise", "SurpriseMenuDay"
            ]
        },
        {
            "NameOfScene": "SupJump2",
            "theScene": [
                "JumpToEventThenScene", "Ayla Surprise", "SurpriseMenuNight"
            ]
        },
                        {
            "NameOfScene": "Explore Ayla's bathroom",
            "theScene": [
                "You make your way over to Ayla's bathroom.",
                "IfTimeIs", "Day", "BathJump1",
                "IfTimeIs", "Night", "BathJump2"
            ]
        },
        {
            "NameOfScene": "BathJump1",
            "theScene": [
                "JumpToEventThenScene", "Ayla Bathroom", "BathroomMenuDay"
            ]
        },
        {
            "NameOfScene": "BathJump2",
            "theScene": [
                "JumpToEventThenScene", "Ayla Bathroom", "BathroomMenuNight"
            ]
        },
                        {
            "NameOfScene": "Ayla approaches you first",
            "theScene": [
                "Ayla approaches you first with a request.",
                "IfTimeIs", "Day", "AppJump1",
                "IfTimeIs", "Night", "AppJump2"
            ]
        },
        {
            "NameOfScene": "AppJump1",
            "theScene": [
                "JumpToEventThenScene", "Ayla Choice", "ChoiceMenuDay"
            ]
        },
        {
            "NameOfScene": "AppJump2",
            "theScene": [
                "JumpToEventThenScene", "Ayla Choice", "ChoiceMenuNight"
            ]
        },
        {
            "NameOfScene": "Escape and return to Town.",
            "theScene": [
                "While Ayla isn't paying attention to you, you make a break for it and escape out of her house. Once you are a sizable distance away from the giantess elf you finally feel the effects of the curse wear off as you slink back to town.",
                "GoToTown"
            ]
        }
    ]
}
