{
    "name": "Enter the Elf's Home",
    "CardType": "Event",
    "CardLimit": "0",
    "Description": "",
    "requires": [""],
    "Speakers": [
        {
            "name": "Elf",
            "postName": "Ayla",
            "SpeakerType": ""
        }
    ],
    "EventText": [
        {
            "NameOfScene": "EventStart",
            "theScene": [
            "As you arrive at your owner's house, your body reflexively shrinks down in size and you are transported onto the bedside table of your master.",
            "DisplayCharacters",
                "1",
            "EndLoop",
            "JumpToEventThenScene", "ElvenPet", "StartMenu"
            ]
        }
    ]
}
