{
  "name": "Enter Ars Delusia.",
  "Addition": "Yes",
  "Speakers": [
      {
          "name": "Haruka",
          "postName": "",
          "SpeakerType": ""
      },
      {
        "name": "Gwen",
        "postName": "",
        "SpeakerType": ""
    }
  ],
  "EventText": [
      {
      "NameOfScene": "SectorMenu",
      "theScene": [
                      "MenuAddition",
                       "HideOptionOnRequirementFail", "RequiresItem", "Conquering Diminishment", "Haruka and Gwen are waiting in the tunnel for you.",
                      "EndLoop"
      ]
    },
    {
      "NameOfScene": "Haruka and Gwen are waiting in the tunnel for you.",
      "theScene": [
        "You look over down a corridor and see two familiar faces, and you approach your would-be captors turned rivals: Haruka and Gwen.",
        "DisplayCharacters",
          "3",
          "4",
          "EndLoop",
        "Speaks3",
          "Heh, you sure took your sweet time, [ThePlayerName].",
        "You inquire what the two of them are doing here and Gwen speaks up.",
        "Speaks4",
          "Isn't it obvious, the two of us wanted a chance to fight you again, and we both ended up here. Don't worry, we won't make you fight both of us(yet). We just wanted our rematches.",
        "Speaks3",
          "Now choose which of us you're going to fight already!",
        "Menu",
          "Haruka",
          "Gwen",
        "EndLoop"
      ]
    },
    {
      "NameOfScene": "Haruka",
      "theScene": [
      "Will you fight her normal size or shrunken?",
      "Menu",
        "Haruka Normal Size",
        "Haruka Shrunken",
      "EndLoop"
      ]
    },
    {
      "NameOfScene": "Haruka Normal Size",
      "theScene": [
      "You tell Haruka that you can easily take her full power at your normal size. Haruka gives you a laugh as her energy starts to surge.",
      "ChangeImageLayer", "Expression", "HarukaHorny",
      "Speaks3",
      "All righty then, but if you lose I'll make sure that you regret those words!",
      "CombatEncounter", "NoRunning",
          "HarukaFullpower",
      "StartCombat",
      "With Haruka defeated, she stumbles backwards and you stroll up to claim victory over her.",
      "JumpToScene", "HarukaNormalVictory"
      ]
  },
  {
      "NameOfScene": "HarukaNormalVictory",
      "theScene": [
          "DisplayCharacters",
              "3",
          "EndLoop",
          "ChangeImageLayer", "Expression", "HarukaHorny",
      "Haruka's entire body shakes as her last orgasm leaves her on her knees with a dazed look on her face. As her orgasm finishes her cock remains rigid, twitching in the cold air around Haruka as you continue to approach her.",
      "Speaks3",
          "Well, I guess it's like I always say - To the winner go the spoils. Get your fill, [ThePlayerName].",
      "Haruka leans back and collapses onto her back, spreading her legs wide open as she submits to her fate. You give her a nod as your cock twitches and a sense of profound horniness washes over you as you bend down and grip Haruka by the legs.",
      "Haruka's eyes shoot open in shock as you lift up her lower body and roll her upwards, exposing her asshole to the sky as her shoulders are pinned to the ground by the rest of her body. You step one foot over Haruka's raised legs and straddle her body like this, with your cock aimed down at her asshole.",
      "It feels tight at the tip of your dick presses against it, and as you begin to grind your cock against her ass you can tell Haruka is also clearly enjoying herself. Eager to also enjoy yourself, you cling tight to Haruka's leg in front of you to steady yourself and you thrust your cock into Haruka's ass.",
      "A shiver runs through Haruka as she lets out a moan of pleasure as your cock battles its way into her tight ass. You move a hand down to her ass and grip it tight as you try and thrust your cock even deeper into Haruka.",
      "With each thrust you delve deeper and deeper into Haruka, and her moans get louder and louder until finally you hit your pelvis against her ass and your cock has gone as far as it can. Having hit your hilt agaisnt her ass, you begin to take long and deep thrusts repeatedly into Haruka, enjoying her moans each time your cock slams hard into the depths of her ass.",
      "Speaks3",
          "Ohhhh, don't stop, [ThePlayerName].",
      "Haruka moans at you again and again as you fuck her, and you can feel the passion burning in your groin as Haruka's ass clings desperately to your cock. Who would have thought that this sex-crazed futa would've been so receptive to getting fucked?",
      "Getting invested in the moment, you let your hand release Haruka's ass for just a moment as your hand reels back and swings back hard as you release a spank onto her ass. You watch as Haruka's ass ripples from the smack and her skin turns a slight red from the impact, but you enjoy the surprised gasp of pain and pleasure that emerges from Haruka's lips.",
      "Before she has a chance to recover, you've already reeled back and planted another smack onto her other asscheek. You continue to thrust as you lay smack after smack onto Haruka's firm ass, enjoying how the ripples and shakes of her ass causes her ass to clench even more around your cock as you continue thrusting.",
      "The pent up pleasure in your cock becomes too much eventually and you pull your head up to the sky as you fire a load deep into Haruka's ass as you plunge your cock as far as it'll go inside her ass. The feeling of your hot, slick cum flowing into her ass causes Haruka to let out another low, prolonged moan as precum begins to seep from her cock.",
      "You pant as you thrust a few more times, slowly, inside Haruka's ass as you drain the last bit of cum from your cock into her ass. Haruka looks at you with warmth but you realize that your cock is still hungry for more and as you pull out from Haruka's ass and set her lower body onto the floor, Haruka looks at you with confusion.",
      "Before she even has a chance to question what you are doing, you have descended onto Haruka's exposed tits and placed your cock between her massive mammaries. Your cock vanishes into the warm expanses of her breasts and you begin to thrust your hips immediately as you take handfuls of her breasts and press them against your cock.",
      "Haruka's surprise turns to pleasure as you begin to titfuck her as her breasts are so sensitive that the sensation of your cock pressed between her breasts begins to send ripples of pleasure through her body. She reaches as far down as her hands can go and she slowly begins to stroke herself off.",
      "You are lost in a fever of mindless thrusting as you use Haruka's tits to pleasure yourself. The pleasant, warm softness of her flesh wrapping eagerly around your cock as you thrust again and again into her.",
      "Each thrust of your hips sends ripples of pleasure through the both of you, and your moans echo throughout the tunnel much to the chagrin of each inhabitant of the dark corridors. But you don't care, you are in a place of bliss as Haruka's tits hug and massage your cock.",
      "Finally, you can't take it any longer as you let go of Haruka's breasts and thrust forward, sticking your cock into Haruka's mouth as you let another load of cum fly free from your cock. Haruka's eyes widen in shock as you do this but her eyes glaze over with satisfaction as she happily drinks the cum from your cock and swallows it.",
      "At the same time that you surprised her with a deepthroat load, Haruka cums as well, letting her steaming load platter onto the ground around the two of you before her cock finally shrinks and softens away.",
      "You pull your cock out of Haruka's mouth and she coughs as she sits up, panting as she does so. She looks at you with a dazed expression again, but with satisfaction mixed in as well. You move on from Haruka and continue on your way."
      ]
  },
  {
      "NameOfScene": "Haruka Shrunken",
      "theScene": [
      "You laugh and tell Haruka that you can take her on even if you've been shrunken to the size of a crumb! She laughs in turn with you as her energy begins to surge again!",
      "ChangeImageLayer", "Expression", "HarukaHorny",
      "Speaks3",
      "Alright, let's put that theory to the test!",
      "Haruka raises her hand to you and you shrink quickly down to only an inch in size as Haruka approaches to fight you!",
      "CombatEncounter",
          "NoRunning",
          "Giantess Haruka Full",
      "StartCombat",
      "With the giantess Haruka momentarily defeated, you prepare yourself to take advantage of this moment.",
      "JumpToScene", "HarukaShrunkenVictory"
      ]
  },
  {
      "NameOfScene": "HarukaShrunkenVictory",
      "theScene": [
          "DisplayCharacters",
          "3",
      "EndLoop",
      "ChangeImageLayer", "Expression", "HarukaHorny",
      "As you struggle against Haruka's maximum strength in your shrunken form, you notice that in her orgasm she has left herself completely defenseless. You take hold of this moment as Haruka is left gasping and panting from her orgasm and begin to fire off Conquering Diminishment.",
      "Haruka doesn't recover in time as you fire a beam of energy off at her big toe, and before long Haruka has shrunk down to eye level with you, but you smirk as the process of shrinking takes a lot of energy out of you normally, and you have the time necessary to grow back to normal and wait for Haruka to awaken.",
      "By the time Haruka had come to her senses, you had taken a seat in this darkened corridor of the tunnels and continued to stroke yourself off. Her tiny eyes opened slowly and you could tell she was groggily coming to her senses.",
      "Speaks3",
          "Urghhh what happened? My head... W-Wait a second, why are you so big?!",
      "You explain to her that she lost, and you are just living up to her mantra. Her normally titanic body fits squarely in the palm of your hand as you scan over her, her boobs still seem huge as your thumb moves down to fondle them.",
      "Speaks3",
          "H-Hey what are you doing? Don't go thinking you've nngh-",
      "Haruka's protests are interrupted by your thumb pressing in and massaging one of her breasts in circles. Since Haruka has to abide by the same rules that you do when shrunk, you know that all pain is converted directly into pleasure as you pinch and roll her breast inbetween your fingers.",
      "Haruka is quickly reduced to moaning pathetically in your hand as she experiences pleasure she couldn't feel at a normal size, as her boobs are dominated by someone magnitudes larger than her. The one thing that still sticks out to you, however, is Haruka's cock, still erect and massive.",
      "You recall that during your normal size fight, Haruka grinded her cock against yours to tease you, and a devious smile comes across your face and your thumb retreats and you press Haruka face-first against your shaft.",
      "A small moan escapes your lips as her soft, tiny body presses against your cock and you begin to rub her against yourself. Her massive breasts do wonders on your cock as you also revel in the feeling in her tiny cock pressed against yours, slowly sliding up and down with the rest of her body as you take complete advantage of her.",
      "You tighten your grip around Haruka, knowing that she can take the punishment as you begin to pant from the pleasure. Her body feels so good. It's all you can do to stop yourself from cumming already but the pressure built up inside of you is insane.",
      "Finally, you can't take it anymore and you pull Haruka away from your cock and press her pelvis against your slit, letting a tidal wave of cum wash over her pitiful cock as you let out a long sigh of relief as you blow your load.",
      "Haruka gasps as all these movements continue to surprise her, but her face as she is coated from the waist down is incredible and only excites you more. A hungry gleam fills your eyes as you recall how Haruka had defeated you previously when she was a giantess, and you decide to enjoy yourself in the same way she did.",
      "You lower Haruka to the floor and pin down her arms with your fingers and slowly position yourself over her, before she even gets a chance to squeak out a plea for help or mercy, your balls descend directly onto her tiny body, and you feel a muffled squeak as she disappears.",
      "You revel in the feeling as Haruka's tiny hands press against your testicles, trying in vain to move your now mountainous body. The feeling of power you have over her feels incredible, knowing that her ability to regrow is limited to you releasing her.",
      "Suddenly, you feel a great amount of heat underneath your balls, and as you wonder what is going on down there, you can faintly hear Haruka shouting out that she's using Overlimit to give her the strength to escape. Bemused, you sit around and feel as she slowly manages to extend her arms enough to give herself fresh air, but not enough to free her legs that are pinned underneath you.",
      "Haruka begins to squirm and wiggle, trying to break herself free of your weight. As much as you have been enjoying the feeling, you realize that she is actually making progress with your balls off of her face. You decide that now is the time to end her little rebellion as you bend forward, placing more weight than she can handle onto the tiny futa.",
      "The increase in pressure from your balls sends Haruka's arms pinned back to the ground, with her entire body still pinned neatly under your testicles.",
      "You smirk as Haruka continues to try and squirm her way free, and in your pleasure you bring your hand to your cock and start to jack off again, using the sensation of Haruka's wriggling body to intensify your own pleasure.",
      "Haruka's squirms grow frantic as your balls lift and slam with each stroke of your cock. You know that Haruka is in a world of sweat and stuffiness, since her balls felt quite the same when she did this to you last time.",
      "You wonder what kind of expression Haruka is making right now, and as you picture her grossed-out, shocked reaction to being cummed on the first time you grunt as a wave of pleasure washes over you.",
      "Once again, you hit your limit as Haruka's squirming and writhing brings your masturbation to a new level of pleasure, and you prepare to cum again by lifting your balls off Haruka.",
      "You continue to stroke yourself as you turn around and see her trying to catch her breath, too exhausted from the heat and pressure to move as you level your cock at her tiny body and you cover her in an ocean of cum.",
      "Haruka's body is moved slightly by the force of your orgasm, and you have to suppress a bit of laughter as you see her body struggle to escape the pile of cum you've left on her body.",
      "Feeling good, you decide that is a good place to stop and you tell haruka that you'd be happy to fight her again sometime, and you head off back to town."
      ]
  },
    {
      "NameOfScene": "Gwen",
      "theScene": [
        "Will you fight her normal size or shrunken?",
        "Menu",
          "Gwen Normal Size",
          "Gwen Shrunken",
        "EndLoop"
      ]
    },
    {
      "NameOfScene": "Gwen Normal Size",
      "theScene": [
      "You tell Gwen that you beat her before at your normal size and that you'll be able to do it again. She grins as her energy flows from her body and she begins to approach you.",
      "ChangeImageLayer", "Expression", "GwenHorny",
      "Speaks4",
      "Very well, we shall fight in the way that you choose. Prepare yourself for my full power once again!",
      "Gwen's grimoire snaps shut as she approaches you for battle.",
      "CombatEncounter", "NoRunning",
          "GwenFullpower",
      "StartCombat",
      "Gwen staggers backwards and falls to her knees as you defeat her again.",
      "JumpToScene", "GwenNormalVictory"
      ]
  },
  {
    "NameOfScene": "GwenNormalVictory",
    "theScene": [
      "DisplayCharacters",
        "4",
      "EndLoop",
      "ChangeImageLayer", "Expression", "GwenHorny",
        "Gwen's eyes go wide in shock as she staggers backwards, it is inconceivable that at full-power and with her secret phantom technique that she could lose to someone she regarded as so much weaker than herself.",
        "You glow with a smug look on your face as you walk closer to her, Gwen scampers backwards and eventually trips and lands on her ass as she continues to try and scurry away from you.",
        "Speaks4",
            "N-No, this can't be! You cheated, someone like you couldn't have possibly defeated me! It's not possible!",
        "Gwen starts to cry out insults and accusations as you stand over her, she backed herself into a corner a long time ago and you revel as the panic in her voice starts to show through.",
        "You reach down and grip the short hair on her head and grip it tightly as your cock twitches and you bring it against Gwen's cheek. She recoils in disgust and begins to berate you again.",
        "Speaks4",
            "Get yours hands off me! And get that wretched, pathetic cock of yours away from me! You didn't win! You did-MMph!",
        "You interrupt Gwen's complaining as you ram your dick into her mouth, her words being muffled as you thrust into the back of her mouth and touch her throat with your cock. You place your hand on the back of her head and grin down at her as she glowers with rage back up at you.",
        "Gwen starts to raise her hands and tries to press them against your legs to push you off, but you grip them in yours and pin Gwen's hands against the wall above your head as you step closer and press your dick deeper into Gwen's mouth so that her nose is squished against your pelvis.",
        "With Gwen restrained, you begin to thrust back and forth into her mouth, feeling her tongue press against your dick as you violate this pompous mage's mouth. You let out a sigh of satisfaction as you settle into a constant rhythm of fucking Gwen's mouth as her struggles begin to trail off.",
        "You look down and notice that Gwen seems to have given up completely and is just letting you have your way with her mouth. You smile and thrust your dick all the way into her throat. Gwen starts to gag as you grip her hands again and pull her arms behind your back. Tears form in Gwen's eyes as you violate her and the satisfaction you feel makes you feel devious.",
        "Pulling back your cock so that your tip rests of Gwen's tongue, you fire off a load of cum into her mouth and watch as she tries to avoid swallowing the load, letting her cheeks puff up with cum. You pull your cock out and Gwen immediately spits out your load onto the ground as you step away and let her double over in disgust.",
        "Speaks4",
            "You freak! How dare you do that to me! I'll teach you not to mess with me!",
        "In anger Gwen resummons her phantom double and points towards you, but the phantom does not react to her commands. You cock your head and look at it, before reaching out with your hand thinking the command 'pin Gwen down'.",
        "The phantom immediately reacts to your command and sweeps Gwen's legs out from underneath her. Gwen falls and lands on her ass again as magical bindings spring forth from the palm of the phantom Gwen and binds the hands and ankles of Gwen.",
        "Speaks4",
            "Kyaa! What do you think you're doing?! You're a copy of me! You serve me!",
        "You laugh to yourself as phantom Gwen grips the hand bindings of Gwen and lifts her back to her feet, with her arms high above her head. The phantom looks back towards you and you ponder what you should do next to have fun with her.",
        "An idea springs to your head as you wave a command over to the phantom, who lifts Gwen higher and impales the impudent mage onto the cock of the phantom. Gwen lets out a squealing yelp as her asshole expands to accept the titanic cock into her body.",
        "The phantom slowly lowers themselves into a sitting position with Gwen still on their cock, and a hook appears above them to hold onto the bindings for Gwen's hands. The phantom places hands on Gwen's ass and starts to raise and lower her as its hips gyrate to continue fucking the ass of Gwen.",
        "You can't stop yourself from laughing out loud as Gwen is fucked by an emotionless duplicate of herself. Gwen burns with rage but can do nothing as she spent the rest of her energy on resummoning her phantom. You decide to take advantage of this situation as you bend down and grab Gwen's huge tits and begin to fondle them.",
        "Gwen lets a moan escape from her lips as your hands press and squish into her breasts and she quickly tries to stifle it but you merely flash a smile at her, which causes her to burn up in embarrassment again.",
        "Your hands expertly knead and massage at Gwen's breasts as she is raised up and dropped onto her phantom's cock again and again. To mix things up, you occasionally drag your fingers across her breast to grab her nipple and pinch and pull on them, eliciting yelps and moans from Gwen in tandem as pain and pleasure courses through her.",
        "After a few more minutes of this, your cock aches again for Gwen's mouth and you send a command to the phantom to grab hold of Gwen's head. The phantom responds by letting go of Gwen mid-ascent and letting her slam back onto the hilt of the phantom's cock.",
        "Gwen gasps with pleasure as the cock fills her ass and stays there, and the phantom takes advantage of this moment to put their index fingers in the corner of Gwen's mouth and pulls it wide open, making Gwen look like she has a delirious smile on her face.",
        "You nod to the phantom and place your cock in Gwen's mouth again, letting the duplicate move Gwen's head forward and back to simulate Gwen giving you a blowjob.",
        "You moan and run a hand through Gwen's hair as her tongue starts to move and lap at your cock as her head forward and back on your cock. The surprise of this moment catches you off guard as you look down and Gwen has closed her eyes and is leaning into the moment.",
        "You start to thrust your hips in time with the phantom's movements of Gwen's head, and soon you can feel the pleasure racing through your body begin to surge around your groin and you decide to show Gwen how to appreciate a good orgasm.",
        "You send a command to the phantom to remove its hands and you grab the back fo Gwen's head and press it to the base of your cock again. The tightness of her throat, the feeling of her gagging and choking drive you insane as you burst another load into her mouth, but close enough to her throat that it has no choice but to be swallowed.",
        "Gwen's eyes light up with a pinkish energy and hearts fill her pupils as your cock throbs with semen pouring out of it. You feel exhausted by the time you begin to pull out and you notice that at the same time that Gwen's phantom had also orgasmed, judging by the cum seeping out of her ass.",
        "You pull your cock out once it has been drained into Gwen's throat and let her head go, letting it hang forward as Gwen pants with exhaustion. You command the phantom to pull out of Gwen as well and undo the bindings. The phantom lifts Gwen's body off their cock and places Gwen on her side.",
        "You continue on your way, leaving Gwen to vanish back to town on her own."
    ]
  },
  {
    "NameOfScene": "Gwen Shrunken",
    "theScene": [
    "You smugly tell Gwen that you can beat her no matter what size you are. Gwen's lips purse together as her eyes narrow and she calmly responds.",
    "Speaks4",
    "Alright, but don't blame me for what happens next when I defeat you.",
    "Her grimoire shines as Gwen activates your curse from afar, and you find yourself staring up at the massive figure of a giantess Gwen.",
    "CombatEncounter",
        "Giantess Gwen Full",
    "StartCombat",
    "With the giantess Gwen momentarily defeated, you rush away and grow back to normal. By the time you return to normal Gwen has already fled.",
    "JumpToScene", "GwenShrunkenVictory"
    ]
  },
  {
    "NameOfScene": "GwenShrunkenVictory",
    "theScene": [
      "DisplayCharacters",
        "4",
      "EndLoop",
      "ChangeImageLayer", "Expression", "GwenHorny",
    "As you struggle against Gwen's full-power in your shrunken form, you notice that in her orgasm she has left herself completely defenseless. You take hold of this moment as Gwen is left gasping and panting from her orgasm and begin to fire off Conquering Diminishment.",
    "Gwen doesn't recover in time as you fire a beam of energy off at her big toe, and before long Gwen has shrunk down to eye level with you, but you smirk as the process of shrinking takes a lot of energy out of you normally, and you have the time necessary to grow back to normal and wait for Gwen to come to.",
    "Gwen slowly opens her eyes again, and is shocked to find herself sitting in the center of your palm. She tries to stand up on the uneven ground but finds it difficult. Once she finally makes it to her feet she shouts up at you.",
    "Speaks4",
        "W-What the hell do you think you're doing, [ThePlayerName]?",
    "You explain to her that she gave you the spell to do this, and that you saw an opening in her stance and used that opening to shrink her. You tell her that you've basically won now since there's almost no way for her to fight back, realistically.",
    "Gwen puffs out her cheeks and begins to shout up at you, and you decide that it would be best to she her as you sit down on a nearby bench within the tunnel and place Gwen near your resting cock.",
    "PlayerSpeaks",
        "Fine, have at it. If you can make me cum even once then we'll call it a draw.",
    "Gwen looks up at you and smirks.",
    "Speaks4",
        "Heh, I'm an Arcane Master, there's no way I'll fail to make an oaf like you cum!",
    "Gwen reaches out her hands and begins to flood pinkish energy into your cock in an effort to make you cum. You let her do this for nearly a minute before she gives up, exhausted from the exertion.",
    "ChangeArousal", "1",
    "You sigh as Gwen's magic hardly amounts to a tickle in your groin, and you resolve to show her how a tiny can make a giant feel good. You reach your hand down to Gwen and she tries to back away, partially frightened at the size difference between the two of you.",
    "She has nowhere to run, however, and you firmly grasp her in your hand and bring her face closer to the tip of your penis. You command her to lick and wait to see how she'll react.",
    "You see a variety of emotions run across Gwen's face before she finally accepts her lot and you watch as her tongue reaches out and presses against the tip of your penis. The feeling of her diminutive tongue against you isn't quite what you were hoping for, but seeing this self-important, arrogant woman being forced to serve you sends ripples of pleasure through your body.",
    "You command Gwen to keep licking even as precum begins to leak again from your cock, and Gwen frantically licks at your cock in the hopes that doing a good enough job will spare her from being slathered in your precum.",
    "Instead, you move Gwen as she's licking and press her face into your slit, enjoying the feeling of her squirming in your hands as the shock of being submerged in your cock. Her struggles excite you and you slowly massage her head around and around inside of the head of your penis until you finally pull her back out.",
    "The thick precum clings to her face as it slowly drips off, and soon enough Gwen's mouth is free enough that she begins to scream up at you, but you are in a place beyond caring about what she says, as you wonder if the stretchiness part of your curse has been afflicted onto her as well.",
    "You bring your fingers to Gwen's face and pull on her cheeks, watching as she effortlessly stretches and snaps back into place as you release the grip on your fingers. You chuckle to yourself as you get an idea and aim Gwen's face at your cock again.",
    "As you bring her back to the head of your cock, you grab the bottom of her jaw and expand it downward, and slip Gwen over your penis effortlessly. As you slip her past your head, her entire body wraps around your cock and you slowly stretch her further and further down towards the hilt of your cock.",
    "Just as you are about to stretch her face all the way down to your pelvis, the rest of her body follows along and your cock slips through her ass, letting her scrunch up along your shaft. You laugh as your cock spears through Gwen effortlessly but as you laugh, ripples of pleasure course through you as each laugh jolts Gwen on your cock.",
    "The pleasure takes over and you grip Gwen's body tightly, working her across your shaft effortlessly as the squishy, gooey nature of her body glides across your cock.",
    "You begin to pant as the pleasure from using Gwen likes this take over, and you grip tighter and tighter, knowing that Gwen cannot feel pain in this form, only pleasure and you know that if her cock wasn't squished under your grip she'd likely be trying to cum at this point.",
    "Gwen's body has disappeared under your massive hand as you continue to stroke over and over again, grunting and moaning as the feeling of using Gwen as an onahole drives you mad with pleasure, and a burning, aching pressure forms in your groin.",
    "You can feel yourself close to bursting, and you want Gwen to feel you cum inside of her, you slowly work her body back to the tip of your penis, letting her lower body dangle and reform off of your penis as you continue to slowly stroke yourself.",
    "By the time Gwen has mostly reformed, you let a colossal amount of cum flow forth, inflating Gwen like a balloon as you clamp down on her head to keep her pinned to your cock. Her torso inflates with cum as you continue to fire rope after rope of cum into her, watching it leak from the parts of her mouth that you couldn't hold down and her ass.",
    "Satisfied that you milked the last drop of cum from the orgasm into Gwen, you leave her on the bench and let your semen slowly ooze out from her. You tell Gwen that if she wants to fight again, you're always willing to have another go at her, and you continue on your path while letting Gwen return to town on her own."
    ]
  }
  ]
}