{
  "name": "Enter Ars Delusia.",
  "Addition": "Yes",
  "Speakers": [
      {
          "name": "Voltlin",
          "postName": "",
          "SpeakerType": "Monster"
      }
  ],
  "EventText": [
    {
      "NameOfScene": "KioskMenu",
      "theScene": [
                        "MenuAddition",
                        "HideOptionOnRequirementFail", "RequiresPerk", "Minimize",  "Wanna shrink me?",
                        "OverrideOption", "FinalOption", "I should go.",
                      "EndLoop"
                ]
  },
      {
          "NameOfScene": "Wanna shrink me?",
          "theScene": [
            "ChangeImageLayer", "Expression", "Voltlin", "Joy",
          "Your suggestion lights up her face as she excitedly agrees to your proposal.",
          "Speak", "Ampere",
          "Oh! You're the guy who can shrink?! I'd love to try that with you!",
          "She puts a finger up to her face as she thinks about what to do with you.",
          "ChangeImageLayer", "Expression", "Voltlin", "Contemplating",
          "Speak", "Ampere",
          "Hmmmm, I don't have any ideas right now though, did you have anything in mind for what we could do?",
          "Menu",
          "Option 1: Go in her ass as a living buttplug.",
          "Option 2: Go in her shoe and be an insole.",
          "Option 3: Go in her shirt and play with her tits.",
          "Never Mind",
          "EndLoop"
          ]
    },
    {
          "NameOfScene": "Option 1: Go in her ass as a living buttplug.",
          "theScene": [
            "ChangeImageLayer", "Expression", "Voltlin", "JoyOpenEyes",
            "You offer to wiggle around in her ass as a buttplug. Her eyes go light up with glee as she excitedly jumps to her feet.",
            "Speak", "Ampere",
              "That would be incredible! It would really liven up these dull shifts!",
              "ChangeImageLayer", "Expression", "Voltlin", "Grin",
            "Ampere raises her hand towards you and quickly shrinks you down to a couple inches in height. Ampere scoops you up into her hand and lowers the blinds on her checkpoint area as she moves her shorts over and reveals her puckering asshole.",
            "You watch her asshole pucker in anticipation as you are slowly brought to bear against Ampere's ass. The heat of her massive ass washes over you as Ampere holds you still as she adjusts her grip on one of her ass cheeks.",
            "ChangeArousalQuietly", "10",
            "Ampere bites her lip as she finally brings your head in contact with her asshole, the feeling of your head crashing into her as she slowly massages you against her ass's opening. You try your best to time up with Ampere's movements as you stick your tongue out and constantly lick at Ampere's puckered hole.",
            "ChangeArousalQuietly", "10",
            "After several moments pass of massaging her entrance with you, Ampere finally pushes your head inside of her ass. You punch through up to your shoulders in her titanic rear end as Ampere fucks her ass with your head through very tiny movements as her asshole remains firmly clenched around your head.",
            "As the Voltlin continues to gently pull you back and forth, she accidentally shoves too hard and ends up her grip on your lower body as you slide up to your knees into her ass. As your body is propelled and released into her ass you reflexively brace yourself by placing your hands against the walls of her ass, eliciting a moan from the giantess as she feels you struggling inside of herself.",
            "ChangeArousalQuietly", "20",
            "As you stabilize yourself and slowly pull yourself more and more into her ass, Ampere decides to help you the rest of the way by using her fingers to fit you the rest of the way into her booty. Her finger presses against the soles of your feet quickly shoots your body deeper into her smelly ass as you lose your balance and are briefly disoriented as you are forcefully moved.",
            "Ampere pulls her finger back out of her ass and readjusts her shorts as fully seals you inside of herself. She slowly straightens herself out as she pauses and makes sure that you aren't causing a disturbance inside her.",
            "ChangeArousalQuietly", "20",
            "Inside of Ampere, Your senses have been completely thrown out of sorts. The heat that permeates your body and the deep, earthy smell that fills your nostrils pounds into your head, and as you try to figure out the best way to orient yourself in the giantess' ass you can feel your hand movements only serve to elicit further moans from Ampere, shaking your self-inflicted prison.",
            "ChangeArousalQuietly", "10",
            "You feel more movements, causing Ampere's ass to swish from side to side as each step around her kiosk feels like an earthquake. Along with the bouncing, shaking sensations you also feel her tight ass grinding around you, squeezing and pressing on you from all angles as you are entombed in Ampere's hot ass.",
            "Oblivious to what is happening to you inside her ass, Ampere causally goes about and reopens the blinds to her checkpoint and pulls her chair back up to the window. She hums a cheery tune to herself as your occasional struggles make her blush and she tries to stifle a moan as the pleasure of having a secret toy during her work shift causes her horniness to skyrocket.",
            "ChangeArousalQuietly", "10",
            "Finally, Ampere sits down and you can feel more of her weight compress around you. The tight, hot conditions of her ass give you no room to think of what to do next, so instead you begin to wiggle and squirm for Ampere, knowing that your actions like this previously caused her some amounts of pleasure.",
            "ChangeArousalQuietly", "10",
            "You struggle and stretch your arms and legs and using the small amounts of space you created by wiggling to break them free enough that you can use your entire body to massage and squirm inside of Ampere's ass, using your arms and legs to press on her walls while using your main body to squirm and wiggle.",
            "Ampere's face on the outside starts to lose what little professional composition it once had, as a deep blush covers her face and her stifled moans turn into horny panting. Thankfully the tunnel to the Capital still remains quiet and empty save for you two.",
            "Hearing and feeling the vibrations of her panting, you begin to struggle harder inside of her, knowing that she is loving every minute of it. You also begin to place kisses on the inside of her ass. You are unsure if she can feel your kisses at your size, but you try anyways.",
            "Ampere gasps as your lips make contact with the inside of her ass, and as you go in for a deep, passionate kiss against her ass she can't take it anymore and draws the blinds of her kiosk again.",
            "ChangeImageLayer", "Expression", "Voltlin", "Joy",
            "Speak", "Ampere",
              "Geez, you really know how to be a good toy, huh? Getting me all hot like this from inside my ass.",
              "ChangeArousalQuietly", "20",
              "Leaning back in her chair, Ampere unlatches her shorts and lets herself be exposed as she begins to slide her fingers into her pussy, fingering herself as she continues to feel your squirm.",
            "As her fingers enter her pussy and begin to thrust inside of herself, the already tight space around you is further compressed, causing you to push back against the direction of the increasing pressure. You use your freed arms to push and shove in the direction of Ampere's fingers, eliciting a surprised moan of pleasure.",
            "SetArousalToMax",
            "Ampere starts to increase the speed of her fingers, jostling you inside of her ass and causing you to wiggle more and more inside of her. The combined speed of you two results in her moaning more and more.",
            "PlayerOrgasm", "1",
            "Inside of Ampere's ass, the shaking never stops as your movements come to a stop, but with each action Ampere takes seems to jostle you around enough on her own to cause her great pleasure.",
            "ChangeImageLayer", "Expression", "Voltlin", "Orgasm",
            "Finally, you feel Ampere's entire body tighten up as you feel her squirm in delight. Unbeknownst to you, Ampere finally cums as she lets out a loud, contented wail of pleasure. Her shaking and shivering as she finishes cumming batters you inside of her ass.",
            "Speak", "Ampere",
              "*Pant* *Pant* That... Was incredible!",
            "Ampere puts a finger inside her ass and slowly draws you out from inside herself.",
            "Speak", "Ampere",
              "Well, you really do know how to liven my shifts up, but I probably shouldn't keep you in there the whole time, but feel free to come back anytime!",  
            "She sets you down and as you regrow you take your leave of the Capital tunnel and head back to town."
          ]
    },
    {
      "NameOfScene": "Option 2: Go in her shoe and be an insole.",
      "theScene": [
        "ChangeImageLayer", "Expression", "Voltlin", "Joy",
        "You offer to go into one of her shoes and be her insole, her eyes light up and she quickly agrees.",
        "Speak", "Ampere",
          "My feet have been killing me! I could really use someone down there to make them feel better.",
        "She quickly shrinks you down to a few inches in height, before she slides a foot out of her leather shoes and uses her toes to pluck you off the ground and drops you into her shoe.",
        "You land with a slightly wet thud as you feel the sweat that has been worked deep into the insole of Ampere's shoe splash up and soak onto your body. You also feel the heat of her shoe from having her foot inside it all day wash over you as you try to gain your bearings.",
        "ChangeArousalQuietly", "10",
        "You have little time to actually gain your bearings as the shadow of her foot covers the mouth of her shoe, and you just barely lay down in time facing upwards as her foot re-enters her shoe, hovering above you as she begins to relace the shoe and seal you inside with her sweaty feet.",
        "ChangeArousalQuietly", "10",
        "As she finishes lacing up her shoes, Ampere puts her foot back on the ground and sees how you feel pressed against her sole. Her big toe rests on top of your face as her toes drum against your body, and she constantly shifts her sole to get comfortable.",
        "ChangeArousalQuietly", "10",
        "After a few more moments, her sole comes to a rest on top of your body and you can feel her slowly letting the weight of her legs and foot press down on top of you as she gets to work on some overdue paperwork that she let pile up.",
        "In this moment of calm you can finally absorb your surroundings, and you take in the pervasive scent of her feet, dripping in sweat and a light perfume that does nothing to obfuscate the deep, salty scent of her sweat. You also take in the sensation of how hot her shoe is. Her feet are incredibly warm and causes the air to thin just enough that your body feels strained, despite not needing air at all.",
        "ChangeArousalQuietly", "10",
        "The moment of calm is soon interrupted as Ampere's pencil breaks and she has to stand up to go look around her kiosk for her pencil sharpener. She mutters to herself about something, but it is lost on you as all of her weight is placed upon your tiny body, forcing you deep into her insole as you feel some of her sweat squeeze out of the insole and onto your body.",
        "ChangeArousalQuietly", "20",
        "You can feel the crushing weight of her foot cover you for what feels like an eternity as Ampere moves around her kiosk, looking high and low for her pencil sharpener. Every time she crouches down, she places all of her weight onto her toes as your face is crushed beneath her big toe, forcing the sweat that accumulates onto it to be forced into your mouth.",
        "After several minutes, Ampere finally finds her pencil sharpener and sits back down again, relieving you of the majority of her weight and freeing your face from the brunt of her foot's assault. You take the moment to clear your mouth of her toe and take several deep breaths of the stale, sweaty air. It feels so good to take in the air again after having it squeezed out of your body.",
        "ChangeImageLayer", "Expression", "Voltlin", "Thinking",
        "Speak", "Ampere",
          "Hey y'know, you feel pretty nice down there, but I was hoping for some action from you. Do you think you could do something down there for my feet?",
        "As she says this her big toe drums against your face again, smearing more sweat into your open mouth as you were in the middle of taking a deep breath. You sputter and gag as the salty liquid courses down your throat as Ampere continues to drum her toes against you, beating you into the insole of her shoe for a few seconds.",
        "ChangeArousalQuietly", "10",
        "Slowly, her toes slow to a stop and hang in the air just above your face. As you recover from the assault on your face by this toe you slowly pull your arms free and brace yourself to worship Ampere's giant foot.",
        "At first you try to simply kiss her toe while massaging it with your hands, but this garners no reaction from the giantess. So, you stick your tongue out and press it against the sweat-coated toe of Ampere and rake your tongue along the length of her toe. Ampere's foot jolts a little as the sensation tickles her, and you continue to lick at her toe.",
        "ChangeArousalQuietly", "10",
        "ChangeImageLayer", "Expression", "Voltlin", "Joy",
        "Ampere lets out a joyous giggle as she feels your tongue and hands massaging her toe. She continues her work with a big smile on her face as she enjoys the feeling of you under her foot.",
        "ChangeArousalQuietly", "20",
        "You dutifully and doggedly lap at the giant toe of Ampere, trying to ignore the sensation of her sweat traveling down your throat with each lick, but finding after a while that you don't mind the taste any longer.",
        "In fact, the longer that you stay inside Ampere's foot, the more you realize that the stale, sweaty scent of the air doesn't bug you as much. In fact, you begin to find it rather intoxicating as your mind begins to get drunk off of worshipping Ampere's foot.",
        "ChangeArousalQuietly", "20",
        "As you grow drunk off Ampere's sweat you find your cock stiff and pressed into the arch of Ampere's sole. It seems she hasn't noticed yet and you begin to take advantage of that.",
        "While you continue to lick and kiss Ampere's toe, you wrap your arms around the giant toe and use that as leverage to bring your body closer to Ampere's foot and you begin to rub your cock into the sweaty sole of Ampere.",
        "ChangeArousalQuietly", "20",
        "Her foot feels so warm against your throbbing cock, and as her sweat coats you, your thrusts become easier and easier, and you can feel your mind filling with pleasure as you bury your face into Ampere's toe.",
        "SetArousalToMax",
        "You pant and moan as you doggedly hump Ampere's sole, you kiss her toe repeatedly as your mind turns to mush from the heat, sweat, and stale air that has been plaguing you inside this shoe.",
        "PlayerOrgasm", "1",
        "Finally, you reach a breaking point inside Ampere's shoe and your pleasure builds up too much as you finally cum and spray your insignificant load against the titanic sole of Ampere, which is immediately lost and absorbed by her body.",
        "Ampere feels something happen to her foot as she absorbs your cum and feels your struggles weaken inside of her shoe, and she pulls her foot up onto her other leg and starts to untie her shoe as she speaks to you.",
        "ChangeImageLayer", "Expression", "Voltlin", "Smug",
        "Speak", "Ampere",
          "I was wondering what you were doing down there after you started to kiss my toes. I take it you're all tuckered out now after that adventure?",
          "She pulls you out from her shoe and sets you on the ground before addressing you again.",
          "ChangeImageLayer", "Expression", "Voltlin", "Joy",
          "Speak", "Ampere",
          "Well if you ever want to fuck my foot again I wouldn't mind another round. I'll see you soon.",  
        "You regrow and make your way back to town."
      ]
    },
    {
      "NameOfScene": "Option 3: Go in her shirt and play with her tits.",
      "theScene": [
        "ChangeImageLayer", "Expression", "Voltlin", "Joy",
        "You offer to go into her shirt and play with her tits.",
        "Speak", "Ampere",
          "That would feel so great! I would really like it if you could play with my nipples!",
        "Ampere quickly shrinks you and plucks you between her fingers as she hold you above the gigantic mountains that are her breasts. She tugs away at her tightly strained shirt and tosses you down into her bosom.",
        "You collide with the giant mounds of pleasure and start rolling. Ampere holds her shirt open and watches you as you roll and roll all the way down her breasts towards her nipple.",
        "ChangeArousalQuietly", "10",
        "Finally, you make it down to just above her nipple. Ampere giggles as she adjusts her shirt a few time and bounces her breasts just enough so that you are positioned directly in front of her nipple.",
        "ChangeImageLayer", "Expression", "Voltlin", "Grin",
        "Speak", "Ampere",
          "There we go, now you can really go at it.",
        "Ampere lets her shirt snap back into place and and watches as the weight of her breasts stretches her shirt around you and adheres you to her nipple like a tattoo. From the outside, Ampere giggles as she sees the outline of your body as you are splayed and pressed against her nipple.",
        "ChangeArousalQuietly", "10",
        "Meanwhile, inside her shirt, you struggle to orient yourself as your hands and feet sink into the soft flesh around you. Compounding your struggles is the incredible weight placed on top of you as Ampere's tit weighs on your body, combined with the stretched fabric of her shirt ensures that you aren't going anywhere.",
        "ChangeArousalQuietly", "10",
        "Instead of fighting back anymore, you decide that you are just going to go with it and turn your attention to the breast in front of you, and you begin to kiss every last inch of Ampere's breast that you can get your hands on.",
        "With each press from your lips onto her breast, you can feel Ampere's nipple slowly stiffening. You barrage her with kiss after kiss, knowing that she's enjoying it as you feel her heart beat louder and louder from excitement.",
        "ChangeArousalQuietly", "10",
        "You press your tongue into her breast and drag it up and down everywhere you can reach on her breast, knowing that she'll enjoy the feeling of your tongue against her like this.",
        "ChangeArousalQuietly", "10",
        "And you are right, Ampere's nipple fully puffs up, pressing directly against your crotch as you continue to dutifully kiss and lick against her breast.",
        "With her nipple fully erect, you continue to kiss and lick at her breast as you use your hands to reposition your dick so that it aims against the opening of her nipple, before you let yourself slip into her nipple and begin to fuck it.",
        "ChangeArousalQuietly", "10",
        "You let your hips rock back and forth as you slide your hardened member inside of Ampere's nipple. The warm embrace of her breasts causes you to inadvertently moan into the bouncy flesh.",
        "ChangeImageLayer", "Expression", "Voltlin", "LipLick",
        "ChangeArousalQuietly", "20",
        "Ampere feels your motions as you fuck her nipple. And she can't help but reciprocate your moan as she feels your tiny cock inside of her. She looks around and begins to settle in as she watches her breasts jiggle softly from your actions.",
        "As you continue to fuck Ampere's breasts, you feel a new sensation press into your back as Ampere brings her hands up to her breasts and begins to stroke her nipples through her clothes. You feel her as she rubs against your back that she is pressing you deeper into her nipple.",
        "ChangeArousalQuietly", "20",
        "You time your thrusts with the movement of her fingers as Ampere presses you deeper and deeper into her tit with each stroke. Your cock longs for release but you hold on tight as Ampere suddenly presses your body deep and you indent into her nipple.",
        "Ampere has taken her palms and begins to use them to thoroughly massage her breasts, smashing you deep into her nipple as you are compressed harder and harder into her body.",
        "ChangeArousalQuietly", "30",
        "Ampere make continuous circular motions with her breasts. Mashing and molding you to her breast as her lust and horniness takes over. Your dick is lodged in her nipple and with every motion you feel yourself edging closer and closer to climax.",
        "Just before you cum, Ampere leans over onto the table, letting her weight press her tits into the table as her hands slide down into her pants. Ampere starts to masturbate as you use the table against your back to give you leverage as you thrust harder and faster into Ampere's nipple.",
        "SetArousalToMax",
        "You and Ampere are panting and moaning as the two of you please yourselves. The heaving breaths of Ampere causes her breasts to raise and lower in time with your thrusts as you feel yourself once again reaching climax.",
        "ChangeImageLayer", "Expression", "Voltlin", "Orgasm",
        "PlayerOrgasm", "1",
        "No interruptions come this time as you release your load deep into Ampere's nipple, gripping tightly onto the flesh of her breasts as you thrust as deep as possible inside her as your sputtering orgasm leaves you exhausted. Ampere finishes soon after and pants for a few seconds before realizing you are still pinned to the table beneath her tits.",
        "ChangeImageLayer", "Expression", "Voltlin", "Joy",
        "She fishes you out of her shirt and sets you on the ground as she breathlessly speaks to you.",
        "Speak", "Ampere",
          "That was so exciting, I've never had my nipples played with like that before. I should have you over more often.",
        "You agree, but decide that its time to head back to town as Ampere returns to her work."
      ]
    },
    {
      "NameOfScene": "Never Mind",
      "theScene": [
      "You tell Ampere that you changed her mind. She pouts for a moment and asks what else you would like to do.",
      "JumpToScene", "KioskMenu"
      ]
    }
  ]
}