{
    "name": "Spider's Lair",
    "Addition": "Yes",
    "Speakers": [
        {
            "name": "",
            "postName": "",
            "SpeakerType": ""
        }
    ],
    "EventText": [
        {
            "NameOfScene": "Meeting Again",
            "theScene": [
            "MenuAddition",
            "HideOptionOnRequirementFail", "RequiresPerk", "Minimize", "Shrink inside her web.",
            "EndLoop"
            ]
        },
        {
            "NameOfScene": "Shrink inside her web.",
            "theScene": [
            "Upon seeing Camilla again, you go to say hello to her again and apologize for falling into her web, but your curse mark actives and leaves you shrunk inside her web.",
            "Camilla feels frazzled as she feels the magic of your curse mark flow into her web as well, and she scurries faster to you and sees your dazed body shrunken and stuck to her web.",
            "ChangeImageLayer", "Expression", "Camilla", "Panic",
            "Speaks",
                "[ThePlayerName]! What do you think you're doing?! Do you have any idea of how jarring that was?!",
            "Her angry words fall on deaf ears as you are still dazed from your bout of shrinking, and she sighs as she looms over you.",
            "ChangeImageLayer", "Expression", "Camilla", "Annoyed",
            "Speaks",
                "Ugh, I don't have time for this. Let me get you cleared out of that web and I'll escort you to the exit of the cave, alright?",
            "ChangeArousalByPercent", "15",
            "ChangeImageLayer", "Expression", "Camilla", "Base",
            "Camilla carefully picks you up out of the tangled web you find yourself in, and places you between her large breasts as she begins to carry you towards the exit of the cave. You come back to your senses a short while into the trip and see Camilla has a huge blush on her face.",
            "ChangeArousalByPercent", "15",
            "You take in your surroundings and feel the warm, inviting embrace of Camilla's giant breasts snuggling against you. The pillowy embrace is enough to make you want to curl up and fall asleep between them, but Camilla's footfalls jiggles them around you just enough to keep you awake.",
            "Camilla occasionally shoots a glance down at your tiny body, and as she sees the light of the cave entrance she slowly comes to a stop and peers down at you again.",
            "ChangeImageLayer", "Expression", "Camilla", "Flustered",
            "Speaks",
                "I-it's not fair for you to come all this way and get me all riled up without giving me something in return you know. I think it's time to have some fun with you!",
            "ChangeArousalByPercent", "15",
            "ChangeImageLayer", "Expression", "Camilla", "PredatoryLust",
            "Camilla grabs onto the side of her breasts and presses them inwards, sandwiching you between the two soft mounds of flesh as she begins to rub them and continuously massage them together.",
            "ChangeArousalByPercent", "15",
            "Her soft moans as she feels her breasts press and massage against your body echoes and hangs in the quiet cave, and Camilla's heartbeat speeds up as her moans grow louder and louder.",
            "ChangeArousalByPercent", "15",
            "You revel in Camilla's full body titjob, feeling the embrace of her body as she wraps you tightly in her boobs. Her scent fills your nostrils and the heat of her body radiates through you as you begin to lose yourself to the pleasures of Camilla's breasts.",
            "ChangeArousalByPercent", "17",
            "With each squishing press of her body, the two of you inch closer and closer to ecstasy as Camilla brings her hands forwards and begins to pinch and roll her nipples, pressing down on her breasts as they overtake your body and smother you in their massive, pillowy flesh.",
            "Camilla's moans reverberate through her body, and as you remain smothered underneath her titanic breasts you feel her breathing grow faster and more intense. Your cock twitches inside of her cleavage and you struggle to contain your urges while trapped beneath Camilla's tits.",
            "ChangeArousalByPercent", "18",
            "Camilla continues to press down on her breasts, her breathing intense and showing that she's near climax as she doubles over. Her mind is so focused on pleasing herself that she's all but forgotten about her tiny passenger as you feel the weight and pressure of her body pressing into you.",
            "ChangeArousalByPercent", "22",
            "The soft flesh of her breasts presses into your hardened cock, and as she continues to massage and press downwards the stimulation of her tits against your cock elicits another jolt of pleasure into your body.",
            "ChangeArousalByPercent", "25",
            "ChangeImageLayer", "Expression", "Camilla", "Orgasm",
            "Finally, the two of you can't take it anymore as Camilla lets out a screeching moan of pleasure as the two of you reach climax. Your hips thrust against your fleshy prison as your ejaculate vanishes into Camilla's breasts as her body shakes from her orgasm.",
            "PlayerOrgasm", "1",
            "ChangeImageLayer", "Expression", "Camilla", "Flustered",
            "Camilla looks around with an embarrassed expression on her face as she scurries forward and leaves your tiny body just outside the exit to her cave. You stand up and dust yourself off after regrowing back to your normal size and you continue onwards."
            ]
        }
    ]
}
