{
    "name": "A Toxic Relationship",
    "CardType": "Event",
    "CardLimit": "1",
    "Description": "A Toxic Matango has a devious plan for you.",
    "requires": [""],
    "requiresEvent": [
      {
      "NameOfEvent": "Cut Down to Size",
      "Progress": "1",
      "ChoiceNumber": "-1",
      "Choice": ""
      }
    ],
    "Speakers": [
        {
            "name": "Toxic Matango",
            "postName": "",
            "SpeakerType": ""
        }
    ],
    "EventText": [
      {
          "NameOfScene": "EventStart",
          "theScene": [
          "You wander through the darkened tunnels of the Caverns, but you are stopped dead in your tracks as something starts to waft in the air.",
          "You can't stop yourself in time as you breathe in, and catch a whiff of an intensely sweet aroma flowing through the air.",
          "As you are breathing in the scent, however, you feel the back of your neck start to burn as the curse mark is activated, and you shrink until you stand just a few inches tall.",
          "You stand there confused, what shrank you? Was it the scent? How could that be possible?",
          "In the middle of your pondering, you see a Toxic Matango emerge from a hidden passage nearby, and her eyes light up as she sees your shrunken form.",
          "DisplayCharacters",
          "1",
          "EndLoop",
          "ChangeImageLayer", "Expression", "1", "Laugh",
          "Speaks",
          "Hehehehe, how does it feel? My special shrinking spores?♥♥♥",
          "You tilt your head in confusion and the Toxic Matango slowly creeps forward.",
          "Speaks",
          "It was simple, when the secrets to shrink you were spread across the island I incorporated the magic into my spores, and lured you to this isolate part of the caverns solely so I could have my fun with you.♥",
          "You stand there in shock as she explains this, and as a result of your shock you fail to evade her hand darting out to grab you. You struggle in her hand as she laughs and speaks again.",
          "ChangeImageLayer", "Expression", "1", "LewdPredatory",
          "Speaks",
          "Now then, my little doll, I heard about your physical endurance in this form from the pamphlet, but I am truly curious in your mental endurance.♥",
          "You gulp as her eyes shine with malicious intent, and dread as she starts to move you around to her ass.",
          "JumpToScene",
          "Round 1"
          ]
      },
      {
          "NameOfScene": "Round 1",
          "theScene": [
          "You are brought around to the ass of the pale pink mushroom's butt, and watch on as she uses her free hand to pull on one of her buttcheeks to reveal her dark pink asshole to you.",
          "As you are dragged closer and closer to her smelly hole, you see the hole pulse in and out, following along with her movements as she breathes in and out.",
          "Speaks",
          "Did you know that spores aren't the only thing Matangos can make? We can use the magic in our bodies to create gas on demand, do you know what that means for you?",
          "Her words trail off as you see her asshole start to tense, and you brace yourself in time as a rush of wind ripples out from her asshole, washing over you.",
          "It's powerful, and knocks you prone against her palm as her scent forces its way into your nose and mouth. As you breathe in the scent you realize that, to your shock, it's surprisingly sweet.",
          "The smell is still strong, and causes you to cough repeatedly. You try to wait for the smell to dissipate, but it never seems to fully dissipate.",
          "ChangeArousalByPercent", "20",
          "ApplyStatusEffect", "Lecherous Spores",
          "With each breath of the sweet scent you take in, you can feel it hooking into your brain, causing you to long after another smell.",
          "ChangeImageLayer", "Expression", "1", "LewdDevious",
          "Speaks",
          "Getting your fill of my scent are you? Well how about I provide you with some more? Although I'll warn you, too much of this stuff could be bad for your brain.",
          "You try to ignore the Matango's words, but do notice that you aren't thinking as well anymore, and your reactions have been slowed.",
          "Another fart blasts from her asshole, with a stream of her hot air going straight into your mouth and forcing you into a coughing fit.",
          "You can't help yourself from breathing in the air, and struggle to stop yourself from fully giving into the powerful mind breaking power of it.",
          "StatCheck",
          "Willpower", "20",
          "R1Pass",
          "Fail",
          "R1Fail"
          ]
      },
      {
          "NameOfScene": "R1Pass",
          "theScene": [
          "You keep your composure and pull yourself to a sitting position.",
          "The Toxic Matango pulls you away from her rear for a second to check on you, and seeing that you're okay starts to smile.",
          "ChangeImageLayer", "Expression", "1", "Giggle",
          "Speaks",
          "Well now, aren't you just a resilient little guy? Let's turn up the pressure and see how you deal with that.",
          "Her hand moves back to her ass, and you are moved to lay on her fingers as she holds your head just under her asshole.",
          "JumpToScene",
          "Round 2"
          ]
      },
      {
          "NameOfScene": "R1Fail",
          "theScene": [
          "You can't hold on, even this much gas is too much for your brain as you curl up in her palm, your mind not fully yours as you bathe in the magical gas.",
          "You desperately take deep breaths, hoping to breathe in as much of the Matango's sweet scent as you can.",
          "The Toxic Matango pulls you away for a second to look at you, and sees you pathetically taking gulps of her stench and her face twists in disgust.",
          "ChangeImageLayer", "Expression", "1", "Concern",
          "Speaks",
          "Really? You broke that fast? Humans are so weak these days... Might as well put you to good use.",
          "JumpToScene",
          "Mind Break"
          ]
      },
      {
          "NameOfScene": "Round 2",
          "theScene": [
            "Your face hangs just a bit away from the giant, pink asshole, the heat the Matango produces is radiating off her hold and her buttcheeks and washes over you.",
            "Her asshole puckers and tenses up for a second.",
            "Sluggishly, you bring your hands up and brace yourself, waiting for the blast to hit you.",
            "And wait",
            "But nothing happens.",
            "ChangeImageLayer", "Expression", "1", "Laugh",
            "Cautiously, you lower your hands and peek up at the giant hole only for it to open up and spray you with hot, stinky gas.",
            "ChangeArousalByPercent", "20",
            "ApplyStatusEffect", "Lecherous Spores",
            "As you breathe in this scent you feel like it's not as sweet anymore, and now is tinged with the stench of a normal fart, causing you to gag as you are surrounded by it.",
            "The spores in the fart also cause it to hook further into your brain, and as you try to fight off the stench you now grapple with perverted, lustful thoughts that get you aroused by the massive Matango's stench.",
            "You try to use the chance between farts to escape and roll off the fingers of the Toxic Matango, but her fingers move faster than your stink riddled brain, and her fingers press you into the side of her buttcheek.",
            "She rubs you around a few times as punishment for trying to escape, before she bring yours face back to her asshole, and presses your face just into the hole, letting you peer into the stinky, dark depths.",
            "The smell of her ass is far more intense with your face now peering inside, and you shudder to think what the next fart will bring.",
            "You aren't forced to wait long as the next blast immediately comes out. The force of the fart forces your mouth open and all you can do is suffer as the slowly worsening scent is forced down your throat, further dulling your mind and inclining you to worship the smelly Matango.",
            "You gag, but are unable to do anything to help yourself as your mind starts to swim from the repetitive farts.",
            "Relief comes as the Matango pulls you back to check on how you're doing, and smiles as she sees you gagging and coughing.",
            "ChangeImageLayer", "Expression", "1", "LewdDevious",
            "Speaks",
            "Still feeling resilient? Or are you willing to swallow your pride and worship me?",
            "The gas still lingers, bringing you closer and closer to giving in. You muster all your willpower to fight off the powerful stench.",
            "StatCheck",
            "Willpower", "22",
            "R2 Pass",
            "Fail",
            "R2 Fail"
          ]
      },
      {
          "NameOfScene": "R2 Pass",
          "theScene": [
            "You manage to stay strong, and hold out until the gas dissipates.",
            "Even with you surviving, the Toxic Matango looks more pleased than last time.",
            "Speaks",
            "Hehehe, I'm glad you haven't cracked yet, shrimp. Guess you're strong enough to take my last challenge, huh?",
            "The strength you gathered slowly vanishes as you are moved closer to the Toxic Matango's ass yet again.",
            "This time, as she brings your face close to her asshole, she uses her fingers to slowly push you up to your shoulders into her ass, and lets you dangle there.",
            "Speaks",
            "Well now, you make a pretty good buttplug human! I wonder if you can take these next few right from the source!",
            "JumpToScene",
            "Final Round"
          ]
      },
      {
          "NameOfScene": "R2 Fail",
          "theScene": [
            "You can't take it anymore, and start to breathe in the stink that still surrounds you, while kissing at the hand you are on.",
            "The Toxic Matango pulls you around to her stomach and looks down at you, and smirks.",
            "ChangeImageLayer", "Expression", "1", "Laugh",
            "Speaks",
            "Guess you couldn't hold out that long. I can't believe how pathetic you can be.",
            "Speaks",
            "Well, if you're gonna start worshipping me, might as well do it right.",
            "JumpToScene",
            "Mind Break"
          ]
      },
      {
          "NameOfScene": "Final Round",
          "theScene": [
          "You find yourself dangling from the Toxic Matango's asshole, which is firmly clenched around your shoulders, locking you in place.",
          "ChangeImageLayer", "Expression", "1", "Mocking",
          "Speaks",
          "Alright buttplug listen up! If you can survive this round I promise to let you go, but if you can't I promise I'll put you to good use.",
          "To punctuate her mocking tone, the Toxic Matango shakes her ass from side to side, letting the dangling bits of your body sway from side to side as she laughs.",
          "Meanwhile for you, you are forced to stare up into the dark abyss of the Toxic Matango's ass, and are forced to smell the horrid stench of her ass.",
          "Speaks",
          "I should let you know, those spores that are breaking your mind? They were there to cover up the smell of my farts, but now that you're inside my ass that won't be the case. I'll break your mind with my terrible smells now.",
          "As she says this, you can hear a distant rumbling.",
          "You gather hope for a second, thinking that a fart in your situation will knock you free and give you a chance to run, but as you think this the Toxic Matango's fingers reinforce you from underneath, making sure you'll stay in place.",
          "There is no time to lament as a fart rushes forth at you, ramming you with hot air that invades your nose and mouth and forces the asshole of the Toxic Matango to batter your shoulders as it vibrates around you.",
          "The stench is far worse than anything else, and with your body trapped in place, you have no choice but to deal with the stench that now dominates your entire being.",
          "You cough and gag, but nothing clears the stench from your mind as your own thoughts degrade further and further, and you become painfully aware of your erection to this.",
          "Even now, you feel yourself start to drool as a thought flashes into your mind of you being subjected to another fart. You struggle to resist these thoughts in your mind.",
          "ChangeArousalByPercent", "30",
          "ApplyStatusEffect", "Lecherous Spores",
          "Your thoughts are interrupted by yet another fart pummeling your face, forcing the rancid stench into your mouth. After this long you feel like you can taste the fart now every time it hits you.",
          "Your brain struggles to hold on, but your struggles on the outside have stopped, causing the Toxic Matango to call out to you.",
          "Speaks",
          "So how about it, feel like giving in and worshipping me yet?",
          "You can feel the smug tone in her voice, and are desperate to show her how wrong she is as you try to push through this.",
          "StatCheck",
          "Willpower", "25",
          "FRPass",
          "Fail",
          "FRFail"
          ]
      },
      {
          "NameOfScene": "FRPass",
          "theScene": [
          "You gather everything you have and start to struggle again, letting the Toxic Matango that you've endured.",
          "ChangeImageLayer", "Expression", "1", "Base",
          "Speaks",
          "Hmmm, I'm impressed. Well I'll stick to my word this time, but next time maybe you won't be so lucky.",
          "With a pop noise, she pulls your head from her ass and gives you a quick whiff. She makes an exaggerated face before laughing.",
          "Speaks",
          "Pe-ew you stink something fierce. Teehee, maybe you should give yourself a wash.",
          "With that she sets you on the ground and lets you continue on your way.",
          "You grow back to your original in a matter of moments and resume your journey."
          ]
      },
      {
          "NameOfScene": "FRFail",
          "theScene": [
          "You can't take it anymore, and start to kiss at the wrinkled flesh of the Toxic Matango's asshole.",
          "ChangeImageLayer", "Expression", "1", "Mocking",
          "Speaks",
          "Well I guess I have my answer. Took you long enough to finally break.",
          "Speaks",
          "I can't wait to treat you like the little ass-kisser you really are.",
          "Her words hardly register to you until you are removed from her asshole and brought in front of her. You feel sad to be away from her asshole as you yearn for more of her.",
          "JumpToScene",
          "Mind Break"
          ]
      },
      {
          "NameOfScene": "Mind Break",
          "theScene": [
            "ChangeImageLayer", "Expression", "1", "LewdPredatory",
          "You lay on the hand of the giant Toxic Matango, as she ponders your fate.",
          "Then, a thought comes across her mind as her lips curl up into a devious smile.",
          "Speaks",
          "Oho, I know what I'll do with you. I'll let you explore the wonders of my body.",
          "ChangeImageLayer", "Expression", "1", "Lewder",
          "With that, she raises you up to her armpit and begins to press you against her slightly sweaty skin. Eagerly, you open your mouth and start to lick at the salty, wet flesh energetically.",
          "The Toxic Matango laughs as the sensation of your tongue on her skin tickles her, and at the sight of a human adventurer obediently licking up the sweat from her stinky armpit.",
          "You ignore her laugh, as you're stuck in mind numbing bliss and can only focus on the wall of hot, humid flesh in front of you. With each stroke of your tongue against the purple mushroom girl's armpit you can feel your cock hardening and you lose a bit more control over yourself.",
          "As you continue to lick, a bead of sweat rolls down from the top of her armpit and eventually makes its way down to you, and drenches you in the sweat as you struggle to lap it up in your broken state.",
          "Regardless of your condition, you lick at every inch of the Toxic Matango's armpit that you can get a hold of, until she moves you away, filling you with a small pang of sadness.",
          "Speaks",
          "Alright little slave, let's not get too excited just on an appetizer, you've still got your main course ahead of you!",
          "As she says this you can see that she is moving you around to her rear. Her hand releases you as she firmly wedges you inbetween her buttcheeks, with her butthole positioned right in front of you, but just out of reach.",
          "ChangeImageLayer", "Expression", "1", "Lewder",
          "Speaks",
          "Now then, be a good little boy and start licking. I wanna feel that insignificant tongue touch every part of my almighty ass!",
          "Wedged into the giant girl's ass, you awkwardly struggle to lick at the massive ass surrounding you. Your tongue washes over the smaller wrinkles in her earthy flesh, and your senses continue to be overloaded by the magical spores rushing through your body.",
          "As the Toxic Matango barely feels your tongue make contact with her ass, she shivers slightly, loving the feeling of power she has over you. Her shiver causes her ass to tighten for a moment, grinding you between the massive cheeks and forcing you to take a mouthful of ass before the pressure subsides.",
          "You continue licking, ignoring the minor setback. Eventually, you hear a familiar rumbling noise but are too invested in worshipping the purple ass you are stuck in to give it another thought.",
          "ChangeArousalByPercent", "20",
          "ApplyStatusEffect", "Lecherous Spores",
          "ChangeImageLayer", "Expression", "1", "Smuger",
          "Soon, the Toxic Matango releases another fart directly onto you as you were licking at her ass cheeks. The force slams into you and frees you from the ass of the massive mushroom girl, who towers over you as you lay on the ground.",
          "Speaks",
          "Tch, I didn't mean to let another one out, but I guess we should stop here before I fully break you down anyways. Come find me again if you ever need a toxic dose of fun, sweety.",
          "With that, the Toxic Matango blows a kiss at you and walks away. You lay on the ground as the haze in your brain wears off and you work through what just happened to you.",
          "Soon after the Toxic Matango leaves, you return to your normal size and continue on your way, heavily worn down by the gas attack of the Toxic Matango."
          ]
      }
    ]
}
