{
    "name": "Visit Jora",
    "Addition": "Yes",
    "Speakers": [
        {
            "name": "",
            "postName": "",
            "SpeakerType": ""
        }
    ],
    "EventText": [
        {
            "NameOfScene": "JoraCaveMenu",
            "theScene": [
            "MenuAddition",
            "HideOptionOnRequirementFail", "RequiresPerk", "Minimize",  "Shrink for Jora.",
            "EndLoop"
            ]
        },
        {
            "NameOfScene": "Shrink for Jora.",
            "theScene": [
                "You bring up to Jora the idea of her shrinking you down and having fun with you. Jora looks at you with a conflicted look as she processes your request before looking at you with a sharp hunger in her eyes",
                "ChangeImageLayer", "Expression", "Jora", "Tsundere",
                "Speaks",
                    "Okay, come here.",
                "Jora presses her tail against your back and brings you into a deep embrace as she begins to kiss you. While she does so, you curse mark flares with energy and you begin to shrink to only a few inches in height. Jora holds you close to her lips for just a few seconds more as she slowly coils her tail underneath herself.",
                "ChangeImageLayer", "Expression", "Jora", "Loving",
                "Once she's ready, Jora slowly pulls you back and away from her lips, and she gives you a sweet look as her fingers pinch your arms and she holds them out to your sides. You cock your head to the side as Jora's tail end begins to press against your tiny asshole.",
                "ChangeArousalByPercent", "15",
                "You look down and look back at Jora as she bites the bottom of her lip, filled with lust as her tail thrusts upwards, penetrating your tight ass and causing you to gasp in strained pleasure as your body deforms to fit around Jora's tail.",
                "ChangeArousalByPercent", "15",
                "Your body shifts and molds around Jora's thick tail, and the expression left on your face as you become motionless fills her with a genuine chuckle at the absurd expression you make. She pulls her tail close to her body and starts to coo as she places kisses all over your body, tightly wrapped around her tail.",
                "ChangeImageLayer", "Expression", "Jora", "Pleasured",
                "Speaks",
                    "Oh there we are, doesn't it feel good to be wrapped around me like that? It must feel exactly like how my pussy does when it's wrapped around your manhood.",
                "Jora continues to caress her tail with you wrapped around it, and kisses your body constantly while slipping her tongue out to lick up and down the length of your stretched form.",
                "Speaks",
                    "Hmmmm, although I guess I'm not really sure what that feels like. But maybe it wouldn't hurt to test myself out with you. What do you think?",
                "ChangeArousalByPercent", "16",
                "ChangeImageLayer", "Expression", "Jora", "Dominant",
                "She glances back at you, stretched thin over her tail while she swishes it around as if you were nodding your head in agreement with her. Jora's eyes glitter at you 'agreement' and begins to pull your body deep into her mouth as she begins to coat you in her saliva.",
                "ChangeArousalByPercent", "16",
                "Once you are sufficiently lubed up for her liking, Jora pulls you from her mouth, letting a string of drool come away with you and she begins to lower you down towards her pussy. You feel numb with pleasure at this point as Jora begins to rub your face against her slick, tight pussy.",
                "ChangeArousalByPercent", "18",
                "Her tail struggles a few times as she presses it against the entrance of her pussy, smearing and smushing your face as you are forced against her tight entrance. Finally, Jora manages to push with enough force to slide her tail inside of her pussy.",
                "ChangeArousalByPercent", "18",
                "The vice-like grip of her pussy crushes around your body, pressing you closer and closer to her tail until you feel more like a tattoo than anything else at this point. Jora moans and gasps as she tries to push her tail deeper inside of herself, but she makes shockingly little progress.",
                "ChangeArousalByPercent", "20",
                "After several more thrusts, Jora has slid all of your body inside her pussy with the help of her tail, and as she attempts to thrust her tail with small movements, she arouses herself but ends up not moving her tail around much.",
                "ChangeArousalByPercent", "20",
                "Inside Jora's pussy, you feel yourself be coated thoroughly in the juices of her pussy, and the feeling of her enormous body crushing and clamping onto you has left you unable to conjure up a single thought at this moment as you can only dwell on the sensation of Jora's crushing pussy.",
                "ChangeArousalByPercent", "25",
                "Jora manages to relax herself enough that she can start to thrust with any amount of speed inside of herself, and you are constantly shoved and moved around inside of the enormous wyrm as she fucks herself with your body coating her tail.",
                "ChangeArousalByPercent", "25",
                "ChangeImageLayer", "Expression", "Jora", "Pleasured",
                "Jora lets out small moans as she continues to fuck herself, enjoying the sensations brought by your body smoothing out her tail, giving her the sensation of being fucked by someone else even as her tail does all the work for her.",
                "ChangeArousalByPercent", "25",
                "Finally, Jora lets out a deep sigh as her pussy constricts tightly around your body and her tail, she ends up not cumming very much as her tail continues to snake around inside of herself before she finally pulls it out.",
                "ChangeArousalByPercent", "30",
                "You nearly peel off and stay behind inside of Jora's pussy, but instead you remain stuck firm to her tail as she pulls you out, and sees that she's flattened you to her scales with the pressure inside of her pussy. Jora suppresses a snickering laugh as she brings you closer to herself.",
                "ChangeImageLayer", "Expression", "Jora", "Caring",
                "Speaks",
                    "Oh dear, that doesn't look too pleasant. Come here and let me get you off of there.",
                "Jora carefully begins to pull at your body, letting air flow back into you as she peels you off of her tail, and your ass is allowed to return to its original diameter. Jora pulls you close to her mouth again and with a puff of air blows you back to your original shape.",
                "As you are restored to your normal shape you feel the sensations that were flowing through your deformed body hit you as a solid wall of pleasure and your body is suddenly pulled into an intense, shaking orgasm that leaves you crumpled on Jora's palm. The wyrm licks up the droplets of cum and smiles at you warmly.",
                "PlayerOrgasm", "2",
                "ChangeImageLayer", "Expression", "Jora", "Smile",
                "Speaks",
                    "Well now, that was an interesting reaction, did you enjoy your time being a tail-warmer for me?",
                "Jora places you between her breasts as your body recovers, and you try your best to curl up inbetween her tits in order to recover your strength. The feeling of her tail deep inside your body lingers in your mind for just a moment longer before you manage to push it from your mind and get some rest while listening to the soothing heartbeat of Jora.",
                "RestPlayer", "1",
                "The two of you wake up later in the day, feeling recharged and rested as Jora sets you on the ground and watches you grow back to your normal height. She gives you one last kiss for the road and watches as you head back to town."
            ]
        }
    ]
}
