{
    "name": "Easily Startled",
    "CardType": "Event",
    "CardLimit": "1",
    "Description": "Something seems to be bothering Kyra, go check up on her.",
    "requires": ["Green Scale"],
    "requiresEvent": [
      {
      "NameOfEvent": "Cut Down to Size",
      "Progress": "1",
      "ChoiceNumber": "-1",
      "Choice": ""
      }
    ],
    "Speakers": [
        {
            "name": "Kyra",
            "postName": "",
            "SpeakerType": "Monster"
        }
    ],
    "EventText": [
        {
            "NameOfScene": "EventStart",
            "theScene": [
            "As you wander through the forest, you come upon a familiar lizard girl. Kyra seems to be standing in the middle of the road with her back turned to you, lost in thought.",
            "DisplayCharacters",
              "1",
              "EndLoop",
            "With her back turned it's likely that you could sneak past her with ease.",
            "Menu",
            "Sneak by",
            "Call out to her",
            "EndLoop"
            ]
        },
        {
            "NameOfScene": "Sneak by",
            "theScene": [
              "Deciding that you should leave her to her own devices, you start to slink past her.",
            "StatCheck",
            "Technique",
            "18",
            "Escaped",
            "Fail",
            "Startled"
            ]
        },
        {
            "NameOfScene": "Escaped",
            "theScene": [
            "Ducking low to the foliage around you, you easily sneak past Kyra, who remains deep in thought.",
            "You eventually round a bend in the trail and lose sight of Kyra, and get back to your journey."
            ]
        },
        {
            "NameOfScene": "Call out to her",
            "theScene": [
            "You call out to Kyra, asking her what she's doing just standing around.",
            "ChangeImageLayer", "Expression", "1", "Surprised",
            "You see her shoulders tense up, and you get the feeling something's about to go wrong as she starts to shout out some arcane words.",
            "JumpToScene",
            "Shrink"
            ]
        },
        {
            "NameOfScene": "Startled",
            "theScene": [
            "You try to sneak around the unassuming lizard girl, but get your foot snagged on a gnarled root in your way and you end up falling directly in front of Kyra.",
            "ChangeImageLayer", "Expression", "1", "Surprised",
            "Your sudden appearance startles Kyra, who whirls around and starts shouting strange arcane words at you.",
            "JumpToScene",
            "Shrink"
            ]
        },
        {
            "NameOfScene": "Shrink",
            "theScene": [
            "In her panic shouting, she lets loose the activation phrase for your shrinking curse, rapidly bringing you down to mere inches in size.",
            "Kyra opens her eyes and looks back at where you were before, and as her keen eyes lock onto your tiny frame she rushes over to you and drops to her knees.",
            "ChangeImageLayer", "Expression", "1", "Panic",
            "Speaks",
            "Oh no! Crap... I really didn't mean to do that to you! I was just thinking about this note I found and then you appeared out of nowhere and then...",
            "She trails off as she just stares down at you, amazed at your tiny form and the spell that let her shrink you.",
            "ChangeImageLayer", "Expression", "1", "Bashful",
            "Speaks",
            "Y-you know... You're really cute at this size. M-maybe I should keep you on me, you know, to keep you safe.",
            "You can see her cheeks burning red as she slowly reaches out to grab you. You try to react but can't as she catches you in her hand.",
            "JumpToScene",
            "Having some fun"
            ]
        },
        {
            "NameOfScene": "Having some fun",
            "theScene": [
            "She keeps her hands cupped around you as she quickly moves to a more remote location, before light shines through again and you can see through her hands that you are being held in front of her pussy as she sits on a stump.",
            "Speaks",
            "Okay now, I'm gonna hide you away for a bit, j-just to be sure no other girl finds you before you unshrink, okay?",
            "You try to speak up and point out the flaws in her plan, but your voice never reaches her as you are suddenly thrust headfirst towards the massive vagina of Kyra.",
            "ChangeImageLayer", "Expression", "1", "Submissive",
            "Her hands fall away as your body is pressed directly against her vagina, and you can feel the moan she release vibrate through her body as she slowly massages you up and down against the entrance to her pussy.",
            "As you are smeared across the front of her pussy you feel yourself slowly getting covered in her juices, as she was already wet from imagining this moment as she was walking with you.",
            "Once you have been sufficiently lubed up, Kyra pulls you away from her pussy so she can re-angle you, aiming your head away from her pussy as she slowly feeds you into her pussy feet-first.",
            "You struggle and try to kick at Kyra, but she's too fast as she quickly sinks you up to your knees in her pussy. You try to keep struggling but can't lift your leg enough to pull it out of her.",
            "Kyra softly moans again as she continues feeding your body inside her, and as she does so she stares at your face, clearly enjoying your expressions as you are now buried up to your waist in her vagina.",
            "With enough of your body inside her, you feel the flexing of her muscles in her pussy start to pull you in deeper, and Kyra lets her hands fall away from you as she lets out gentle moans as you are pulled up to your chest into her pussy.",
            "Before she can drag you any further into her, you place your arms on the sides of her pussy, grabbing onto to handfuls of flesh as you keep your shoulders and head from being consumed by the giant lizard pussy.",
            "Kyra pauses her moans as she peeks down at you again, seemingly annoyed with you.",
            "ChangeImageLayer", "Expression", "1", "Hmph",
            "Speaks",
            "W-Why are you doing that? Get in there!",
            "With a bit of frustration in her movements, she brings her index finger to you and starts to push on your head, trying to force your body completely inside her.",
            "ChangeImageLayer", "Expression", "1", "Submissive",
            "It's no use for you, as she easily overpowers your tiny arms and you find yourself fully immersed in her giant pussy. As you are pushed deep inside the giant lizard woman, you feel a deep moan reverberate through her walls.",
            "The finger that she used to push you in slowly recedes, leaving you to see the tiniest bit of light coming through as her pussy slowly pulses with each deep, sensual breath she takes.",
            "However, now that you are fully inside Kyra, you feel her intense heat start to wash over you, and the pleasant feeling of the walls of her pussy massaging you starts to arouse you.",
            "ChangeArousalQuietly",
            "50",
            "You can feel yourself starting to get hard inside the giant woman, and can't control yourself as you start wriggling inside Kyra.",
            "Her reaction is immediate as you feel her pussy tighten up as she feels you stimulating her, and the soft, smooth walls of her pussy continue to pulse and massage you.",
            "The two of you spend minutes together, as you struggle inside her body with the aim of pleasing her, and Kyra using you for her own pleasure, with her excuse for shoving you into her pussy long since forgotten.",
            "ChangeArousalQuietly",
            "50",
            "Your infatuation with your situation starts to intensify, and soon you start working your tongue on the restrictive walls of Kyra's pussy, and while her reaction doesn't immediately show that she feels your tongue on her, you immediately are flooded with the taste of her pussy.",
            "ChangeArousalQuietly",
            "50",
            "Her sweet, thick juices coat your tongue as you continue to lick and struggle against her pussy with all your might, and you reward is her pussy tightening more as she lets out a low, protracted moan as a rushing wave of her juices come forth, sweeping you out of her pussy with great speed.",
            "You find yourself in a puddle in front of where Kyra is sitting, as she pants and leans her head back as she tries to recover from the orgasm you just gave her.",
            "ChangeImageLayer", "Expression", "1", "Kidding",
            "Speaks",
            "Haaaa... mnn, that was spectacular.♥ Sorry for keeping you with me like that, but I don't regret that one bit.",
            "She winks at you as she carefully reaches forward and sets you down on the ground in front of where she was sitting, and lets you grow back to normal.",
            "Kyra wishes you luck on the rest of your journeying as she leans back and closes her eyes, basking in the afterglow of her orgasm."
            ]
        }
    ]
}
