{
  "name": "KitsunesMentalHelp",
  "Addition": "Yes",
  "Speakers": [
    {
      "name": "Kotone",
      "postName": "",
      "SpeakerType": "Monster"
    }
  ],
  "EventText": [
    {
        "NameOfScene": "Menu Options",
        "theScene": [ 
                      "MenuAddition",
                          "HideOptionOnRequirementFail", "RequiresPerk", "Minimize",  "Can I ask you to shrink me?",
                        "EndLoop"

                  ]
    },
    {
        "NameOfScene": "MenuOptions2",
        "theScene": [   "MenuAddition",
                            "HideOptionOnRequirementFail", "RequiresPerk", "Minimize",  "Can I ask you to shrink me?",
                        "EndLoop"
                  ]
    },
    {
        "NameOfScene": "Can I ask you to shrink me?",
        "theScene": [  "ChangeImageLayer", "Expression", "1", "Curious",
                       "Your straightforward way of asking Kotone doesn't seem to bother her, as she pensively rubs a finger against her chin.",
                       "Speaks",
                       "That does sound like fun, but I must warn you that since I am technically on the clock, I must be ready to test another adventurer should the need arise.",
                       "You nod in acceptance and immediately feel your cursemark activate as Kotone chants a few words of arcane power at you.",
                       "A feeling of excitement comes over you as you start to shrink. You watch slowly as Kotone's kimono starts to pass you by, and then her legs tower over you as you stand just shorter than her big toe.",
                       "ChangeImageLayer", "Expression", "1", "Dominant",
                       "You gaze up at the immense fox girl, who simply gazes down at you with a lustful, confident smirk.",
                       "As you wonder what Kotone plans on doing with you now, your question is answered by the massive, bare foot of Kotone hangs above you. Anything above you is replaced by the majesty of Kotone's perfect, smooth sole as it casts a huge shadow over you.",
                       "Without giving you even a moment to react, Kotone sends her foot crashing down on top of you, pinning you underneath the ball of her foot. The heavy pressure of Kotone's foot on you is only matched by the immediate hypnotic scent of her lavender-scented feet. The scent courses through your body, and you feel your cock struggling against the massive foot.",
                       "ChangeImageLayer", "Expression", "1", "Happy",
                       "Speaks",
                       "Well I can already feel this will be easy to pleasure you, so I'll let you sniff, kiss, worship my feet to your heart's content. Have fun.",
                       "ChangeArousalByPercent", "10",
                       "As she finishes talking, you feel her take her attention off you, as her foot just slowly moves with her natural movements as she stands on top of you. The scent of her foot keeps invading your mind and body, and you can feel it dragging you down.",
                       "With her scend embedded in your brain, you open your mouth and place your tongue against the smooth, luscious skin of the giant kitsune foot. A taste of sweat hits your tongue immediately, but the powerful aroma of her foot washes that away as her foot starts to taste floral and sweet.",
                       "Unable to control yourself, you start to passionately lick at the giant foot, eagerly lapping at every inch of the sweet sole of Kotone, who stifles a laugh at your actions.",
                       "ChangeArousalByPercent", "20",
                       "With each breath you take in between licks, the further you descend into your passion for the sole of Kotone, causing you to spend more time licking her foot and taking in her scent. This chain goes on for what feels like minutes, before Kotone finally speaks.",
                       "ChangeImageLayer", "Expression", "1", "Cooing",
                       "Speaks",
                       "That's just great little [ThePlayerName], but I think we aren't moving fast enough for you to truly be satisfied.",
                       "ChangeArousalByPercent", "20",
                       "You hardly can hear her words from underneath her foot, and simply start kissing her foot as she is speaking.",
                       "Paying no heed to you, Kotone removes her foot from you momentarily. You grasp upwards as you try to grab onto her foot, but stop as you her massive big toe descending onto you, but it just stops short as it rests on the tip of your dick like its balancing on a needle.",
                       "Speaks",
                       "My my, you've been having so much fun, but how about we truly please you.",
                       "Unbeknownst to you, her eyes shine with a blue light as you feel compelled to start masturbating to the giant foot.",
                       "ChangeArousalByPercent", "20",
                       "Your hand moves down to your shaft, burning with lust after the past few minutes of licking, and you start to stroke your cock as you continue to bathe in the warm, floral scent of Kotone's foot.",
                       "ChangeImageLayer", "Expression", "1", "SmugKnowing",
                       "As you jerk off, Kotone slowly moves her toe ever so slightly, moving your dick with it as she uses slow, gentle movements to pleasure you.",
                       "ChangeArousalByPercent", "20",
                       "You rub yourself harder and faster, as pleasure builds inside you and starts to beg for release. Your mind starts racing and as you close your eyes you still see nothing but the impressive foot of Kotone.",
                       "PlayerOrgasm", "1",
                       "Soon enough you hit your limit, and you try to release your cum, but it immediately floods out and into the toe of Kotone, which rapidly absorbs your cum before it even has a chance of escaping you.",
                       "Feeling a slight wave of exhaustion, your dick starts to go soft as you lie back and bask in the heat of Kotone's foot as it settles onto you again.",
                       "ChangeImageLayer", "Expression", "1", "Stern",
                       "Seeing that you've satisfied yourself, Kotone takes her foot off you and starts to pick you up, brining you up to her face. She stops as her ears perk up, and she senses that an adventurer is making their way towards the Will Trials.",
                       "She thinks fast and deposits you into her sock, and slips her foot into it right behind you. You barely have a moment to recover as you land in the white cloth, before the sole you were just worshipping lands on you, smushing against your face as Kotone slips her foot back into her sandal.",
                       "ChangeImageLayer", "Expression", "1", "Base",
                       "A gruff-sounding older adventurer enters the fox door, and Kotone greets them happily. The two talk for just a few minutes before the adventurer has the info he needs and leaves the room.",
                       "While they talk, Kotone starts to lean to one side, and rests more and more of her weight onto you as she continues her conversation. As you feel the pressure building onto you, you can't help but focus on the intensified scent of Kotone's foot, which is building up with the heat of her sock trapping in the heat and scent of her foot.",
                       "You don't have a moment to rest, however, as Kotone starts to hurry onwards to the quiz room of the Will Trials, where you hear her flirting with the adventurer as they get several questions wrong. As the adventurer gets stuck on the Demon Queen question you feel Kotone step up to the man, before he starts moaning loudly before Kotone starts to walk away.",
                       "ChangeImageLayer", "Expression", "1", "Cold",
                       "Speaks",
                       "Tch, didn't even last through a handjob. What are these adventurers made of these days.",
                       "Having sent the adventurer back to town through 'special means', Kotone returns to her room, and sits down on her comforting chair before remembering you.",
                       "ChangeImageLayer", "Expression", "1", "Happy",
                       "She pulls her sock off, and sees you stuck to the sole of her foot like a small tattoo, and lets out a heartfelt chuckle at your predicament.",
                       "Speaks",
                       "Oh my, I am so sorry I left you in there, I just couldn't think of what else to do when I heard that adventurer coming to this side of the Temple. I hope you can understand that everything else that happened was strictly business. You understand that, don't you?",
                       "You nod your head and and Kotone brings you up and gives you a full body kiss, before setting you down on the chair opposite hers as she watches you grow back to your normal state.",
                       "Kotone's ears perk up and she quickly stands up and makes her way to her secret passage, saying that another adventurer is making their way straight through the Trial doors and she needs to go do her job. She blows you a kiss as her door closes, and you decided to go back to town."
                  ]
    }
  ]
}
