{
    "name": "Fizzy Spring",
    "Addition": "Yes",
    "Speakers": [
        {
            "name": "",
            "postName": "",
            "SpeakerType": ""
        }
    ],
    "EventText": [
        {
            "NameOfScene": "Try talking to the pool.",
            "theScene": [
            "MenuAddition",
                "Can you shrink me?",
            "EndLoop"
            ]
        },
        {
            "NameOfScene": "Can you shrink me?",
            "theScene": [
                "ChangeImageLayer", "Expression", "1", "Curious",
                "The Bubble Slime cocks her head and slowly begins to tug you deeper in the pool. As you fall into the bubbling liquid your cursemark activates and you find yourself shrinking down in size until you begin to rest on the giant slime woman's breast.",
                "Speaks",
                    "There? Are ya feeling comfortable, sugar? I'll give you the real full-body massage now.",
                "ChangeImageLayer", "Expression", "1", "Pleasured",
                "You try to meet the gaze of the Bubble Slime before you notice her body has repositioned you to the inside of her breast, facing against her other one as they slowly begin to press together. You wait and eventually feel the impact and pressure as she holds her breasts together, enveloping you in their gelatinous embrace.",
                "ChangeArousalQuietly", "10",
                "You relax as the fizzy woman's breasts surround and begin to lightly pulse around you. The soothing sensation of her body's movements as she simulates breathing causes you to let your body go limp inside her embrace and enjoy the massaging sensation of her body.",
                "ChangeImageLayer", "Expression", "1", "Lazy",
                "ChangeArousalQuietly", "15",
                "The Bubble Slime gives you a lazy, cooing look as she grabs her breasts and slowly, sensually begins to move them up and down, causing them to grind against your body as she mashes and presses you between them.",
                "ChangeArousalQuietly", "10",
                "Despite the pressure, the sensations of her body caressing and grinding against your body continue to feel great. You let out a moan that sends bubbles into the slime-woman's body as your stiffening cock feels the pleasure of her breasts.",
                "ChangeImageLayer", "Expression", "1", "Happy",
                "ChangeArousalQuietly", "15",
                "The Bubble Slime laughs as she sees your moans escape as bubbles into her body. The tickling sensation of your breath causes her body to shake with her laughs, letting her breasts slap together.",
                "ChangeArousalQuietly", "15",
                "As her breasts slam together again and again, you find yourself pressed against the thick membrane on her body. The pressure of her body causes you to struggle and press against this membrane until finally you punch through and are thrusted into the gelatinous, liquid body of the Bubble Slime.",
                "ChangeArousalQuietly", "25",
                "She lets out a gasp as she looks down at her breasts lazily and sees that you are no longer resting on the outside of her breasts, but instead she sees that you are treading water inside of gooey body.",
                "ChangeImageLayer", "Expression", "1", "Seductive",
                "Speaks",
                    "My my, I had no idea you were so eager to be inside me. Very well, I shall let you enjoy your massage from inside me, but don't blame me if it gets too intense for your little body.",
                "ChangeImageLayer", "Expression", "1", "Lazy",
                "The Bubble Slime slowly reclines deeper into the pool, and her body's fizziness intensifies. The bubbles swarm and caress your body as you remain floating inside the giant slime's breast. With your curse mark's protection, you have no need to struggle or worry about your breath as you lean back and let yourself be suspended in the warm liquid.",
                "ChangeArousalQuietly", "22",
                "As you relax, the Bubble Slime lets her body form around you more as she solidifies her body around your cock. The sudden grip of her gelatinous body around your cock causes you to jerk awake as the Bubble Slime continues to laze about with her arms hanging outside the pool as she begins to jerk you off inside her body.",
                "ChangeArousalQuietly", "20",
                "She gently strokes the length of your shaft over and over again, letting the fizzy sensation of her bubbles press against and vibrate against your cock. You let more moans out from your body as the Bubble Slime giggles at the body forming in her body as she pleases and services you.",
                "ChangeArousalQuietly", "25",
                "The liquid of her body seeps into your mouth as you moan, and the delightfully sweet taste of her body arouses you further as the Bubble Slime continues to massage your cock. You are lost in a sea of pleasure within the curvaceous breasts of the Bubble Slime as she gives you an adoring look.",
                "Your moans intensify and come out faster and faster as the Bubble Slime's body strokes your shaft faster and faster, and finally you begin to shake and tremor inside of her gooey body as you spurt out your load over and over again into her breast.",
                "PlayerOrgasm", "2",
                "ChangeImageLayer", "Expression", "1", "Pleasure",
                "The white liquid hangs inside of the Bubble Slime as it is slowly broken down and absorbed into her body. The Bubble Slime lets out a contented sigh as she feeds you up through her body and she deposits you onto the ground through her palm.",
                "ChangeImageLayer", "Expression", "1", "Lazy",
                "Speaks",
                    "Well well, that was more fun than I expected. Run along now and whenever you want I'll be sure to give you another full-body bath like that again.",
                "You grow back to normal and slowly make your way forward, still drunk on the Bubble Slime's body coursing through your veins."
            ]
        }
    ]
}
