{
  "name": "Will-Power Final Boss",
  "Addition": "Yes",
  "Speakers": [
    {
      "name": "Mizuko",
      "postName": "",
      "SpeakerType": "Monster"
    },
    {
      "name": "Himika",
      "postName": "",
      "SpeakerType": "Monster"
    },
    {
      "name": "???",
      "postName": "",
      "SpeakerType": "?"
    },
    {
      "name": "Blue Oni",
      "postName": "",
      "SpeakerType": "Monster"
    },
    {
      "name": "Red Oni",
      "postName": "",
      "SpeakerType": "Monster"
    }
  ],
    "EventText": [

      {
          "NameOfScene": "TheBossMenu",
          "theScene": [
                        "Menu",
                          "Fight!",
                          "Talk.",
                          "RequiresChoice", "2", "BeatHardMode",
                          "Ask to fuck the oni sisters.",
                          "Use the glowing circle?",
                          "HideOptionOnRequirementFail", "RequiresPerk", "Minimize",  "I want to be shrunk.",
                          "Go back to the kunoichi training hall.",
                        "EndLoop"
                    ]
      },
      {
          "NameOfScene": "I want to be shrunk.",
          "theScene": [
          "Speaks",
          "Hmm?",
          "Speaks",
          "By who?",
          "Menu",
          "HideOptionOnRequirementFail", "RequiresPerk", "Minimize", "Shrunk by Mizuko",
          "HideOptionOnRequirementFail", "RequiresPerk", "Minimize", "Shrunk by Himika",
          "HideOptionOnRequirementFail", "RequiresPerk", "Minimize", "Shrunk by both",
          "Never mind",
          "EndLoop"
          ]
      },
      {
          "NameOfScene": "Shrunk by Mizuko",
          "theScene": [
            "ChangeImageLayer", "Expression", "Mizuko", "Smug",
          "You turn to Mizuko and ask her if she would be willing to shrink you. The tall blue oni raises an eyebrow at you as a smirk crosses her face.",
          "Speaks",
          "Oh but of course! Now come here and let's get you settled in to your new height.",
          "Mizuko starts to lead you away as Himika rolls her eyes at you two, but you can't help but notice the jealousy in her eyes as you walk away with the blue oni sister.",
          "DisplayCharacters",
            "1",
            "EndLoop",
          "You step past the secret door Mizuko usually enters through, and watch as the passageway closes again leaving you and Mizuko in a dim, candle-lit hallway. Mizuko looks back at you and purses her lips to blow a kiss at you, before leading you to a spacious, comfortable looking room.",
          "Mizuko leads you to the bed inside and as you sit down she brings her hand to the back of your neck, and she presses a spell talisman she had hidden in her hand onto you, causing you to rapidly shrink until you stand at just an inch tall on her bed.",
          "ChangeImageLayer", "Expression", "Mizuko", "Base",
          "Speaks",
          "Oh deary me, it seems I made you a bit smaller than I anticipated. I guess it can't be helped, let's just relax and have fun then, shall we?",
          "ChangeImageLayer", "Base", "Mizuko", "Nude",
          "You nod at Mizuko, unsure if she can actually make out your movements or not as she climbs over you to lay down on the bed facedown. She turns to look at you as you stand next to her titanic body and she lets out a giggle.",
          "Speaks",
          "How rude of me, I forgot about your predicament. Allow me to help you out.",
          "You flinch for a moment as Mizuko's fingers reach out towards you, but relax as her soft, careful grip lets you know that she plans on being careful with you. You soar through the air in between her pinched fingers until you find yourself hovering over the massive blue canyon of her ass.",
          "However, Mizuko doesn't drop you directly into her the depths of her ass, but rather she sets you down onto the mighty hills that are her toned, perfect ass cheeks and and retracts her hand from you.",
          "ChangeImageLayer", "Expression", "Mizuko", "Base",
          "You take in the landscape before you, as the oni woman you stand on has now become a field of blue that you stand on, and as your eyes sweep from her legs and feet up to her back and head, you see her staring back at you, expectantly.",
          "ChangeImageLayer", "Expression", "Mizuko", "Seductive",
          "Speaks",
          "I hope I'm not interrupting something, but I was hoping we could get started already. How about you start worshipping me.♥",
          "As she says this you could have sworn you saw her eyes glow a faint pink color, but that thought is erased as you feel compelled to look down at the massive butt beneath your feet. As you marvel at the wondrous, jiggly hill that you stand on, you drop down to your knees and bring your face close to the massive flesh before you and start licking.",
          "Meanwhile, as your tongue makes contact with her rear, Mizuko has a giant smirk on her face as she revels in the amount of influence her trance magic holds over you, giving her the ability to override your will with a simple command now.",
          "In ignorance of Mizuko's spell on you, you continue to kiss and lick at the deep blue skin of Mizuko's butt, reaching out with your hands and gripping onto the jiggly fat of her butt as you take in the smooth, delicate feel of her skin.",
          "Mizuko feels your tiny grip and chuckles to herself as she flexes the muscles in her ass repeatedly, causing them to stiffen and loosen repeatedly. These simple motions for her shifted her butt for you, forcing you to cling to her rear like a mere insect.",
          "Eventually the rocking stops once more, and you slowly try to rise to your feet once more, but Mizuko calls out 'Kiss!' and once again you feel your will dissipate as you drop to your knees and start kissing the cheek of the massive behind.",
          "Your lips plant onto the massive butt, as you lay kiss after kiss upon the massive Oni ass, with little smooch noises that only you can hear echoing through the silence as Mizuko focuses on enjoying your tiny, inscrutable movements.",
          "With each kiss you place onto Mizuko's soft rear end you can feel the scent of her skin gently wafting up into your nose, filling your head with scents of sake, perfume, and a slight amount of sweat. You take these scents in and they combine in your brain as you feel your dick start to harden at the joy of worshipping Mizuko.",
          "You take one hand from Mizuko's ass and bring it to your hardened cock, and start to stroke your member. Your head is a clouded mess of pleasure and worship until you hear a new command chime out from Mizuko.",
          "Speaks",
          "Alright little guy, I think it's time you work on my other cheek now.",
          "Without hesitation your body starts to move, standing up and walking down the great hill of Mizuko's ass onto the small of her back and trekking up onto her opposite ass cheek. Once you reach the summit of her ass you quickly drop to your knees again and resume kissing the great blue landscape beneath you.",
          "Picking up where you left off on her other butt cheek, one of your free hands moves down to your cock and you continue to masturbate, moaning with pleasure as the highly perfumed, yet still musky scent of Mizuko's ass swirls in your brain.",
          "Mizuko, however, seems bored with simple worship of her ass cheeks, and offers a new command to you.",
          "Speaks",
          "You've been doing such a wonderful job over there, but how about you really get into the thick of it and show me how much you love my ass?",
          "You gaze down at the giant canyon of her ass crack, and the same compulsion as before starts to move you down her massive hill to the small of her back. Before you can start moving, however, Mizuko flexes her mighty ass and causes the ground beneath you to shake, making you lose your footing and causing you to tumble in between her butt cheeks.",
          "At your tiny size you gaze up, and see just how much you are dwarfed by the high cliffs that make up Mizuko's ass. You gaze around in a stupor as your mind is overloaded with various sensations before Mizuko cries out 'Too slow!' and flexes her ass cheeks again, causing them to come together and tighten on top of your diminutive body.",
          "You are caught between the mighty ass cheeks of the blue oni woman, unable to move. Mizuko drones on about the proper way to worship her, but her words fall on deaf ears as you are subject to the overpowering smell and feel of her ass, and your mind swims with lust for the dominating rear.",
          "With a giggle, Mizuko starts to knead her firmed butt cheeks, massaging them together as your body is ground between the cheeks of the giant blue woman. You feel yourself be assaulted from every angle by Mizuko, and in place of any pain all you can do is feel pleasure from the pressure rubbing all over your body.",
          "Finally, she relaxes her muscles and lets her cheeks return to their original position. As they fall away from each other back to their normal spot, you realize that you are stuck to one of Mizuko's ass cheeks, and force yourself off the sweaty cheek and land in her crack again.",
          "Speaks",
          "Sorry for playing rough little one, it's just that you were taking so long and I couldn't take it any longer. If you want to avoid that again I suggest you start worshipping. Oh and really put your tongue into it this time, I wanna feel it rake all over my ass.♥",
          "You try to compose yourself, but the words of Mizuko sing through your mind and you can't help but immediately dropping to your knees at her command and start to kiss at the length of her ass crack.",
          "Slowly, your lips travel along the long length of the ravine of Mizuko's ass. Her musky scent continues to dance in your head as the heat of her body washes over you. With each breath you can feel yourself getting hotter and hotter as the magic of Mizuko keeps you enraptured with pleasure.",
          "As you travel along Mizuko's ass, you break down and can't hold back any longer. You stop kissing her ass as you fully press your tongue against the giantess' great blue ass and rake it along as much of her ass as you can manage.",
          "Your mind is fully under Mizuko's magical trance, and you can't even process the athletic, sweaty taste of Mizuko's ass as you lovingly crawl along her ass, with your tongue firmly planted against her.",
          "Finally, you reach the end of your journey, as you come face to face with the impressive butthole of Mizuko, puckered and slowly moving with her breathing. You sit back for a moment and gaze at the butthole that, even at it's most relaxed state looks like it could easily swallow you whole.",
          "You are so caught up in gazing at Mizuko's asshole that you fail to realize her finger is descending upon you, and by the time you notice it is too late. The massive finger comes down onto your upper body, and presses your head and torso against her butthole and immediately pushes your upper half inside her ass.",
          "With your upper body trapped inside Mizuko's gigantic rear she lets out another laugh, enjoying the fact she can so easily trap you inside her if she so wanted.",
          "Thanks to the trance, you don't even struggle as pleasure continues to overwhelm you, even as darkness and the deep, earthy scent of Mizuko's ass bombard your senses. Mizuko pulls her finger away from your body and flexes her ass a few more times, causing her asshole to restrict around your torso several times as you let out a moan into her endless ass.",
          "PlayerOrgasm", "2",
          "As she does this, the pressure in your cock finally comes to a head, as all the pleasure built up in your body and mind overwhelms you, and you fire a spurt of cum onto the crack of Mizuko's ass, hardly noticeable to the great giantess as she continues to shake her ass, throwing the parts of your body outside her asshole around like a rag doll.",
          "After you cum, you come back to your senses for a moment as the trance starts to wear off, and you are immediately barraged with a slightly more foul smell of Mizuko's ass than your tranced self thought it smelled like. You recoil and struggle against her tightened asshole, bracing your feet against her soft flesh as you pull your head out with a satisfying 'pop' noise.",
          "Speaks",
          "Oh? Looks like my little trick wore off. Oh well, I've had quite my share of fun with you after all, it'd be a shame to keep you any longer and to leave my sister unattended.",
          "As she says this, the sapphire blue oni reaches back and lazily grabs you between her fingers and pulls you from her asscrack.",
          "ChangeImageLayer", "Expression", "Mizuko", "Smug",
          "She holds you in front of her face for a second as she quickly brings you in for a kiss, before setting you on the ground in front of her bed with a giggle.",
          "As you rest on the ground, recovering from the overload of pleasure, Mizuko stands up over you and starts to leave the room.",
          "ChangeImageLayer", "Expression", "Mizuko", "Amused",
          "Speaks",
          "Well then, I'll be waiting in the main room, come on back once you've settled down, okay?",
          "DisplayCharacters",
            "1",
            "2",
          "EndLoop",
          "Mizuko walks away as the spell wears off and you return to your normal size, and you walk through the winding hallways to find yourself before Mizuko and Himika.",
          "ChangeSpirit", "2",
          "JumpToScene",
          "BossMenu"
          ]
      },
      {
          "NameOfScene": "Shrunk by Himika",
          "theScene": [
          "ChangeImageLayer", "Expression", "Himika", "Panic", "ChangeImageLayer", "Face", "Himika", "Blush",
          "Himika takes a moment to process your request, before her face grows a deeper red as she blushes from your bold question.",
          "Speaks2",
          "W-Why would you want me to shrink you?? I mean, I'll do it, but you're still weird for asking!",
          "Mizuko gives you two a smirk as Himika leads you through their secret tunnels, and just before Mizuko leaves your vision she gives you a playful wave.",
          "DisplayCharacters",
            "2",
            "EndLoop",
          "Himika leads you through the tunnel into a spartan room, with a few exercise mats laying on the floor in lieu of a rug. Himika turns to you and gives you a playful smack on the back with a charm that activates your curse mark.",
          "You blink a few times as you get ahold of your surroundings, and see the massive red oni towering over you. From your position you can easily see under her plain loincloth and get a glimpse of her beautiful ruby red pussy.",
          "ChangeImageLayer", "Expression", "Himika", "Panic", "ChangeImageLayer", "Face", "Himika", "Blush",
          "Himika picks up where your gaze is headed and her blush returns, as she fiddles with the ropes on her loincloth until she finally blurts out.",
          "Speaks2",
          "W-Will you stop staring already?! Geez...",
          "Speaks2",
          "Umm... So let's get started then!",
          "Himika bends over and the moment her fingers grab you she stands up, bringing you level with her breasts and heads over to the exercise mats in the center of the room and stands on them, with her feet at should-width distance.",
          "Looking at herself and then you, Himika realizes where to put you and places you between her breasts. As you settle between the tightly wrapped tits of Himika, you hear her call down to you as she suddenly starts bending to the side.",
          "ChangeImageLayer", "Face", "Himika", "",
          "ChangeImageLayer", "Expression", "Himika", "Dominant",
          "Speaks2",
          "Hold on squirt, you're gonna get a front row seat to the exercise of a lifetime! How else do you think I keep up these rock hard abs?",
          "You grasp onto the great red orbs surrounding you as Himika leans to the right while keeping her legs straight, stretching her hips and back as you feel her heart beat slowly increasing.",
          "She returns to her normal standing position as you try to reorient yourself, but before you can Himika bends to the left, causing her breasts to move again as the weight of her right breast rolls onto your body. The sensation of one breast weighing down as you lie on the other feels great, but as Himika stands up again you can't help but notice that you are sinking down her cleavage.",
          "Himika wastes no time in her neutral position as her torso lunges forward as she bends over to touch her toes. As Himika bends over, you and her breasts both move fast until you find yourself hanging upside down as Himika counts each second she's stretching.",
          "You begin to notice that since you are effectively upside down, you are slowly slipping out of Himika's exposed cleavage, and in your desperation to hold you grab fistfuls of her squishy, bountiful breasts.",
          "Himika lets out a small moan as she feels you pinch her boobs as you latch onto her, but she calmly finishes the stretch and returns to a neutral position, as she tries to hide her blush from you.",
          "For her final stretch, Himika pulls one arm across her chest and uses the other arm to help pull on it. The result of this pressure is her breasts expanding around you as they are compressed, burying you underneath the ruby red tits.",
          "Himika holds this position for a while, before releasing and switching her arms around. You try to take a second to breathe as the initial pressure subsides, but as it does you are immediately compressed by the second round of stretching, and end up squished between the massive breasts again, forced to breathe in the athletic, sweaty air around you.",
          "With her stretches done, Himika relaxes her arms, letting you and her breasts rest for a moment as well as Himika sneaks a peek down at you and flashes you a bright grin.",
          "Speaks2",
          "You happy with the warm-up? Because we're just getting started!",
          "With that, Himika immediately leaps into doing jumping jacks. The repeated jumping motions cause her tightly wrapped chest to continue to shake, and you bear the brunt of the enormous globes struggling under their own weight as they try to move freely.",
          "The constant bouncing of her breasts eventually causes you to start slipping down through Himika's cleavage, and the sweat that has accumulated throughout her stretches and the jumping jacks has caused her breasts to already be too slippery for you to hang on to as her boobs engulf you.",
          "The light in her room vanishes as you are submerged in a sea of red, still constantly assaulting you from every direction with barrages of soft, squishy flesh. The smell is powerful as the hot, musky scent of Himika's sweat surrounds you and teases you as you are forced to breath it in.",
          "As Himika nears her 100th jumping jack the sweat and heat become too much inside her chest wraps, and you fall out of the bottom and slide along her stomach. You see her loincloth approach you as you fall, and in a bit of desperation you latch onto the flimsy piece of cloth and just barely manage to hold on until Himika finishes her jumping jacks.",
          "Once she finishes, Himika looks down and at her breasts and becomes frantic for a moment as she realizes you've gone missing. She bends over to look at the ground, before seeing you clutching onto the flapping cloth of her loincloth and she lets out a chuckle.",
          "ChangeImageLayer", "Expression", "Himika", "Cocky",
          "Speaks2",
          "Oh I see, I'm already a bit too sweaty for you, aren't I? Well how about you help me with this next exercise from outside my clothes, alright?",
          "Before you can agree or not to this, Himika pulls you off her loincloth, and holds onto you as she starts to lay down on the floor face first. Once she is ready she props herself up with one hand and places you under her breasts, before assuming a pushup position.",
          "Speaks2",
          "Alright, your task is very simply, I want you to stand tall underneath my breast, and reach up and tap me just before I make contact with you. Otherwise if you don't tap me I might keep going lower and lower.",
          "Himika tries to phrase that last part like a threat, but you can't imagine a downside to this scenario, but decide to play along to be nice.",
          "As you are thinking about this, you are interrupted by Himika's tits falling from the sky towards you, you panic and throw your hand into the air and smack into Himika's breast. Himika stops her descent and pushes her body upwards. Now that you understand the rhythm you stay underneath her breast and help her out with her workout.",
          "A few minutes pass as Himika does pushup after pushup. You've fallen into a nice rhythm, but eventually the even pace makes you too comfortable as your eyes wander along the vast sky that is Himika's body. Your eyes glaze over every bit of her muscular, tantalizing form as Himika's breast smacks into your head, and you are squished into the ground by the massive Red Oni's tits.",
          "Speaks2",
          "I warned you what would happen, and now you're stuck underneath me! Hope you're happy down there!",
          "You think to yourself as you find yourself buried under a huge boob and think 'yeah this is pretty good' and you move your hand as much as possible and squeeze Himika's breast with as much of your body as possible.",
          "Himika feels you squeeze her and she lifts herself up and goes into a plank position as she sees you holding onto the bottom of her breast for dear life, and starts talking to you.",
          "Speaks2",
          "Hey now, don't go getting too excited. I can't keep you all day, so how about you help me get all this sweat off?",
          "ChangeImageLayer", "Base", "Himika", "Topless",
          "Himika slowly stands up as you continue to hold on to the wraps around her breasts. Once she is standing she plucks you off and holsters you in her loincloth as she slowly undoes the wrappings on her boobs. You watch in amazement as her tits expand out as they're freed from their tight prison, and you can feel your heart race in excitement as Himika reaches for you again.",
          "She pulls you up to her breasts again, which glisten lightly with sweat from the short workout, and starts to massage you against her breasts to soak up the sweat covering her body.",
          "You are pressed up against Himika's breasts and immediately the heat of her body warms you through, which mixes with the scent of her sweat to create a thick, musky haze that clings to your body as you are scrubbed over every inch of her breasts. You stopped being an effective sweat rag almost immediately, but at this point it seems like the fierce red oni is getting off on the power she has over you.",
          "After you are dragged across every inch of Himika's tits you feel yourself being dragged to her stomach, and her impressive abs. Himika makes sure to spend several minutes slowly working you through each indent of her abs, allowing you to savor the feeling of being massaged and pressed against the well-toned muscles.",
          "Even after just two areas of her body, you find yourself completely covered in sweat due to your tiny size. It is hard to avoid getting sweat in your mouth or eyes, but as you continue to bask in the musky haze of Himika you find that you don't mind the sweat, and instead you find that it arouses you more and more as Himika starts to move you around her body.",
          "With a cruel giggle, Himika raises one of her arms and brings you up to her armpit to start rubbing you against the sweaty surface. You brace yourself for the stench of such a place but find it surprisingly good smelling, in addition to not being terribly sweaty. Himika pulls you away as she grins down at you and laughs.",
          "Speaks2",
          "Ha, you thought my pits would stink, didn't you? But I'd never hear the end of it from my sister if I was stinking up the place like that, so I had some high-powered deodorant imported and brought to the temple.",
          "Himika beams at you with a proud look on her face as you struggle to get sweat out of your eyes, but Himika starts moving you again as she brings you underneath her loincloth.",
          "The heat you felt before is even greater down here, as the moisture from Himika's dripping pussy is intense, and you can see through your sweat-blurred eyes that it glistens with lustful juices.",
          "ChangeImageLayer", "Expression", "Himika", "Seductive",
          "It seems that Himika's power trip has made her incredibly horny, a fact you become aware of far too late as your head is slowly massaged against the lips of her pussy.",
          "Himika gently bites on her lip to stifle a moan as she pushes your face past the opening of her pussy, and in a fit of lust she shoves your entire body into her pussy, then uses her fingers to shove you as deep as you can possibly go.",
          "The heat that washes over you is intense, and you can feel the sweat and all your previous feelings of lust intensify as you feel the giant pussy around you pulse with Himika's heartbeat, and you start to squirm and struggle deep inside Himika.",
          "Immediately, Himika crosses her legs and tightens her pussy around you, shocked at how quickly you adapted to your surroundings to start pleasing her, but as you struggle through her vice grip on you she starts to relax, and a moan escapes through her lips as you continue to squirm.",
          "Himika starts to massage the edge of her pussy with one hand and uses her free hand to grab at one of her breasts and starts to grope herself as you continue to put your entire body into pleasing the towering red giantess.",
          "You feel the wet, pulsing pussy around you squeeze and constrict around you as Himika is already brought close to orgasm. As Himika struggles against her urge to cum right now you feel her pussy grip you and massage every inch of your body, filling you with pleasure.",
          "ChangeImageLayer", "Expression", "Himika", "Orgasm",
          "Despite her best efforts, Himika fails to restrain you inside her pussy and you continue to shift and squirm inside her, and with a moan that causes your surroundings to shake and contract, Himika cums with great force. As the rush of her juices hits you and flows past you, you stay still as her impressive pelvic muscles hold you in place.",
          "PlayerOrgasm", "1",
          "The rushing juices, along with the grinding, tight inside of Himika's pussy continue to massage your body, and finally, after all this time, you finally hit your breaking point and release a load of cum into Himika's pussy alongside her continuing orgasm.",
          "ChangeImageLayer", "Expression", "Himika", "Caring",
          "Himika stands on her now soaked mats panting. As she regains her breath, she reaches down to her pussy and eventually manages to fish you out. She sets you down on the ground as she goes to grab a towel from a nearby closet and quickly cleans up the mess while you grow back to your normal size.",
          "ChangeImageLayer", "Base", "Himika", "Clothed",
          "You watch now as Himika slowly, methodically rewraps her chest in a tight cloth before turning back to you and giving you a curt nod.",
          "ChangeImageLayer", "Expression", "Himika", "Flustered",
          "Speaks2",
          "W-Well just come on back to the boss room once you've recovered... I'll see you there.",
          "Himika immediately ducks out of the room and out of courtesy you wait a minute or two before you head back to the boss room, where you see the oni sisters standing together once again.",
          "DisplayCharacters",
          "1",
          "2",
        "EndLoop",
          "You notice as you approach that Himika seems to not be looking at Mizuko, who is now staring at you with an amused look. You decide not to worry about it and approach them again.",
          "ChangeSpirit", "1",
          "JumpToScene",
          "BossMenu"
          ]
      },
      {
          "NameOfScene": "Shrunk by both",
          "theScene": [
            "ChangeImageLayer", "Expression", "Mizuko", "Flustered",
          "The oni sisters glance at each other as you stand between them, before Mizuko looks back at you.",
          "Speaks",
          "Are you sure you want both of us? It could get very intense.",
          "ChangeImageLayer", "Expression", "Himika", "LaughBoisterous",
          "You nod your head and reaffirm your decision, and Himika lets out a chuckle.",
          "Speaks2",
          "Well whatever, it's your fault if you come to regret what's about to happen to you.",
          "ChangeImageLayer", "Expression", "Mizuko", "Seductive",
          "Without another word, Mizuko walks up to you and drapes her arms around your neck and starts to mutter arcane words into your ear. Your curse mark flares up and causes magic to surge through your body, forcing you to rapidly dwindle in height.",
          "However, instead of dwindling down to a few inches in height, you find yourself just under one foot tall. You gaze up at the now massive oni twins and realize you are eye level with their shins. The two women look down at you with an excited lust.",
          "Mizuko moves first as she drops to one knee and leans toward you, and Himika moves just behind you as she crouches down as well, looming over you.",
          "Speaks",
          "Oh dear, it appears I may have made him too big, what do you think, sis?",
          "Himika reaches down and grabs you by the waist and holds you in front of her, as if you weighed nothing, as she looks you up and down.",
          "Speaks2",
          "Nah, he should still be usable. You're just gonna have to make sure you share him properly!",
          "Speaks",
          "As long as{i} you {/i}don't get carried away that shouldn't be a problem.",
          "The two engage in a short amount of bickering, and as you feel Himika get irritated with her sister you can feel her grip tightening around your waist as you tap on her hand repeatedly to let her know that you're still there. The two oni turn their attention back to you with embarrassed looks on their faces.",
          "Speaks2",
          "Oh yeah, guess we shouldn't go forgetting about you, huh?",
          "Speaks",
          "Well let's get on with it then, shall we?",
          "The two oni quickly get over their differences as they get seated on the floor near each other, and as Himika starts to inch closer to Mizuko you get a faint idea of what's about to happen to you.",
          "Mizuko sits ahead of you, slightly rolled onto her back as she raises her legs into the air, presenting her wet, excited pussy to you and Himika. Your world starts to move as Himika rushes you towards the massive blue oni and soon your face makes contact with the massive pussy.",
          "As Himika teases her sister by rubbing you along the lips of Mizuko's pussy you feel Mizuko shudder, and you taste the sweet juices of Mizuko's pussy as some get into your mouth.",
          "A few more moments of teasing go by, as Himika toys with her sister by briefly dipping your head into the hungry pussy of Mizuko before snatching you out just as fast, leaving the blue oni in a lustful craze as she glares at her red sister.",
          "ChangeImageLayer", "Expression", "Mizuko", "Pleasured",
          "Finally, Himika slowly starts to push your body into Mizuko, sliding your head, then shoulders, all the way up to your waist into Mizuko's hungry, pulsing pussy. Once you are in, Mizuko clenches around your body and holds her lower body up, and unbeknownst to you, Himika starts to approach the exposed part of your body with her pussy.",
          "As your torso and above remains inside Mizuko, you try and keep the rest of your body still as you start to lick at the inside of Mizuko's pussy, causing the blue oni to moan. As this happens, you feel two fingers pinch your legs together and you feel another pussy touch against your feet as Himika quickly feeds the still exposed parts of your body into her pussy.",
          "ChangeImageLayer", "Expression", "Himika", "Pleasured",
          "With a soft gasp, Himika slides her body forward as her and Mizuko's bodies meet with you acting as a dildo between the sisters. You are overwhelmed by the difference in feel and intensity in the pussies of the two oni, and you can feel yourself be aroused by the bombarding sensation of them using you as a dildo as they slide along the length of your body.",
          "The two women, having secured you between them, start to flex the muscles in their pelvis and crush the walls of their pussies around you. The tight confines of their wet sex beats down onto you, filling your head with thoughts of lust and action.",
          "Not wanting to be just a tool, you struggle as hard as you can to move your arms and legs, which causes the two oni to let out soft moans as you move inside of them. Once you start to move your body, the two women bring their pussies together, sealing you inside both of them as they use small, twisting motions to pleasure themselves with you.",
          "You fight against the tight pussies pressing on you from all sides by moving your limbs against any space you can touch, and your arms frantically scramble inside of Mizuko, sliding along the walls of her pussy as she slowly makes small circular movements with her hips to help rub you around her pussy.",
          "Your lower half continues to struggle around in Himika's pussy as you try and swing your legs inside the depths of her pussy to help stimulate her, but you start to get the feeling that Mizuko is getting the better end of the deal here in this double-sided fucking.",
          "ChangeImageLayer", "Expression", "Mizuko", "Orgasm",
          "Just as you were considering this, you hear Mizuko cry out in ecstasy as she cums quickly, causing her pussy to contract around your torso as a flood of juices gush into your face. You hold yourself steady for a second before Mizuko pulls away from you and Himika and rests herself on the floor, panting in pleasure.",
          "Himika looks at her sister with a look that comes across as a mix of mockery and jealousy, while you wipe the juices of Mizuko's pussy from your face.",
          "Speaks2",
          "What, that's all you've got in you, Mizuko? I thought you could hold out a bit better than that!",
          "ChangeImageLayer", "Expression", "Mizuko", "Smug",
          "ChangeImageLayer", "Expression", "Himika", "PanicSilly",
          "Himika starts to laugh, and at that moment Mizuko uses this opportunity to get the drop on her red sister, as she recovers from her orgasm and jumps onto her sister, straddling her at the waist.",
          "ChangeImageLayer", "Expression", "Himika", "Pleasured",
          "With Himika pinned down, Mizuko reaches back to grab you and pulls you out of Himika's pussy, before turning you around and ramming you headfirst into Himika's slick, excited pussy.",
          "With a confident smirk, Mizuko manages to get you inserted all the way up to your knees in Himika before she lets go to grab hold of Himika's arms to ensure that she stays pinned down.",
          "Not wanting to waste a moment, you use every bit of your body inside of Himika and start to rub it along the tunnel of her pussy, as you also pull your arms up near your head to help massage the innermost parts of her pussy as well.",
          "Himika blushes and manages to turn a deeper red than usual as she feels you twisting and wiggling inside her, and tries to stifle a moan as Mizuko keeps her pinned down to the ground.",
          "Meanwhile, inside Himika you feel her pussy contract and tighten around you as she tries to stop you from making her cum, but this lights a fire inside you as you power your way through her tight pelvic muscles and continue to use every inch of your body in service of pleasing the giant red oni.",
          "ChangeImageLayer", "Expression", "Himika", "Orgasm",
          "Caught up in the situation, Himika feels herself overload with stimulus as she lets a pleased moan slip by her lips as she orgasms, causing you to be bathed in another wave of pussy juices as Mizuko smirks and pulls you from her sister.",
          "Speaks",
          "There we go, now we're even. But, I do think this little one has some more fight left in them, don't you?",
          "ChangeImageLayer", "Base", "Himika", "Topless",
          "Without waiting for a response, Mizuko tears off Himika's bra and deposits you between the giant red breasts of Himika, who is too busy panting and recovering from her orgasm to fight back against the whims of her blue sister.",
          "Mizuko then takes her hands and cups Himika's breasts, and forcefully smushes the breasts together, grinding them against your body as you are caught between the two great tits of Himika. Himika lets out another moan as she feels you being ground between her breasts as Mizuko starts to move them up and down along your body.",
          "The lubrication from both women's pussies allows the breasts to glide along your body, allowing so much more of your body to be stimulated by the constant motions of the soft flesh as both you and Himika let out low, subtle moans from Mizuko's actions.",
          "You find the constant assault of Himika's boobs being rubbed against becomes too much to take, and after everything you finally find yourself cumming into the great bosom of Himika, which is quickly absorbed by the red-skinned oni.",
          "Having absorbed your cum, Himika finally recovers from her orgasm as her hands shoot up to match Mizuko's, and and quickly uses her superior strength to sit up and toss her taller sister to the ground.",
          "ChangeImageLayer", "Expression", "Mizuko", "Flustered",
          "Mizuko takes a second to recover from the sudden role reversal, and you fall from Himika's breasts and land on the ground near Mizuko as Himika snatches up her discarded bra and uses it to hogtie Mizuko.",
          "With Mizuko restrained, Himika walks over to you and picks you up and brings you over to where Mizuko is waiting patiently.",
          "ChangeImageLayer", "Expression", "Himika", "Cocky",
          "Speaks2",
          "Well that was a real good trick you pulled on me there sis, but I think now we owe you one more favor before we can call it good.",
          "ChangeImageLayer", "Expression", "Mizuko", "Pleasured",
          "With that, Himika takes your body and begins to move you rapidly towards Mizuko's excited, puckered asshole and shoves your face directly into it. The leftover lubrication from the two pussies is enough that your head and shoulders effortlessly glide into the intoxicatingly warm and soft rear of Mizuko.",
          "Mizuko lets out a seductive moan as you are forced to penetrate her ass, and she manages a playful squeeze of her ass cheeks as Himika tries to insert more of you into her sister, causing Himika to give a big slap to Mizuko's ass.",
          "The ripple effect of Mizuko getting spanked shakes the entirety of Mizuko's ass, and causes her colon to shake and vibrate around you as more and more of your body is fed into the never ending tunnel of Mizuko's ass.",
          "Once Himika has you up to your knees in Mizuko's ass however, she starts to pull you back until you chest becomes visible, before ramming you deep back into Mizuko. She does this consistently for several minutes as your body sails in and out of Mizuko's ass, all while the deep blue oni moans in a deep pleasure from you being rammed through her in such a way.",
          "However, on a run where Himika inserts you deep into Mizuko's ass, you feel your surroundings tighten and clamp down onto you as Mizuko flexes her ass cheeks to lock you in place. Himika loses her grip on you and on a subsequent attempt to pull you back fails, causing her expression to twist into a scowl as she glares at her tied up sister, who shoots back a cocky grin.",
          "ChangeImageLayer", "Expression", "Mizuko", "Smug",
          "Speaks",
          "Oh dear me, it seems like our guest has gotten stuck inside me, would you be so kind to let me go, Himika, so that I can let him out.",
          "ChangeImageLayer", "Expression", "Himika", "Pout",
          "Even deep inside Mizuko you can feel the tension between the oni sisters as Himika relents and unties Mizuko, who then promptly plucks you out from her rear end and sets you on the ground.",
          "Speaks",
          "What a lovely time we had together, wouldn't you agree, Himika?",
          "ChangeImageLayer", "Base", "Himika", "Clothed",
          "Himika lets out an agreeable grunt as she dresses herself back up and stands next to her sister.",
          "Speaks2",
          "Yeah it was pretty okay, make sure you come back if you wanna experience that again, alright?",
          "Speaks",
          "Yes I agree, do be sure to come on back soon, okay?",
          "You give them a nod as you grow back to normal size, and stand before the oni twins again.",
          "JumpToScene",
          "BossMenu"
          ]
      },
      {
        "NameOfScene": "Never mind",
        "theScene": [ "The two women roll their eyes as you change your mind and talk about something else.",
                      "JumpToScene",
                      "BossMenu"
                  ]
    }
    ]
}
