{
    "name": "Perpetually Puny",
    "CardType": "Event",
    "CardLimit": "1",
    "Description": "Encounter Perpetua's newest scheme to defeat her rival, you.",
    "requires": [""],
    "requiresEvent": [
      {
      "NameOfEvent": "Cut Down to Size",
      "Progress": "1",
      "ChoiceNumber": "-1",
      "Choice": ""
      }
    ],
    "Speakers": [
        {
            "name": "Perpetua",
            "postName": "",
            "SpeakerType": ""
        }
    ],
    "EventText": [
      {
          "NameOfScene": "EventStart",
          "theScene": [
          "As you walk through the forest, you come across an unbelievably silly looking trap, complete with out of place stone pressure plate.",
          "You look around for a second, trying to see if you can find the person who set up this bizarre contraption in front of you, but you find no one.",
          "Shrugging to yourself, you circumvent the trap entirely and are about to continue on your way before a shadow forms around your feet, and a familiar red slime woman lands on your back.",
          "DisplayCharacters",
          "1",
          "EndLoop",
          "ChangeImageLayer", "Expression", "1", "Joy",
          "Speaks",
          "Ahahahaha! Now I have you, [ThePlayerName]!",
          "You go to pull her off your back, but your cursemark starts to act up, and you figure that Perpetua had placed a spell talisman on you when she fell onto you.",
          "Your struggles weaken as you shrink more and more, until you are only a few inches tall and up to your chest in the puddle of slime at Perpetua's feet.",
          "Speaks",
          "Puny hero, you now stand before the mighty goddess Perpetua! Cower before me and offer your fealty to me and I may let you live in service to me!",
          "You look up at her in confusion, and try to argue with her, but she seems unable to hear you at your current size. Perpetua sees you talking and simply laughs at you.",
          "Speaks",
          "What's up? I can't even hear you down there. But what I do know is that you're not doing a lot of worship, and I think that means you need to be punished!",
          "Perpetua starts to gather the slime from the pool and completes one of her legs and turns it into a foot, and she tries to stomp down onto your body with her newly formed foot.",
          "With just enough of your wits about you, you manage to roll out of the way of the giant red foot as it crashes down onto the ground. As it hits the ground the foot immediately breaks back down the usual puddle of slime, and Perpetua shoots you a menacing glare.",
          "Speaks",
          "Hey! Who said you could step out of the way of the foot of your goddess?! You better bow down now before I get really mad!",
          "You freeze up for a second, and give it some thought as you think about what to do next.",
          "Menu",
          "Give up and bow down before Perpetua",
          "Try and run from Perpetua",
          "EndLoop"
          ]
      },
      {
          "NameOfScene": "Give up and bow down before Perpetua",
          "theScene": [
          "Not wanting to risk angering the gigantic slime woman, you slowly get onto your knees and prostrate yourself before Perpetua.",
          "The giant red slime starts giggling to herself as her hand starts to reach down towards you. You jolt a bit as you feel her warm, gelatinous hands start to wrap around your midsection and lift you off the ground.",
          "You flail your arms and legs for a second as you are lifted into the air, before you are brought to the face of Perpetua. Her grin stretches across her face as you feel more and more of her slimy hand cover your body.",
          "ChangeImageLayer", "Expression", "1", "Winning",
          "Speaks",
          "See? Now isn't this just lovely? Now how about we reward your good behavior a little, hmm?",
          "ChangeArousalByPercent", "20",
          "As she says this, her slime starts to move down towards your cock, and starts to enveloped your rigid shaft.",
          "Speaks",
          "Bwahaha! You're already hard! Alrighty then, let's milk a few drops out of you!",
          "ChangeArousalByPercent", "20",
          "At this point, her slimy grasp has enveloped your lower half, and you feel the slime surrounding your cock starts to grip tightly as it slides up and down your cock.",
          "ChangeArousalByPercent", "20",
          "You let out a moan as Perpetua starts to smoothly and effortlessly uses her body to specifically target your cock, changing the tightness in certain places every few seconds in order to maximize your pleasure.",
          "ChangeArousalByPercent", "20",
          "Feeling a shudder of pleasure from you, Perpetua ratchets up the speed and intensity of her slime handjob, occasionally letting her slime to constrict around you as if she were trying to milk out your cum.",
          "ChangeArousalByPercent", "20",
          "The sensation assaulting your cock are relentless, and Perpetua seems to take great joy in watching your face twist and contort into various faces of pleasure, as she chuckles at particularly joyous expressions.",
          "PlayerOrgasm", "1",
          "After a few more moments of Perpetua's rubbing of your dick, you finally release a load of cum into the red ooze that has enveloped your lower half, and you watch as the droplets of cum that float around inside Perpetua are quickly dissolved and absorbed into her body.",
          "You pant for a few seconds, trying to recover from the orgasm, but Perpetua feels your dick starting to soften ever so slightly from the orgasm and her face twists into a frown.",
          "ChangeImageLayer", "Expression", "1", "Pout",
          "Speaks",
          "Hold on, who said you could go soft now? I've only just begun to milk you dry!",
          "ChangeArousalByPercent", "25",
          "As she says this, the slime surrounding your dick immediately starts to rub at the tip of your penis, gently massaging the worn shaft as a thin strand of slime starts to work its way down your cock.",
          "ChangeArousalByPercent", "20",
          "Reflexively, you let out a moan as the stimulation from the slimy invasion as it revitalizes your cock, and Perpetua begins a two-front assault on your dick, with her slime starting to massage the ins and outs of your dick.",
          "ChangeImageLayer", "Expression", "1", "Winning",
          "ChangeArousalByPercent", "30",
          "The constant motions inside your cock, and the rubbing motions on the outside match up in rhythm as they pleasure your cock, and you finally give in and start to thrust your hips to their rhythm, joining in with the pleasure as Perpetua gives a big grin.",
          "Speaks",
          "I knew it, you pervert! Give in to the pleasure of serving the Great Goddess Perpetua!",
          "ChangeArousalByPercent", "20",
          "You struggle to keep yourself from cumming already, but the invasion of your shaft is too much as your balls struggle to cum, but the gooey mass that have invaded you refuse to let you undergo a satisfying orgasm, as they simply absorb your cum before it can even reach your shaft.",
          "ChangeArousalByPercent", "20",
          "The moment of frustration passes, however, as the slimy grasp of Perpetua makes its way down to your balls, and delicately start to massage them in addition to the never-ending barrage of motion and tightness on your cock.",
          "ChangeArousalByPercent", "20",
          "Perpetua has started to massage and fondle every inch of your cock and balls now, and even as you try and move your hips with them, the overflowing pleasure that has taken hold of your brain renders you unable to move, and all you can do is accept the actions of Perpetua on your body.",
          "You pant, fighting against the unrelenting pleasure, and you feel it building deeper and deeper, even as the tendril of slime that has reached the inside of your balls absorbs your cum before you can release it properly.",
          "PlayerOrgasm", "1",
          "The sensation keeps building until finally, you can't hold back anymore and release an overwhelming wave of cum, pushing just hard enough with all your might that you momentarily force Perpetua out of your balls as the load reaches out into the slime still holding your lower body where it quickly fades.",
          "Perpetua looks shocked for a moment as she processes what you did, but her slime never stops moving as it continues to massage your balls and slowly, sensually strokes your shaft as it continues to milk out the rest of that incredible orgasm.",
          "ChangeImageLayer", "Expression", "1", "Joy",
          "You find yourself panting heavily as Perpetua recovers from her shock and lets out an incredulous laugh, before her slimy grasp on your pelvis lessens, and she addresses you again.",
          "Speaks",
          "Well wasn't that fun! I got to see something incredible out of my fated rival, and I think you had a really good time too, didn't you?",
          "You wordlessly nod to Perpetua, having finally caught your breath.",
          "Speaks",
          "Well, I suppose I shouldn't keep you any longer, I have to go plan out our next encounter! This won't be the last you encounter of the Great Goddess Perpetua!",
          "Her slime very slowly lowers you back to the ground, making sure your feet are firmly planted before it retracts into Perpetua's body as she jauntily moves away from you.",
          "You take a moment to get any leftover slime residue off your body, and before long you find yourself growing back to your normal state.",
          "Now that you've recovered from that ordeal, you turn and continue your journey."
          ]
      },
      {
          "NameOfScene": "Try and run from Perpetua",
          "theScene": [
          "For a moment you fear what Perpetua is going to do to you at this size, so you spin around on your heels and make a mad dash to escape the red slime giantess.",
          "With a sigh Perpetua lets the pool of slime at the bottom of her body send out a few tendrils of slime, which easily catch hold of your tiny form and grab you at each wrist and ankle, and hold you spread like a star as they raise you up to Perpetua's face.",
          "ChangeImageLayer", "Expression", "1", "Rage",
          "Speaks",
          "Really? Did you honestly think the Great Goddess Perpetua was going to let you go that easily? You need to learn a lesson from this!",
          "Saying this, the tendrils restraining you begin to drift closer and closer to her mouth, until you are close enough for her to open her mouth and close it around your head.",
          "Her mouth closes around your head, coating you immediately in her warm slime as you are completely enveloped. You struggle against your restraints for a second as you fear drowning for a second, before you remember the enchantment and inwardly sigh in relief.",
          "While holding your head in her mouth, Perpetua begins to raise a small tentacle of slime behind you, unbeknownst to you.",
          "ChangeImageLayer", "Expression", "1", "Winning",
          "ChangeArousalByPercent", "10",
          "A smile crosses Perpetua's face as she continues to bathe your head in her mouth, and holds you horizontal to the ground and starts to bring the tendril of slime towards your spread out body.",
          "ChangeArousalByPercent", "15",
          "As your head rests in the mouth of Perpetua, you are jolted and try to squirm as a squishy but firm tentacle presses up against your asshole. Outside of your view, Perpetua has brought her slime tendril to your butt and is attempting to peg you with a small tentacle.",
          "ChangeArousalByPercent", "20",
          "You stand no chance against the invading slime tentacle, as it forces its way past your asshole and thrusts itself deep into your asshole.",
          "ChangeArousalByPercent", "20",
          "With the cursemark's enchantment on your body, you don't feel any pain from the invading tentacle, instead you can only experience the sensation of it smoothly, gently going in and out of your ass with ease, and the pleasure of it stretching deep inside of you and filling your insides with it's warm slime.",
          "ChangeArousalByPercent", "20",
          "Perpetua waits until you calm down and she has you in a solid rhythm of the tentacle fucking your ass before she pulls her mouth away from your head, and you take a deep breath of air as you are finally allowed to surface. As you breathe in Perpetua sends more slime to the tentacle in your ass and suddenly increases its size, making you yelp in surprise as your ass is stretched to its limits.",
          "However, the pain never comes, so instead your confused brain replaces all the lost painful sensations with an intense, mind-numbing amount of pleasure as you let out a deep moan, and you allow your eyes to roll around in your head for a second as your head droops and your tongue goes slack for a moment.",
          "ChangeImageLayer", "Expression", "1", "Rage",
          "Perpetua looks down at you enjoying the pegging from her tentacle, and her face burns with a childish rage.",
          "Speaks",
          "Hey! This is supposed to be a punishment! Stop enjoying this, you unhinged pervert!",
          "ChangeArousalByPercent", "20",
          "You raise your head to look at the massive slime girl, and regret having your mouth ajar as you do so as another slime tentacle rushes towards your face and slams into your mouth.",
          "This second tentacle starts to begin immediately thrusting into your mouth, extending to just inside of your throat before it pulls back to the edge of your mouth, and then slams into your throat all over again.",
          "Now that she has you held by the mouth and ass by her tentacles, Perpetua lets go of your arms and legs, and simply holds your tiny body by the spitroasting tentacles that are pumping in and out of your body.",
          "Your mind understands that the thrusting of the large tentacle in your ass, and the constant probing of your throat should be uncomfortable, painful even, but your body experiences only pleasure, as the slime of Perpetua pushes past your tongue again your mind starts to doubt itself, and for a moment you believe Perpetua tastes of strawberries as you start to enjoy her tentacle push into your throat.",
          "PlayerOrgasm", "2",
          "As Perpetua continues to penetrate your puny body with her overpowering tentacles, your dick continues to ache for release, having withstood this long cycle of pleasure until it couldn't bear it any longer, and you release a large load of cum despite never having had your dick touched.",
          "The insignificant droplets of your cum rain onto Perpetua's puddled form below and these droplets are almost instantly broken down and absorbed into Perpetua's body. Perpetua laughs at your pathetic state as you go limp momentarily after cumming, but she gives you no respite as she speeds up her tentacles, jolting you back to an alert state.",
          "ChangeArousalByPercent", "100", 
          "She holds you suspended in the air, constantly battered front and back by the powerful tentacles as you can process nothing but pleasure from the experience, and all you can do is whimper at the overloading sensation you continue to feel.",
          "Perpetua starts to laugh as her tentacles reach max speed, and sees your body shaking from the impact of the tentacles thrusting into you.",
          "PlayerOrgasm", "1",
          "As Perpetua continues to pound away at your diminutive form, your dick reaches its limit once more and you release another large load of cum, which falls as pitifully as the last.",
          "With that load of cum released, Perpetua starts to slow down her tentacles, until she finally comes to a stop with both tentacles at their maximum depth inside you.",
          "ChangeImageLayer", "Expression", "1", "Base",
          "She gazes down at you, with your eyes rolled back in pleasure and your body shaking slightly from the pounding you received, and all she can do is chuckle.",
          "Speaks",
          "So, are you ready to give your mind and body to the Great Goddess Perpetua?",
          "You try to muster a nod, anything to get out of this position, but Perpetua seems to already be acting as her tentacles bring you down to the ground before pulling out of you, leaving you to lie on the ground.",
          "Perpetua gazes down at you and blows a kiss at you.",
          "Speaks",
          "Have a good rest, I'm going to go plan new ways to torment you as a goddess!",
          "Perpetua turns away from you and starts to leave, allowing you to rest in a crumpled mess on the ground for a while to recuperate.",
          "You stand up after a while and take a moment to get any leftover slime residue off your body, and before long you find yourself growing back to your normal state.",
          "With a little bit of a funny walk, you continue your journey."
          ]
      }
    ]
}
