{
    "name": "Beris' Tough Training",
    "CardType": "Quest",
    "CardLimit": "1",
    "Description": "Beris is going for a run on the mountain and runs into you.",
    "requires": ["Labyrinth Checkpoint Gem"],
    "requiresEvent": [
        {
            "NameOfEvent": "Cut Down to Size",
            "Progress": "1",
            "ChoiceNumber": "-1",
            "Choice": ""
            }
    ],
    "Speakers": [
        {
            "name": "Beris",
            "postName": "",
            "SpeakerType": "Monster"
        }
    ],
    "EventText": [
        {
            "NameOfScene": "EventStart",
            "theScene": [
            "As you continue along the path up the Mountain, you eventually pause to take a small break by yourself. While you are sitting on a rock and catching your breath you eventually hear the rhythmic sounds of someone running.",
            "After a few moments you see a figure come into view, and you can see Beris apparently out for a jog. Her path lines up with where you are sitting so you stay seated and wait as eventually she makes it to where you are.",
            "DisplayCharacters",
                "Beris",
            "EndLoop",
            "Beris slows down and comes to a halt near you and starts to catch her breath, as you see beads of sweat glistening and falling off her fur with each deep, ragged breath. Beris finally catches her breath as she turns and addresses you.",
            "Speaks",
            "Oh, hey there [ThePlayerName], what're you doing out here?",
            "You tell her that you're out getting some adventuring in, and that you were just taking a breather before moving on again.",
            "Beris nods as she takes another sip from her water bottle before speaking again.",
            "ChangeImageLayer", "Expression", "Beris", "GrinCocky",
            "Speaks",
            "Good, you need to keep training if you're ever gonna please someone with that weak, human body of yours.",
            "Beris' words sting as you look over yourself. You are proud of your body and let Beris know that.",
            "ChangeImageLayer", "Expression", "Beris", "Smug",
            "Beris lets out a laugh and starts to mock you again, claiming that you couldn't handle a single minute of her training session.",
            "You feel red behind your ears as your pride is wounded by Beris' words, and without stopping to think about it you retort that you could last right up to the end of her training session.",
            "ChangeImageLayer", "Expression", "Beris", "Grin",
            "Beris' lips curl up into a snarling grin as she starts to laugh, before addressing you again.",
            "Speaks",
            "Alright! That's what I like to hear! Get ready, because I'm going to put you through hell!",
            "Without warning, Beris places a spell talisman on your neck that causes your cursemark to flare up once again, and you rapidly shrink down to only a few inches in height.",
            "ChangeImageLayer", "Expression", "Beris", "Predatory",
            "Speaks",
            "Now then, let's put you through your paces, shall we?",
            "Beris stomps closer and closer to you, and slowly undoes the laces on her shoes so that she can step out of them. You are completely overtaken by the heat washing off of her feet as the thick scent of her sweat fills the air around you.",
            "Beris looms over you as she ponders what she's going to do to you, when she comes up with the perfect solution.",
            "Speaks",
            "I'm going to:",
            "Menu",
                "Put you through your paces!",
                "Give you the fight of a lifetime!",
            "EndLoop"
            ]
        },
        {
            "NameOfScene": "Put you through your paces!",
            "theScene": [
                "ChangeImageLayer", "Expression", "Beris", "PredatoryExcited",
                "Speaks",
            "We're going to work on your reaction times, let's see if you can dodge getting pinned by my feet just three times, okay?",
            "You try and shake your head and tell Beris that this isn't fair, but Beris doesn't notice or care about your refusal as she starts to lift her socked foot high above you.",
            "StatCheck",
            "Technique",
            "25",
            "TechPass",
            "Fail",
            "TechFail"
            ]
        },
        {
            "NameOfScene": "TechPass",
            "theScene": [
                "ChangeImageLayer", "Expression", "Beris", "Tch",
                "You roll out of the way of Beris' stomp, but as you stand up you can see that she has pivoted on the stomping foot and rears back her other foot to kick you like a soccer ball.",
            "StatCheck",
            "Technique",
            "30",
            "TechPass2",
            "Fail",
            "TechFail2"
            ]
        },
        {
            "NameOfScene": "TechPass2",
            "theScene": [
                "You manage to duck your way out of Beris' kick and stumble forward, swinging around to see no feet on the ground as a shadow begins to grow over top of you. You look up and see Beris has leapt into the air and is descending towards you with both feet in a massive jumping stomp.",
            "StatCheck",
            "Technique",
            "35",
            "TechPass3",
            "Fail",
            "TechFail3"
            ]
        },
        {
            "NameOfScene": "TechPass3",
            "theScene": [
            "Beris lands with an impressive tremor but you successfully managed to avoid her falling feet by sprinting for dear life away from the falling calamity. As Beris rights herself after her stomp she looks down and sees you panting as you pray that she abides by her deal.",
            "ChangeImageLayer", "Expression", "Beris", "FrownAngry",
            "Speaks",
            "Hmmmm, well I guess I did say that if you dodged three strikes I'd let you go, but it doesn't feel right that I just couldn't hit you.",
            "Beris crosses her arms and begins to sulk in an indignant defeat.",
            "What do you do?",
            "Menu",
                "Walk up and bump into her foot and declare your loss.",
                "Book it!",
            "EndLoop",
            ""
            ]
        },
        {
            "NameOfScene": "Walk up and bump into her foot and declare your loss.",
            "theScene": [
            "You sigh as you walk up to Beris and bump into her and fall onto your back as you cry out that you lost. Beris' ears perk up as this happens and she looks down at you in shock and bewilderment.",
            "ChangeImageLayer", "Expression", "Beris", "Surprise",
            "Speaks",
            "Wuh? W-Why are you letting me win? Oh, this is so embarassing, now you're even giving me a pity win... Well fine, I'll take it anyway and give you hell for embarrassing me!",
            "From this position you can't react as you watch Beris' foot rise above your body, hanging for just a second long enough that you start to wonder why you allowed her to have this moment.",
            "Your thoughts are cut short as Beris slams her massive foot down onto your body, engulfing you entirely underneath her sweaty, socked sole. Beris lets out a displeased snort as she leans onto the foot crushing down onto you and starts to apply greater amounts of pressure onto you.",
            "ChangeImageLayer", "Expression", "Beris", "Smugger",
            "Beris leers in anger at you as she raises her foot up briefly and stomps down again and again, battering your body as you are indented into the hard stone underneath by Beris' rage.",
            "After a few more stomps, Beris lets her foot rest on top of you and she slowly grinds it side to side as she smears her sweaty foot over your body, making sure you are coated in her sweat and grime from her run.",
            "Beris then lifts her foot up off of you as she angles her big toe at your face, and slowly begins to press down with it as she suffocates you under her weight with pinpoint accuracy on your head.",
            "The weight should be unbearable as she grinds your skull against the ground, but the cursemark reworks your pain into pleasure as you sweat-coated dick slowly begins to harden from the punishment Beris lays onto you.",
            "Her sweat fills your mouth as it is pried open from her relentless grinding, and you are forced to gulp it down as a reflex as you try to close your mouth to stop accepting Beris' socked toe into it.",
            "Beris looks down at your tiny form as she continues to squish your head, and notices your tiny erection. Still mad about her loss, Beris pulls her toe off of your face and angles her heel so that as she stomps down it lands flat onto your dick.",
            "ChangeImageLayer", "Expression", "Beris", "GrinSmirk",
            "With a gasp of shocking pressure and pleasure, the strike causes you to instantly overload with pleasure, but the crushing weight lodged onto your cock makes it impossible to actually cum.",
            "Beris grinds your dick with her heel for several seconds before she notices that it is not causing you the discomfort that she was hoping for it to cause. She mutters to herself as she raises her foot off of you and the residual pleasure from her torture finally lets you cum.",
            "PlayerOrgasm", "2",
            "ChangeImageLayer", "Expression", "Beris", "Tch",
            "Speaks",
                "Ugh, stupid magic won't even let me hurt you correctly. I'm not in the mood for this anymore, so I'll see you around, I guess.",
            "With that, Beris quickly puts her shoes back on and sprints away from you, leaving you alone as you grow back to normal. Once you are back at normal size you clean the foot sweat off of you and continue on your journey."
            ]
        },
        {
            "NameOfScene": "Book it!",
            "theScene": [
            "You have no reason to feel bad for Beris for losing at her own challenge as you high-tail it out of there! You make it out of sight of Beris as you grow back to your normal size and continue along your adventure."
            ]
        },
        {
            "NameOfScene": "TechFail",
            "theScene": [
            "Beris's foot plummets toward you at a greater speed than you anticipated and you are shocked as you feel her overly warm foot collide with your face as you are stomped into the hard earth beneath you.",
            "ChangeImageLayer", "Expression", "Beris", "Surprise",
            "Speaks",
                "What? Oh come on, you didn't seriously lose on the first try, did you? How fucking pathetic.",
            "Beris then starts to grind her foot on top of you, rubbing the entirety of her sole across your body as you become soaked in her sweaty and heat as you lay powerless beneath her.",
            "Every last inch of your body can feel Beris' weight crushing down on you, but the enchantment refuses to allow you to feel the pain of this experience and instead begins to fill your brain with pleasure as Beris buries you underneath her foot.",
            "However, Beris calls down to you as her foot comes to a standstill atop your body.",
            "ChangeImageLayer", "Expression", "Beris", "Smug",
            "Speaks",
                "Hey, loser, don't think that you can get away with doing nothing after just sitting there and failing your training. I want you to start worshipping this foot on top of you. Now.",
            "The 'Now' is punctuated by Beris leaning harder onto the foot on top of you, causing you to burst any remaining air from your body as an automatic response. Knowing that you can't get out of this situation without doing what she says, you obey Beris and try to pucker your lips and kiss at the socked sole that dominates your world.",
            "You plant several kisses onto Beris' foot but nothing changes about your situation, so you change your plans and instead press your tongue against the sweaty fabric to see if that elicits a reaction from Beris. The sweaty taste of her foot, fresh off a run, fills your mouth as the feeling of submitting to Beris spreads across you, and you keep sticking your tongue back out in an attempt to be felt by Beris.",
            "Ths constant licking goes unnoticed by Beris, but arouses you greatly as your tiny cock hardens under the giant sole of Beris, who takes notice of the mini erection poking into her foot as she chuckles derisively at you.",
            "Her foot moves off of you, but you are too dazed too move as you watch as Beris lowers her big toe against your dick so that it flattens against your body, and slowly starts to slide her toe back and forth across your lower body as she gives you the world's biggest toejob that you've ever experienced.",
            "As you breathe in the fresh air around you as Beris slowly jerks you off with her toe, you can feel your mind being overfilled with pleasure, but you cannot release it with all the weight that Beris keeps on your body, leaving you stuck with a need to cum and no way to experience it.",
            "ChangeImageLayer", "Expression", "Beris", "Smug",
            "Beris notices your face twisting in stockpiled pleasure and grins widely as her toe stops moving for a moment, long enough for your urge to cum to pass away as she lifts her foot once again to drop her heel onto your head, crushing you underneath her massive weight once again.",
            "The fresh air that you were experiencing vanishes as it is replaced with Beris' scent and socks become your world once again, as Beris slowly twists her heel side to side on top of your head, reminding you that she has total domination over your body.",
            "The grinding sensation of Beris' heel on you floods your body again with pleasure, leaving you unable to hold back as the rushing urge to cum floods your body and leaves you cumming as Beris grinds your skull underneath her heel. You shiver and shake with pleasure as the orgasm hits you and Beris just laughs as your cum splatters against your pelvis and legs.",
            "PlayerOrgasm", "1",
            "ChangeImageLayer", "Expression", "Beris", "Smugger",
            "Speaks",
            "Ha, came from having some sweaty socks cover your face? You really are a perv, aren't you? Well, I gotta get back to my jog, see you later, little loser.",
            "Beris steps off your face and puts her shoes back on and leaves before you fully return to your normal size. With Beris gone, you finish taking a break before heading back out on your adventure."
            ]
        },
        {
            "NameOfScene": "TechFail2",
            "theScene": [
            "You fail to move out of the way in time before the swinging foot of Beris hits you dead center in the chest, and sends you flying.",
            "You brace yourself for a hard landing as the kick sends you straight into the wall of the mountain, where you land with a loud slapping sound.",
            "Surprisingly, the enchantment converts even this damage and pain into pleasure as your dick immediately goes rigid as you recover from the stunned sensation of being blasted into a wall.",
            "ChangeImageLayer", "Expression", "Beris", "Flustered",
            "Also as you recover, you realize that Beris hovers over your now fallen body as she looks at you with complete and utter worry etched onto her face, as she believes that her kick ignored the island's enchantment and did serious physical harm to you.",
            "ChangeImageLayer", "Expression", "Beris", "Tch",
            "However, as you stir, Beris realizes that you are perfectly fine and tries to hide her embarrassment behind a flustered scowl.",
            "Speaks",
            "Geez, you loser, don't go making me worried about someone like you... Sorry about that, by the way, I went too overboard with that kick.",
            "Beris fidgets for a moment as she picks you up, as if she is looking for a way to apologize for kicking you full force into a stone wall.",
            "ChangeImageLayer", "Expression", "Beris", "Horny",
            "As she takes notice of your still-erect cock, Beris gets an idea as she uses her fingers to grab hold of your arms and legs and holds you splayed out in her hands, leaving your dick open to the world.",
            "You brace yourself as Beris lowers her mouth towards you, and you instantly feel her hot breath washing over your body as her tongue overwhelms and touches against your dick, flooding you with sensations of pleasure as her tongue gently starts to stroke against your manhood.",
            "Beris' tongue slowly continues to circle and pleasure your tiny cock as her lips slowly descend onto the surrounding bits of your body, enveloping most of you in a powerful kiss that leaves you squirming in absolute bliss.",
            "Beris occasionally lets her tongue retreat as she moves her lips back and forth against your cock, letting you experience their smooth, supple feeling against you.",
            "Your blissful experience is interrupted briefly as Beris' mouth opens a bit wider than you expected and she slips the lower half of your body directly into her wet, warm mouth. Her mouth clamps down firmly around you as her tongue rolls about every inch of you, suckling gently on you like a piece of hard candy.",
            "Her tongue finds your cock again and begins to vigorously rub against your manhood as you squirm and let out deep moans as the pressure builds inside you.",
            "Finally, you let yourself succumb to the power of Beris' mouth as you release a powerful, leg-shaking orgasm inside of Beris' mouth that is quickly swept up by her tongue. You sigh and let yourself go limp inside of Beris' mouth as she finishes milking you dry with her tongue.",
            "PlayerOrgasm", "2",
            "ChangeImageLayer", "Expression", "Beris", "Happy",
            "Done with her apology blowjob, Beris plucks you from her mouth and sets you down on top of a rock before putting her shoes back on. She waves goodbye to you and quickly jogs away.",
            "You eventually return to your normal size and you catch your breath for a moment before continuing with your adventure."
            ]
        },
        {
            "NameOfScene": "TechFail3",
            "theScene": [
            "You watch in awe as Beris' massive frame falls from the sky at you, only realizing at the last moment the need to dodge out of the way of her titanic feet. But before you can move you are splattered into the ground by Beris, who gleefully relishes in feeling you be crunched into the ground by her impact.",
            "You can feel the ground around you stick to you as Beris' leaping stomp plants you into the dirt, and you fail to groan as you are muffled entirely by the giant socked sole.",
            "ChangeImageLayer", "Expression", "Beris", "Smugger",
            "For a moment you struggle against Beris' feet as they weigh down upon you, only to realize that Beris doesn't even feel your struggles as she gloatingly bounces her weight on you and slightly wiggles her foot all over your body.",
            "The small adjustments and movements of her foot causes her sock to rub against your dick, causing it to harden slightly against the friction applied to it. With eah slight movement of Beris' foot you can feel your dick twitch in pleasure as Beris's foot rubs against you.",
            "Beris shifts her weight so that the foot covering you weighs down heavier upon you, and scrunches her toes around your head as she surrounds you in the hot, damp sweat of her foot. The scent of her foot and the feeling of being dominated by a careless giantess greatly arouses you as you feel pleasure building in your manhood.",
            "The weight placed upon your body is great, and even as you feel yourself building in pleasure you realize that even if you tried to cum right now your body has been flattened and compressed to the point that you can't cum right now even if you wanted to, all because of Beris carelessly leaving her weight on your body.",
            "ChangeImageLayer", "Expression", "Beris", "GrinCocky",
            "Beris, however, knows exactly what she is doing as she smirks to herself as she focuses more pressure on the lower half of your body, and continues shifting her foot to make sure that you remain aroused by the full-body footjob that she is giving you.",
            "Slowly, Beris ramps up how often she lefts her foot twitch and grind on top of you, until she finally starts to constantly move her foot up and down against your body.",
            "You moan and struggle under her foot as you feel aroused to the max already and yearn to cum, but that only encourages Beris to speed up her foots movement as she taunts you and your inability to cum from her foot weighing down upon you.",
            "ChangeImageLayer", "Expression", "Beris", "HappyToothy",
            "With a sudden idea, Beris begins to shift her weight and move her sole off of you before immediately crushing your dick back down with her big toe from her other foot, while keeping your head covered by the sole of the original foot crushing you.",
            "Beris uses her two feet to dominate everything you can see, hear, feel, and taste as her sweaty feet dominate your head while her big toe continues to rub against your dick that has been pressed flat into your body, causing you no end of pleasure as you stew in your need to cum.",
            "Beris speeds up the movement of her toe, knowing that your cock and balls are being mashed and abused by her weight as it leaves you unable to cum. The prospect of you writhing underneath her in such pleasurable agony drives her wild as she lets her tail wag in sadistic glee.",
            "You internally whimper and beg for Beris to let you cum, as you can feel your balls ache with pleasure from the dominating feet that bully and abuse you. The burning, tingling sensation courses through your body and leaves you frantic to have Beris' feet get off you so you can finally cum.",
            "Beris seems to answer your prayers as her big toe lifts off you for a moment, and your body seizes the chance open to it as you release a leg-shaking orgasm that sees your cum splatter up into the air as it lands back down onto your body. Beris notices your movements and lifts her feet off you and sees your lower half is covered in your own cum as she laughs mockingly at you.",
            "PlayerOrgasm", "2",
            "ChangeImageLayer", "Expression", "Beris", "Sneer",
            "Speaks",
            "I can't believe it, my feet got you so horny you couldn't stop from cumming all over yourself! I'll leave you to clean up, I need to go finish my jog.",
            "Beris heads off with a dismissive wave as you slowly grow back to normal size. You take a breather to recover your state of mind before continuing on your journey."
            ]
        },
        {
            "NameOfScene": "Give you the fight of a lifetime!",
            "theScene": [
            "Speaks",
            "I'm gonna kick your mini ass and give you a real workout!",
            "CombatEncounter", "NoRunning",
                "Giantess Beris",
            "StartCombat",
            "JumpToScene", "Victory"
            ]
        },
        {
            "NameOfScene": "Victory",
            "theScene": [
                "DisplayCharacters",
                "1",
            "EndLoop",
            "As you crawl away from the panting Beris' feet, you notice that she does not pursue as you slowly grow back up to your normal size.",
            "You look at her confused as she finally catches her breath from the fight and talks to you.",
            "Speaks",
                "I only meant to give you some brutal training, to see if you were strong enough or not to keep going. But it turns out I'm too tired from my run, so that's where we're going to call it for the day. I'll see you around, [ThePlayerName].",
            "Beris spends a moment to put her shoes back on and do another round of stretching before taking off on the road she just arrived from, leaving you in a small cloud of dust that she had kicked up.",
            "You finish collecting your thoughts before continuing on the way forward through the Mountain."
            ]
        },
        {
            "NameOfScene": "Safety",
            "theScene": [
            "",
            "",
            "",
            "",
            "",
            ""
            ]
        }
    ]
}
