{
  "name": "Training?",
  "CardType": "Event",
  "CardLimit": "1",
  "Description": "There's been a strange Kunoichi Trainee wandering around. Handle her.",
  "requires": [""],
  "requiresEvent": [
    {
    "NameOfEvent": "Cut Down to Size",
    "Progress": "1",
    "ChoiceNumber": "-1",
    "Choice": ""
    }
  ],
  "Speakers": [
      {
          "name": "Kunoichi Trainee",
          "postName": "",
          "SpeakerType": ""
      }
  ],
    "EventText": [
      {
          "NameOfScene": "EventStart",
          "theScene": [
          "As you wander the winding corridors of the temple before you come upon a lone Kunoichi Trainee.",
          "DisplayCharacters",
          "1",
          "EndLoop",
          "|f|ChangeImageLayer|/|Expression|/|Cocky|n|",
          "Her eyes light up as she sees you in the hallway, and sprints at you while brandishing a slip of paper marked with the spell to activate your curse mark.",
          "In a split second decision, you decide to...",
          "Menu",
          "Turn around in the hallway and get away from her!",
          "Stand your ground and let her hit you with the spell.",
          "EndLoop"
          ]
      },
      {
          "NameOfScene": "Turn around in the hallway and get away from her!",
          "theScene": [
          "You spin around on your heels as fast as you can and break into a dead sprint.",
          "The hallways twist and turn as you run, but you turn your head and notice that the Kunoichi Trainee hasn't missed a beat in keeping up with you.",
          "In desperation, you try one last push to shake her off your tail with a final burst of speed.",
          "StatCheck",
          "Power",
          "20",
          "Pass",
          "Fail",
          "Caught",
          "EndLoop"
          ]
      },
      {
          "NameOfScene": "Pass",
          "theScene": [
          "You put all your energy into your legs and sprint as hard as you can, running as fast as you can for a minute until you look back and see that the strange ninja is no longer trailing you.",
          "You pause for a moment to catch your breath before continuing along your journey in the temple."
          ]
      },
      {
          "NameOfScene": "Caught",
          "theScene": [
          "You try to put all your energy into running away from the small ninja girl, but you can't keep up and have to stop to catch your breath.",
          "As you bend over to catch your breath, you feel something slap the back of your neck really hard.",
          "The Kunoichi Trainee leaped over top of you and slapped the spell talisman onto you, causing magical energy to surge through you as you feel your body dwindle rapidly.",
          "You stand at only a few inches tall as the now giant ninja trainee looms over you, her sandaled foot stands taller than you.",
          "Speaks",
          "Fufufu, works like a charm.",
          "Before you can even start to move, the ninja girl removes one foot from her sandals and stomps on you, pinning you in place with her foot.",
          "Speaks",
          "Teehee, let's see how you escape this!",
          "JumpToScene",
          "NinjaFootFight"
          ]
      },
      {
          "NameOfScene": "Stand your ground and let her hit you with the spell.",
          "theScene": [
          "You stand your ground with confidence as the kunoichi sprints towards you. At the last second she leaps over you and slaps the back of your neck with the spell talisman.",
          "As she slaps you, you feel the magical power surge through your body as your form quickly shrinks to only a few inches in height.",
          "You look up at the giant ninja girl, taking notice that her sandaled foot stands just a bit taller than you are now.",
          "You back up for a second, momentarily regretting your actions as the giantess deftly removes her foot from her sandal and pins you to the floor with an impressively quick stomp.",
          "Speaks",
          "Teehee, let's see how you escape this!",
          "JumpToScene",
          "NinjaFootFight"
          ]
      },
      {
          "NameOfScene": "NinjaFootFight",
          "theScene": [
          "You struggle underneath the foot of the giant ninja girl, but she puts all of her weight on top of you as she balances on your body.",
          "While balancing on one foot she removes her other sandal and discards it, all while you struggle for air under her crushing, encompassing foot.",
          "She puts her other foot back onto the ground, pulling pressure off your body for a moment before she scrunches her toes around your body, and sits down as she holds you up with only her toes.",
          "Speaks",
          "Hey, hey, let's play a game! If you can survive getting pummelled by my feet I'll let you go, buuuuuut, if you end up losing or give up I'll tie you to the insole of my sandal!",
          "Disoriented from being stomped on and crushed by the giant ninja, you can't refuse. Taking your silence as a yes the girl squeals.",
          "Speaks",
          "Yay! This is gonna be so much fun! Ready or not, here comes my feet!",
          "CombatEncounter",
            "Giant Kunoichi",
          "StartCombat",
          "JumpToScene",
          "Victory"
          ]
      },
      {
          "NameOfScene": "Victory",
          "theScene": [
            "DisplayCharacters",
            "1",
            "EndLoop",
          "The giant ninja girl giggles as her toes loosen their grip on you, and let you fall to the ground.",
          "Her feet move away as she stands up, puts her sandals on and takes a few steps away from you.",
          "You slowly catch your breath as the magic begins to wear off, allowing you to grow back to your normal size.",
          "Speaks",
          "See? a ninja always keeps her word! I'll see you around!",
          "The ninja happily walks away from you, and you continue on your journey."
          ]
      }
    ]
}
