{
    "name": "Encounters with a Huge Pussy",
    "CardType": "Event",
    "CardLimit": "1",
    "Description": "Mika has been acting strange recently, check up on her to see if she's alright.",
    "requires": [""],
    "requiresEvent": [
      {
      "NameOfEvent": "Cut Down to Size",
      "Progress": "1",
      "ChoiceNumber": "-1",
      "Choice": ""
      }
    ],
    "Speakers": [
        {
            "name": "Mika",
            "postName": "",
            "SpeakerType": ""
        }
    ],
    "EventText": [
        {
            "NameOfScene": "EventStart",
            "theScene": [
            "During your trek through the dungeon, you find yourself in a familiar stone chamber, with a familiar looking stockade.",
            "You look around for Mika, expecting her to be in the room, but she seems to be away at the moment. Shrugging your shoulders you turn to leave the room when you hear a voice reciting a spell, and a tingling sensation courses through your body.",
            "When you come to, you see the room from before has grown rapidly in size, and you realize that you have been shrunk! Before you process this information, you see the now massive Mika carefully walk up to your tiny form.",
            "DisplayCharacters",
            "1",
            "EndLoop",
            "|f|ChangeImageLayer|/|Expression|/|NyaSmug|n|",
            "Her eyes glow with a dull pink light as she looks down at you with a smirk that betrays that she was the culprit behind your shrinking.",
            "Speaks",
            "Tee hee hee, looks like everything's working out for me today! The spell worked just like they promised! So how do I look, [ThePlayerName]?",
            "You gaze up at the scantily clad cat girl, and for a moment you get lost in the sight of her powerful curves before she taps her foot on the ground repeatedly.",
            "Her tapping action sends small shockwaves through the ground, until you stumble over and fall onto your ass and see an impatient looking Mika looking down at you.",
            "Speaks",
            "Well? I asked you a question... Or maybe you're just too stunned by my beauty?",
            "She steps toward you, using a wide gait. Her exposed pussy and ass in clear view as she effortlessly reaches your location and towers above you.",
            "You pull yourself up to your feet and try to call out to her, but she moves her foot forward and quickly covers your body with her foot.",
            "Speaks",
            "Shhhh, it's alright. You don't need to say a word. I know exactly what you want.",
            "She removes her foot and reaches down to grab you, you panic and:",
            "Menu",
            "RUN!",
            "Freeze up, your body won't move.",
            "EndLoop"
            ]
        },
        {
            "NameOfScene": "RUN!",
            "theScene": [
              "You see the hand of the giant cat girl coming down towards you, and in an act of desperation you run as fast as your little legs will carry you...",
              "StatCheck",
              "Technique",
              "15",
              "Pass",
              "Fail",
              "Failed",
              "EndLoop"
            ]
        },
        {
            "NameOfScene": "Freeze up, your body won't move.",
            "theScene": [
              "Your body seizes up, like a deer in headlights as the gargantuan cat pounces on you, clutching you tightly in her hands as she slowly stands back up.",
              "She lets out a pleased hum as she brings you close to her face. Her face takes up your entire viewpoint, and you try to take a second to admire her before she moves her hands yet again as she starts to lower you.",
              "Speaks",
              "Y'know, I feel like everyone's always talking about my ass and how great it is. I think it's fair that today you get to have the most personal relationship with my ass that anyone can have!",
              "She brings you around to her tanned, glorious ass cheeks and flexes them once for good measure. They dwarf your body easily and you brace yourself for what is sure to be a rough time for you.",
              "JumpToScene",
              "Anal Adventures"
            ]
        },
        {
            "NameOfScene": "Pass",
            "theScene": [
              "And just as the giant hand is about to descend on you mid-sprint, Mika loses her balance and falls over onto her side, giving you just enough time to put distance between the two of you and grow back to normal.",
              "Speaks",
              "Ehehehehe, guess I couldn't catch you this time.",
              "Mika blushes a deep red as she turns her back to you, and exits the room while trying to contain her embarrassment.",
              "ChangeEros",
              "200",
              "All things considered, that went well."
            ]
        },
        {
            "NameOfScene": "Failed",
            "theScene": [
              "Mid-stride you hazard a look back at the giant Mika, only for you to get tripped up over your own feet and come crashing to the ground.",
              "Wasting no time, Mika snatches you up before you come to a complete stop, bringing you up to her face with a satisfied grin on her face.",
              "Speaks",
              "Aha, you really got me for a second there [ThePlayerName]. I thought for a second that you were trying to run away from me, but you would never do that, right?",
              "Her hand clenches around you tightly as she asks the question, knocking the air out of your lungs and preventing you from answering her question.",
              "Mika doesn't wait for your answer anyways as she starts to lower you down her body, letting you slowly take in the grandeur of the tanned cat girl holding you.",
              "Speaks",
              "Maybe I should shove you in the one place I know you'll never wanna escape from, I'm sure you'd love that my little hero.",
              "She places extra emphasis on calling you little, and you feel your heart race as her hand brings you in front of her giant ass, in all it's majesty.",
              "JumpToScene",
              "Anal Adventures"
            ]
        },
        {
            "NameOfScene": "Anal Adventures",
            "theScene": [
              "Mika pauses for just a second as she takes her free hand to spread her ass cheeks apart, giving you a clear view of her puckering asshole, seemingly eager to accept you.",
              "With an unceremonious motion Mika rams you headfirst into her asshole, and you push straight through with minimal problems as Mika feeds the rest of your body in until your entire body rests inside her ass.",
              "With a mew of contentment the cat girl flexes her ass muscles a few times, and begins to goad you.",
              "Speaks",
              "Come on hotshot, if you wanna be a hero you gotta be stronger than just one little ass. How about we play a game? If you can make me cum once from my ass I'll let you out, but if you give up or pass out before I'm done I'm going to use you as my special toy tonight.",
              "Seeing as though you don't have much of a choice or even the ability to reject her proposition you simply begin your struggle against the dominating ass of Mika.",
              "CombatEncounter",
                "Giant Mika",
              "StartCombat",
              "JumpToScene",
              "Victory"
            ]
        },
        {
            "NameOfScene": "Victory",
            "theScene": [
              "Mika sighs as her orgasm causes her legs to tremble as she slowly slides onto the floor. As she does she lifts her rear just long enough to fish you from her backside and set you down beside her.",
              "Speaks",
              "Ah well, a deal's a deal I guess. Go ahead and move along now, I'm gonna go take a little catnap.",
              "You stretch and stand up as a tingling sensation comes over you, slowly expanding you until you stand at your original height.",
              "Heading out, you wave goodbye to Mika who slowly fades from the stockade room."
            ]
        }
    ]
}
