{
    "name": "Fair Fae Fo Fum",
    "CardType": "Event",
    "CardLimit": "1",
    "Description": "An elf has been wandering around, muttering strange things about a 'Minimize' spell, take care when encountering her.",
    "requires": [""],
    "requiresEvent": [
      {
      "NameOfEvent": "Cut Down to Size",
      "Progress": "1",
      "ChoiceNumber": "-1",
      "Choice": ""
      }
    ],
    "Speakers": [
        {
            "name": "Elf",
            "postName": "",
            "SpeakerType": "Monster"
        }
    ],
    "EventText": [
        {
            "NameOfScene": "EventStart",
            "theScene": [
            "You come upon a small clearing in the woods. You are about to continue your way to the other side when you see an Elf, poorly hiding in the bushes and staring at you.",
            "DisplayCharacters",
              "1",
              "EndLoop",
            "You are about to ask her what she's doing when she starts to chant out a spell.",
            "|f|ChangeImageLayer|/|Expression|/|Lewd|n|",
            "You have no time to react as familiar runes appear around you, causing your vision to flash pink.",
            "When you regain your sight, you see that you have been shrunk again, and the Elf from before is now approaching you, with a pink glow in her eyes.",
            "|f|ChangeImageLayer|/|Expression|/|Lewd|n|",
            "Speaks",
            "Ehehehe, it worked. It worked just like she said it would.",
            "You ponder for a moment who 'she' is, but given the lustful look in the Elf's eyes, you start to consider your next move instead.",
            "Menu",
            "RUN!",
            "Play it cool and see what the Elf wants.",
            "EndLoop"
            ]
        },
        {
            "NameOfScene": "RUN!",
            "theScene": [
              "|f|ChangeImageLayer|/|Expression|/|Shock|n|",
                          "Wasting no time, you sprint away from the giant Elf, who calls after you and starts to swing her hands at you, trying to grab you.",
                          "StatCheck",
                          "Technique",
                          "18",
                          "Pass",
                          "Fail",
                          "StatFail",
                          "EndLoop"
                      ]
        },
        {
            "NameOfScene": "Pass",
            "theScene": [
              "You run as hard as your legs will take you, enjoying the heightened stamina given to you by your shrunken form.",
              "The Elf is clumsy and in her lustful state throws out inaccurate swings at you, only to miss by a hair's width several times.",
              "On her last swing you roll to the side, letting her fall on her face and skid forward on the ground.",
              "You continue running until you make it to a bush, and wait out the timer on the spell and curse, slowly growing back to size as you see the Elf run away in embarrassment.",
              "ChangeEros",
              "200",
              "All things considered, that went well."
                      ]
        },
        {
            "NameOfScene": "StatFail",
            "theScene": [
              "You try to run as fast as your tiny form will allow, but it's not enough as you feel a hand wrap around you.",
              "The giant Elf closes her hand around you, leaving only your head visible.",
              "|f|ChangeImageLayer|/|Expression|/|Angry|n|",
              "She brings you close to her face, her lust visible as her hot breath washes over you with each pant.",
              "Speaks",
              "Ahhh, now I'll make you mine. I'll keep you somewhere no one will ever find you, and you'll be mine.♥",
              "JumpToScene",
              "Shoved up a hoohah"
                      ]
        },
        {
            "NameOfScene": "Play it cool and see what the Elf wants.",
            "theScene": [
              "You stand still, waiting to see what the Elf wants with you, but before you can ask her, she reaches down and picks you up.",
              "You sit on her palm, staring up at the massive blonde. Her breath is heavy and hot as a pink glow lights up her eyes, and she looks at you with lust.",
              "Speaks",
              "Ahhh, now I'll make you mine. I'll keep you somewhere no one will ever find you, and you'll be mine.♥",
              "JumpToScene", "Shoved up a hoohah"
                      ]
        },
        {
            "NameOfScene": "Shoved up a hoohah",
            "theScene": [ "|f|ChangeImageLayer|/|Expression|/|Smug_Blush|n|",
                          "Her lustful smile curls up into a sinister grin as her grip tightens around you, and she begins to lower you past her torso.",
                          "You travel a considerable length before you find yourself before the pantyless nether regions of the Elf.",
                          "Her pussy is huge, easily big enough that it could accept you like a dildo, which seems to be the Elf's plan as she starts to rub your face into her wetting lips.",
                          "ChangeArousalQuietly", "25",
                          "|f|ChangeImageLayer|/|Expression|/|Lewd|n|",
                          "The juices from her sex start covering you, and as they do the Elf lets out a moan as she uses her free hand to spread the lips of her pussy, before shoving you deep inside.",
                          "|f|ChangeImageLayer|/|Expression|/|Incoherently_Lewd|n|",
                          "Speaks",
                          "Ahh♥ You feel so good, please wiggle around in there and I may reward you by making you my pet.♥",
                          "She lets go of you as you enter into her pussy, and as you immediately try to wriggle out of her, she squeezes her pussy around you, undoing any progress and preventing any further movement.",
                          "You struggle for a bit, before realizing that just like any other encounter, you'll have to make the Elf cum to make her disappear to free yourself.",
                          "CombatEncounter",
                            "Giant Elf",
                          "StartCombat",
                          "JumpToScene",
                          "Victory"
                      ]
        },
        {
            "NameOfScene": "Victory",
            "theScene": [ "|f|ChangeImageLayer|/|Expression|/|Ahegao|n|",
                          "The giantess lets out a piercing moan as her orgasm surges through her body, sending a wave of fluids towards you.",
                          "You brace for impact as the wave of juices slams into you, forcing you out of the giant Elf and back onto the ground.",
                          "The Elf falls onto the ground, gasping in pleasure as you scurry away, hoping that her defeat will end the spell she put onto you.",
                          "Sure enough, as you enter some bushes and see the Elf fading away, your body slowly starts to grow back to its original size.",
                          "Glad that you weren't turned into the pussy pet of a giant Elf, you turn back to the forest and continue on your way.",
                          "GiveSkillThatWasTemporarilyRemoved", "Teleport"
                      ]
        }
    ]
}
