{
  "name": "Towering Dancer",
  "CardType": "Event",
  "CardLimit": "1",
  "Description": "Nara has been boasting about a new skill she learned, you should go see what it is.",
  "requires": [""],
  "requiresEvent": [
    {
    "NameOfEvent": "Cut Down to Size",
    "Progress": "1",
    "ChoiceNumber": "-1",
    "Choice": ""
    }
  ],
  "Speakers": [
      {
          "name": "Nara",
          "postName": "",
          "SpeakerType": ""
      }
  ],
    "EventText": [
        {
            "NameOfScene": "EventStart",
            "theScene": [
            "Your trek up the mountain leads you to a small clearing with several large stones scattered about. that have been smoothed over so that they work as stools or benches.",
            "In the center of this circular clearing you find Nara practicing some of her dance moves. She sees you approaching and stops her routine and starts waving at you.",
            "DisplayCharacters",
              "1",
              "EndLoop",
              "ChangeImageLayer", "Expression", "1", "Cheerful",
            "Speaks",
            "[ThePlayerName]! Nice of you to drop by! I know this isn't where you usually find me but I wanted to surprise you with something I learned the other day!",
            "She leads you to the center of the clearing where she was dancing and tells you to stand still. You oblige and start to look around, and notice several runes have been drawn in the ground that look all to familiar.",
            "Nara recites the chant to activate the shrinking spell and you feel a tingling sensation pass through your body, and when it passes you open your eyes again to see the towering form of Nara bending over to look down at you.",
            "Speaks",
            "Wow! It really worked! I can't believe it, you really shrank!",
            "She straightens up as she jumps up and down, giddy with joy. You can only watch as her breasts swing about wildly, each one easily dwarfing your body as her top barely contains their movements.",
            "After a few moments she stops jumping, although it takes her breasts just a little bit longer to settle down on her chest.",
            "ChangeImageLayer", "Expression", "1", "Happy",
            "She starts to reach down towards you, with her palm facing upwards. You can tell she wordlessly is inviting you onto her palm to come with her.",
            "You hesitate for a second, wondering if you made a break for it if you could make it away from the busty dancer. But, you're eyes can't help but feel attracted to the titanic tits attached to her.",
            "StatCheck",
            "Allure",
            "20",
            "Pass",
            "Fail",
            "StatFail",
            "EndLoop"
            ]
        },
        {
            "NameOfScene": "Pass",
            "theScene": [
            "Tearing your eyes away from the mesmerizing, swinging breasts of the giant woman and take a step back, considering the options before you.",
            "Menu",
            "Step onto her hand willingly.",
            "BOOK IT!",
            "EndLoop"
            ]
        },
        {
            "NameOfScene": "StatFail",
            "theScene": [
            "Entranced by the allure of the big breasted dancer you step forward onto her palm and wait to see what she'll do next.",
            "ChangeImageLayer", "Expression", "1", "Lustful",
            "Speaks",
            "Good boy, I knew you wouldn't run away from me. Now how about some fun?",
            "She slowly stands back up, taking you along on her palm. You admire her body as you move past her, taking in the view of her see through pants barely disguising her long, tanned legs.",
            "Her hand brings you past her stomach, and to the gigantic hills that are her breasts, barely being held back by her familiar blue top.",
            "Your mind races as you stare at her boobs, as her hand starts to move and brings you over her cleavage. You turn your attention to the face of the giantess, as her warm smile dominates your view.",
            "Speaks",
            "I think this will be fun for both of us.",
            "Using her free hand, Nara pulls at one of her boobs and makes space between her impressive breasts.",
            "The space between her breasts gives you a peek into just how massive her breasts are in comparison to you.",
            "As the realization that her boobs could easily swallow you and hide you from the world dawns on you, the hand you've been resting on starts to turn over as Nara deposits you into her cavernous cleavage.",
            "JumpToScene",
            "BreastBattleSetup"
            ]
        },
        {
            "NameOfScene": "BOOK IT!",
            "theScene": [
            "Turning on your heels you take off at a dead sprint towards the nearest large rock, running close to it as Nara scrambles to her feet to chase after you.",
            "ChangeImageLayer", "Expression", "1", "Panic",
            "Speaks",
            "H-Hey! Wait up!! Get back here!!!",
            "As she tries to follow you past the stone she stumbles for a bit, collapsing on the ground as you reach the edge of the platform.",
            "With the knowledge that the curse will grant you protection for the rougher part of the slide you leap off and begin to slide down the slope of the mountain, until you tumble and land on the trail below.",
            "As you lay there on the trail below where Nara was you can hear her screaming curses to herself.",
            "Before long you feel a tingle surge through you as you return to your normal size, and continue on your journey."
            ]
        },
        {
            "NameOfScene": "Step onto her hand willingly.",
            "theScene": [
            "You cautiously approach the hand of Nara, wary of what her ploy is after she shrank you.",
            "As you step onto her soft, smooth palm she stands up and brings you up to her face, which beams with excitement as she holds you.",
            "ChangeImageLayer", "Expression", "1", "Cheerful",
            "Speaks",
            "Yay! Thanks for not running off, I promise this'll be fun.",
            "You don't get a chance to ask what she means as her free hand pulls one of her breasts to the side and flips her hand over, dropping you into the abyss of flesh.",
            "JumpToScene",
            "BreastBattleSetup"
            ]
        },
        {
            "NameOfScene": "BreastBattleSetup",
            "theScene": [
            "You fall and land against her right boob, which ripples under your body and bounces you back just enough that you descend into the center of her cleavage. You gaze up out of her cleavage to see Nara smiling down at you before she release her breasts and squeezes them together with her arms, sealing you in.",
            "ChangeImageLayer", "Expression", "1", "Lustful",
            "Speaks",
            "How about this for a game: if you can please me from in there I'll let you go. But, if you can't please me in time I'll have my way with you.",
            "Due to the ocean of flesh surrounding you, you can't respond to Nara but you begin to struggle as hard as you can, which Nara takes as a yes.",
            "CombatEncounter",
              "NarasBoobs",
            "StartCombat",
            "JumpToScene",
            "Victory"
            ]
        },
        {
            "NameOfScene": "Victory",
            "theScene": [
              "DisplayCharacters",
                "1",
                "EndLoop",
                "ChangeImageLayer", "Expression", "1", "Pleasured",
            "Nara lets out a loud moan of pleasure as you arouse her into cumming solely from stimulating her breasts.",
            "She lets out a sigh and sinks down to the ground, leaning against the rock wall as she fishes into her breasts and pulls you out.",
            "Speaks",
            "Wow, I didn't think you'd actually be able to beat me, but I guess fair is fair.",
            "She gently places you on the ground and walks over to sit on one of the stones nearby and watches as you slowly grow back to your regular size.",
            "Nara waves at you as you continue on your journey and she returns to practicing her dancing skills."
            ]
        }
    ]
}
