{
  "name": "'Bon Bon Bun'",
  "Addition": "Yes",
  "Speakers": [
    {
      "name": "Venefica",
      "postName": "",
      "SpeakerType": ""
    }
    ],
    "EventText": [
      {
        "NameOfScene": "StoreMenuReal",
        "theScene": ["SetChoice", "20", "",
                     "ChangeBGM", "music/Forest/Purple Planet Music - Rabbit Run.mp3",
                      "DisplayCharacters",
                        "1",
                       "EndLoop",
                      "Menu",
                        "Talk with Venefica.",
                        "Go shopping.",

                        "RequiresChoice", "7", "JobOffer", "RequiresChoice", "40", "",
                        "Inquire about her job offer.",
                        "RequiresChoice", "7", "JobOffer", "RequiresChoice", "40", "JobDescription",
                        "Ask to work for Venefica.",

                        "RequiresChoice", "46", "ConfrontedRewardIntro",
                        "Ask to spar.",

                        "HideOptionOnRequirementFail", "RequiresPerk", "Minimize",  "Would you like to shrink me?",

                        "Leave 'Bon Bon Bun'.",
                      "EndLoop"
                  ]
      },
      {
          "NameOfScene": "Would you like to shrink me?",
          "theScene": [
            "ChangeImageLayer", "Expression", "1", "Curious",
          "Venefica raises an eyebrow at you, and starts to look you up and down as she considers your question. It dawns on her before long what exactly you are asking her to do, and her eyes light up.",
          "Speaks",
          "Oh yeah, I heard Dimi and her apprentice got you good with their cursemark. Very well, I accept your proposal.",
          "Silently, Venefica raises her hand out towards you, and her eyes shine with a deep purple glow as you feel the cursemark on your neck start to glow, and soon you find Venefica's white heels next to you as you gaze up at the tall storekeeper.",
          "With another movement of her hand you find yourself being lifted into the air by a magical force, and soon after you are resting on the palm of the powerful witch.",
          "Speaks",
          "Now tell me, what would you like to do while shrunk? I can't have you work the store and disappear from my view, I would like to keep you on my person for this shift.",
          "You weigh your options for several seconds, taking your time to look over Venefica's body before giving her your answer.",
          "Menu",
          "Please stuff me into one of your boots and use me as an insole!",
          "Wear me inside your bra so I can be with your breasts!",
          "Venefica has some new ideas about what to do with you.",
          "EndLoop"

          ]
      },
      {
          "NameOfScene": "Please stuff me into one of your boots and use me as an insole!",
          "theScene": [
            "ChangeImageLayer", "Expression", "1", "Base",
          "You excitedly shout up at Venefica, who looks at your tiny form with great interest. She shrugs her shoulders and nods in agreement with your request.",
          "Speaks",
          "Very well, it would be nice to examine the claims of your indestructibility for myself after all.",
          "Using her free hand, Venefica shimmies one of her legs out of the form-fitting boots that she constantly wears, and dangles you by an arm over the tall void.",
          "Speaks",
          "I hope you don't come to regret your choice, because I will leave you in here all day until I decide to close up shop. Have fun.♥",
          "With those final words Venefica drops you down the tall tower that is her boot, you can't touch any of the walls nearby to help your fall, so you simply close your eyes and hope for the best.",
          "Moments pass, before finally the insole of the boot comes rushing to meet you. You land with a soft thud as you soon realize the inside of Venefica's boots have a soft, plush interior that you imagine keep her feet feeling great all day.",
          "Your thoughts are interrupted as the light source at the top of the boot is covered, and you see faintly the outline of Venefica's face peeking down towards you.",
          "ChangeImageLayer", "Expression", "1", "Smile",
          "Speaks",
          "Hmmm, seems like you survived the fall. Guess I'm good to go ahead with the rest of my day then.♥",
          "Venefica takes her face away from the opening of the boot and the brief moment of light that shined down onto you is replaced by the large, bare foot of Venefica making its way down the tight tube toward you.",
          "Instead of fear, however, a part of you is excited as your heart races at the thought of the giant foot stepping down onto you, and you quickly lay down and position yourself near the toe section of Venefica's boot.",
          "As you lay there, awaiting the giant foot to rest upon your body, you start to take in the deep, rich scent of Venefica. The plush fur of the boot smells of a sugary treat that you can't quite put your finger on, and to your surprise the fur isn't damp at all, which is strange considering the amount of time Venefica spends on her feet.",
          "Finally, before you can think on anything any longer, Venefica's foot enters the bottom of the boot, and after a bit of struggling on Venefica's part she finally tightens the booth around her leg again, and rests her foot and her weight onto you body.",
          "The titanic foot settles against your body, and instantly you feel your heart race with pleasure as the sugary scent of Venefica's foot is heightened with the real thing on top of you. You hurriedly breathe in its scent, eager to enjoy the sweetness of her foot to your heart's content.",
          "You find your head nestled in the crack between Venefica's big and second toe, and so you press your head down into the crevice between her toes and breathe deeply, filling your head with the sugar cookie-like scent of Venefica's feet as she moves to and from, tending to her lonely shop in the woods.",
          "Overcome with your desires, you open your mouth and start to lick at the foot pinning you down. Your tongue lovingly moves over the sweet tasting, smooth flesh of Venefica's foot as she stifles a smirk from the sensation of your insignificant tongue against her skin.",
          "Your brain starts to go wild as you continue to drag your tongue across Venefica's foot, taking in the soft texture of her foot while the aroma and taste begin to override your brain and fills you with pleasure.",
          "Even as Venefica moves around the store, with each commanding step she takes you don't stop licking for even a moment. Venefica holds nothing back in her movements either as with each step she rolls through the motions fully, bringing the weight of her foot down on your body with each step.",
          "A fair bit of time passes as Venefica allows you to keep licking at her foot, before an idea pops into her mind and she muses to herself out loud.",
          "ChangeImageLayer", "Expression", "1", "Curious",
          "Speaks",
          "Hmmmm, I don't think he'd mind if I ran a little experiment on him...",
          "You can hear her inside the boot, but something inside you starts to feel strange as your cursemark starts to activate.",
          "Venefica starts to hum to herself as she traces out magical patterns into the air, occasionally cross-referencing a drawing of your cursemark as she works it into the spell. As she finishes she whispers your name and sends the spell towards you inside her boot.",
          "You feel the spell take hold of you as the interior of the boot you are in starts to glow, and for a second you think you can power through the spell, but with everything about Venefica's feet swirling through your head you find that you can't resist the spell.",
          "The spell latches into your mind immediately, and you notice that your sense of touch starts to feel wrong, instead of feeling the plush insole on your back and Venefica's foot on top of you, you start to feel like there is no insole, and that you are the insole in reality.",
          "You try and snap out of it, and you shake your head to remember that you aren't a real insole for a boot of a sexy, imposing witch, but you are a real human being. But with each passing moment of laying there, you feel your mind sink deeper into the spell, and soon the sensation of supporting Venefica's entire foot starts to impact your entire body.",
          "Unable to fight off the spell's strength, your mind unravels, and your body starts to feel every inch of Venefica's foot as your mind's sense of touch is flooded with all these new feelings from covering all of Venefica's foot with your 'body'.",
          "The most immediate thing you feel in this state is that the sweat that has been accumulating on Venefica's foot has also been seeping into the fur lined insole of her boot, and you now experience the sensation of not only being thoroughly coated in the warm, salty liquid, but you now believe that her sweat permeates your whole body, and that you are drenched in the foot sweat.",
          "These thoughts are interrupted as Venefica starts to fidget with her toes, tapping them rhythmically. Despite the fact that your body never directly feels her toes tapping down on you, you still feel on your face the sensation of her toes hitting your face, and smearing their sweat all over you.",
          "Your mind reels from the conflicting sensations, and as you struggle to process each toe hitting your 'face' you begin to feel the heat and humidity course through your body, making it harder and harder for you to focus.",
          "As her day goes by, Venefica keeps playing with you in her foot, letting her toes wiggle and press down onto the wide surface of your face and occasionally play with your real body, sending shock after shock of pleasure through your body.",
          "To take it a step further, Venefica leans back on her heels and lets her weight drive her heel into her insole, resulting in you feeling a near crushing weight plant itself onto your dick. You brace yourself for pain, but none ever comes as the pleasure of having your dick rubbed back and forth by her heel hits into your mind.",
          "Venefica slowly begins to grind her heel back and forth, twisting with a slow, deliberate speed to make sure you feel every second of what she's doing to you.",
          "With each moment that passes by, you feel you body race with pleasure as you are bombarded by Venefica's feet from every angle now that you can feel everything her insole feels. The pleasure continues to build up in your body, and you feel yourself grow delirious in pleasure.",
          "You try and let out a moan, a scream, anything to release some of the pent-up pleasure you feel, but you feel like you've forgotten how to, as all you can do is lay there, as Venefica's insole.",
          "Under the constant grinding pressure of Venefica's heel, you finally manage to cum into the sole of the giant witch, and immediately you feel a huge wave of relief pour over you as you unload into the dark foot.",
          "That relief is short-lived as the titanic baker continues to grind her heel down onto you, causing your pleasure stricken body to continuously release cum as if she were expertly milking it out of you.",
          "In the midst of all this, your physical body has been moved enough that your face is positioned underneath her big toe, which allows it to come down and smash directly onto your real face, smearing her warm sweat all over you.",
          "However, this sweat seems different, it tastes sweet and syrupy. As it enters your mouth you feel an overwhelming sense of pleasure as the aphrodisiac hidden inside it flows through your body, and you release another load of cum onto Venefica's sole before you even realize what's happened.",
          "Exhaustion slowly starts to take hold, as you keep cumming from the endless barrage of pleasure Venefica forces you to endure. Whereas your body is starting to exhaust itself, your mind on the other hand, is filled with pleasure and wishes for this experience to never end.",
          "Venefica tires of playing with you for the moment, and starts to wander around her store, tidying things as she goes along. Little does she know that with each step she takes you feel a tidal wave of excitement and pleasure course through you.",
          "A few minutes later as Venefica goes back to her counter, she trips over a loose floorboard of the shop and stumbles for a second, stomping the ground on her last step to make sure she catches herself. This action forces a near painful level of pleasure to jolt you as you haphazardly let another wave of cum fly onto Venefica's soles.",
          "Your breathing inside her boot is starting to get heavy, as the air fills with humidity and becomes harder and harder to breathe in.",
          "You are unsure how long you've been inside Venefica's boot, but as time goes on you can feel the spell start to affect you more and more, eating away at your sense of self as you start to feel more and more like Venefica's insole.",
          "Venefica is totally unaware of your mental decline, however, as she goes to her shop's sign and flips it to closed, and she heads over to a stool in her back room and sits down, relieving the pressure from your body.",
          "She slowly works the boot off her sweaty foot and leg, and peers down to see your ravaged, exhausted body still breathing her musky scent at the bottom of her boot.",
          "ChangeImageLayer", "Expression", "1", "Smile",
          "Speaks",
          "Well now, looks like someone's had a long day.♥ Let's get you out of there now.",
          "Gingerly, Venefica reaches down and grabs you by the midsection and starts to pull you from the bottom of the boot. Now that you are no longer connected to the insole you feel your mind unlink from the sensations it feels. For some reason, a part of you feels saddened by this as you are lifted out into the air.",
          "Venefica sets you down on a stool opposite yours and gives you a moment to grow back, and once you have returned to your original state, she hands you a bag of eros.",
          "Speaks",
          "Here you go, since you were such a good little helper today.♥",
          "She gives you a warm smile that sets your groin on fire unexpectedly as she leads you to the door and waves at you as you return to town.",
          "GivePerkQuietly", "Objectification Curse",
          "ChangeEros", "5000"
          ]
      },
      {
          "NameOfScene": "Wear me inside your bra so I can be with your breasts!",
          "theScene": [
          "You yell up at the colossal witch that you want to be placed in her bra. She chuckles as she looks down at you, then to her impressive breasts.",
          "ChangeImageLayer", "Expression", "1", "Curious",
          "Speaks",
          "Hmmm alright, sounds like it could be fun for both of us.",
          "Using her fingers to hold you by the waist, she holds you over the ocean of cleavage that her dress reveals, and uses her free hand to tug at one of the cups of her dress to reveal her nipple to you.",
          "Without warning she releases her hold on you and lets you free fall down until you impact her soft, pillowy breast.",
          "You immediately start to roll down her breast until you reach her nipple, and the moment you find yourself face to face with her nipple you find yourself propelled forward into the fleshy mass as Venefica releases her dress, letting it snap into place, sealing you against the nipple.",
          "Your body is smashed into her nipple, with your face being pressed into the soft pillowy mass. You struggle for a second in an attempt to get comfortable before finally settling into your tight conditions.",
          "As you settle into your position inside Venefica's dress, the titanic witch glances down at herself and examines to see that your body pressed against her nipple has created a small bump in her dress. She smiles to herself as she rubs a hand over her breast, running it over your body and momentarily pressing you tightly against her breast.",
          "You are pressed by the giant hand of Venefica into her breast for just a moment, but as you do you can feel yourself sink into the soft flesh as if it were a mattress. You can feel the boob surround you before Venefica release the pressure on her breast, letting it return to its normal shape and pulls some of the overwhelming amounts of skin off you.",
          "As you try getting settled into position you can't help but notice that as Venefica lessened the pressure on your body that you had shifted just enough that your dick had been moved to the opening in Venefica's nipple.",
          "Venefica could feel your cock enter into her nipple, and she couldn't help but smile as such an insignificant thing tickled her, while it likely caused you such pleasure to be fucking the breast of a giantess.",
          "Looking around her store to find it empty of customers, Venefica brings her index finger to just behind your lower back, pressing you harder against her nipple and causing you to thrust into her nipple. You gasp in pleasure at being forced to momentarily thrust into Venefica, and feel a hint of disappointment as the pressure on your back vanishes, and you and her breast to bounce back.",
          "Recovering from that moment, you take fistfuls of breast to steady yourself, and you continue to pump your hips, thrusting into Venefica's nipple as you relish in the sensation of your shaft sliding in and out of the tight, fleshy tunnel.",
          "The heat of Venefica's breast and the smell she gives off is infatuating, and you rest your head against the massive wall of Venefica as you try to focus your efforts on pumping into her breast.",
          "Minutes go by as Venefica revels in the fervor with which you continue to thrust into her, as your breath starts to get heavier and heavier as you continuously breathe in her sweaty scent, and can only focus on the breast holding you against the cloth wall behind you.",
          "With your head still buried in the flesh of Venefica's breast, you slowly start to kiss and lick at the overwhelming tit, trying to take in as much as possible as you use your legs to squeeze on the massive nipple of Venefica as you thrust inwards, increasing your pleasure as you thrust inwards, but relaxing the pressure as you slide back, allowing you to maintain a steady rhythm.",
          "After a while longer you start to feel your balls ache, desperate to release as you tried to hold back for as long as possible, but you can't control your urges as you continue to thrust with great speed into Venefica over and over again.",
          "Finally, your body can't hold back any longer as you press yourself as deep into Venefica's nipple as possible, and you release a load of cum deep into her milk duct as you let out a muffled moan into the flesh of her breast.",
          "As Venefica feels your climax she feels you start to slow down momentarily, and so she takes her finger and presses it against your back, and starts to force you to fuck her breast with even greater force.",
          "You can't help yourself as you are forced to plunge deep into Venefica's tit over and over again with greater force than you could ever achieve in this state, as you release yet another load that is immediately absorbed into the flesh of Venefica.",
          "Feeling your second orgasm, Venefica seems to get an idea as she abruptly stops, and fishes you out of her bra as she sets you down on the countertop.",
          "ChangeImageLayer", "Expression", "1", "Smile",
          "Speaks",
          "You've been working so hard for the past few minutes, perhaps you'd like some milk to help you recharge?",
          "Without waiting for an answer, Venefica pulls a breast free from her dress and hangs it over a cup she pulled out from behind her counter, and starts to pump about half a cup of milk into the glass.",
          "With that finished she looks back at you, and gives you a warm smile as she reaches toward you.",
          "ChangeImageLayer", "Expression", "1", "SmileLoving",
          "Speaks",
          "But of course, I've also been working all day, so how about we share this glass, together?♥",
          "She easily grabs hold of you and holds you by the legs as she positions you above the cup, with your head pointed downwards. You hardly have a moment to spare before you are plunged downwards and your head is thrust underneath the milk from Venefica's breast.",
          "As your head falls beneath the thick, white liquid you struggle as your natural instincts kick in. You try to kick out of her hold and thrash your arms around, but you are powerless to escape your scenario.",
          "After a few more seconds of being held under the milk you finally recall the enchantment's power, and that you don't even need to breathe. Confident with this knowledge you stop thrashing and casually start to drink in some of the surrounding milk.",
          "The sweet, slightly warm milk flows down your throat and brings a warm sensation through you, before you are pulled from your upside down prison back to fresh air. As milk drips down you, you can feel yourself moving through the air as Venefica presses you against her tongue and cleans the remaining milk off your upper body.",
          "Venefica makes an exaggerated sound of enjoying the taste of you and the milk before plunging you back into the white liquid for another go around.",
          "As you are brought up this time, Venefica loosens her grip on you, and grabs on to the very edge of your legs to hold you as the rest of your body is revealed to her.",
          "She brings you in for another tasting session, and she once again methodically licks and sucks every stray bit of milk from your upper body as it was submerged into the milk.",
          "After she is done licking you clean, she holds your pelvic area in front of her mouth, and you moan as her hot breath washes over your still hard dick. With just a single lick from her dominating tongue, you feel a shiver course through your entire body as you hold yourself back from cumming onto her tongue already.",
          "She pulls you back as she gives you a big grin, before she takes you by the feet and feeds your lower half into her mouth, letting your torso rest on her lips as your legs and pelvis dangle into her mouth.",
          "You rest for just a moment on Venefica's plush lips, savoring the soft, warm rest you've been placed on. Then as you are enjoying your rest you feel Venefica start to suck on you, like a sucker. The suction force of her mouth starts to pull on your body, causing your hardened dick to point into her mouth.",
          "As her suction dies down, Venefica brings her tongue up to your dick, gently rubbing her wet tongue all over your dick as she revels in your moans.",
          "You let her tongue have its way with your dick, as it rubs back and forth, barraging it in its overpowering warmth and soft sensations.",
          "As she massages your dick with her tongue, Venefica also continues to suck on your body, pulling you deeper into her mouth bit by bit, but you hardly notice as the suction force of her mouth continues to arouse your cock, causing you to almost instantly be on the verge of cumming.",
          "Unable to resist the strength of Venefica's mouth, you fire a load directly onto the massaging tongue, causing Venefica to reflexively swallow. This act causes her to pull your body fully into her mouth.",
          "As Venefica holds you in her mouth she pauses to let her tongue bat around your tiny form, pressing you into the roof of her mouth with her tongue and sliding you all around her mouth.",
          "She spends the next few minutes toying with you in her mouth, and occasionally she'll place you in the way of her teeth and gently bite down on you, letting the gentle act of her biting you trigger a strange amount of arousal in you.",
          "Finally, as she grows bored of playing with you in her mouth she forces your head back out between her lips, and sucks one last load from your cock before she spits you onto her hand.",
          "Saliva drips from your body as Venefica takes a towel and slowly cleans you dry, before setting you down on a stool and letting you grow back to normal size.",
          "As you return to your normal state Venefica hands you a bag of eros and thanks you for keeping her entertained. Dazed and exhausted from your encounter you head back to town.",
          "ChangeEros", "5000"
          ]
      },
      {
        "NameOfScene": "Venefica has some new ideas about what to do with you.",
        "theScene": [
          "JumpToEventThenScene", "Venefica's Size Fuckery", "EventStart"
        ]
    }
    ]
}
