{
    "name": "Mile High Club",
    "CardType": "Event",
    "CardLimit": "1",
    "Description": "A Harpy has a wonderful new idea.",
    "requires": [""],
    "requiresEvent": [
      {
      "NameOfEvent": "Cut Down to Size",
      "Progress": "1",
      "ChoiceNumber": "-1",
      "Choice": ""
      }
    ],
    "Speakers": [
        {
            "name": "Harpy",
            "postName": "",
            "SpeakerType": ""
        }
    ],
    "EventText": [
      {
          "NameOfScene": "EventStart",
          "theScene": [
          "As you make your way through the mountains dangerous twists and turns, you eventually come upon a lone Harpy.",
          "DisplayCharacters",
          "1",
          "EndLoop",
          "She seems to be plotting something as she keeps giggling to herself and muttering something.",
          "With nowhere to hide, she turns around and sees you approaching and starts to run up to you. As she approaches you can hear her asking a question, but can't hear the words, how do you respond?",
          "Menu",
          "Yes",
          "No",
          "EndLoop"
          ]
      },
      {
          "NameOfScene": "Yes",
          "theScene": [
            "ChangeImageLayer", "Expression", "1", "Excited",
          "Not sure of what you're agreeing to, you call out a yes to the Harpy, and hear her squeal in joy as she breaks into a sprint running towards you.",
          "Just before she reaches you, you hear her call out a magical phrase that causes your curse mark on the back of your neck to start glowing, and you start rapidly shrinking to only a few inches tall.",
          "The now giant Harpy stands over you, her generally short stature now dwarfing you many times over.",
          "Without saying a word, the Harpy darts a foot out towards you and grabs you with her dextrous talons.",
          "Confused as to your situation, everything becomes clear as you see the Harpy start to bring you up towards her pussy.",
          "JumpToScene",
          "Coochie Mama"
          ]
      },
      {
          "NameOfScene": "No",
          "theScene": [
            "ChangeImageLayer", "Expression", "1", "Panic",
          "You refuse to agree to something you aren't even sure of, and in response the Harpy lets out an angry screech and charges at you, eager to knock you to the ground",
          "You brace yourself, and prepare to dodge her attempt.",
          "StatCheck",
          "Technique",
          "Pass",
          "Fail",
          "Get Rekt Kid",
          "EndLoop"
          ]
      },
      {
          "NameOfScene": "Pass",
          "theScene": [
          "With expert timing you manage to sidestep out of the way of the speeding bird-girl and let her soar past you.",
          "Rather than make a second pass at you, the Harpy starts to pout and flies away.",
          "You take a second to calm your nerves before continuing your trip up the mountain."
          ]
      },
      {
          "NameOfScene": "Get Rekt Kid",
          "theScene": [
            "ChangeImageLayer", "Expression", "1", "Lewd",
          "You try to evade the Harpy at the last second, but lose your footing at just the last second. As you stumble you get caught by the Harpy, who shouts a magic phrase directly in your face.",
          "The mark on the back of your neck activates, and within seconds you find yourself shrunk to a few inches in height, trapped in the clawed talons of the Harpy.",
          "You panic, but can't escape her grasp as she starts to bring her foot up to her pussy.",
          "JumpToScene",
          "Coochie Mama"
          ]
      },
      {
          "NameOfScene": "Coochie Mama",
          "theScene": [
          "You are stopped just short of the Harpy's waiting pussy, and you can feel the heat radiating from her as she holds still.",
          "The Harpy above you giggles as she lets out a command to you.",
          "ChangeImageLayer", "Expression", "1", "Base",
          "Speaks",
          "All passengers aboard my foot must depart and change carriers to my pussy. I thank you for taking part in the Mile High Club today.",
          "With her words she lets the top talon of her foot relax, and you can move your arms enough to pull yourself out of her grasp.",
          "As you slip out of her foot's grasp on your body, you gaze up at the pussy that seems eager to devour you, and decide that risking an angry Harpy isn't worth it and jump up into her pussy.",
          "Your head makes contact with it first, and you are surprised as the rest of your body dangles, before the Harpy starts to flex her pelvis, causing her pussy to retract and start to pull you up into her.",
          "Slowly, your body is devoured by the Harpy's massive pussy until you are fully submerged. The Harpy lets out a sigh of pleasure and starts to flap her wings.",
          "Speaks",
          "Ahhhh, now that all passengers are secure, it's time for the true challenge of the Mile High Club! Survive in my pussy until I land again!",
          "You freeze up inside her, is she serious? You start to sweat and get nervous, but hear the Harpy talking again.",
          "ChangeImageLayer", "Expression", "1", "Excited",
          "Speaks",
          "Ready? Well I can't hear if you are or not, but let's get started right now!",
          "And with that, the Harpy takes flight with you trapped inside. You can feel each flap of her wings start to shift you around her pussy, and threatens to slowly push you out.",
          "Afraid of how high the fall may be, you start to fight against gravity and the shifting of the Harpy, and constantly try to pull yourself deeper and deeper into her pussy to stay inside at all costs.",
          "You feel yourself struggling to find hold in the massive pussy of the Harpy girl, and with each frantic movement of your body you can only feel her getting wetter and wetter.",
          "ChangeArousalByPercent", "25",
          "ChangeEnergyByPercent", "-15",
          "As you fight against the pressure of the world trying to pull you out of the Harpy, you stick your arms and legs out as far as they go, bracing yourself against the soft flesh. The ensuing moan from the Harpy sends shivers down your spine as your panicked state starts to enjoy the sensation.",
          "Your enjoyment is interrupted as the Harpy seemingly messes up her wing beat, and tumbles through mid-air for a second, causing you to lose your bracing and slam forward, bringing your face into the walls of her pussy.",
          "The Harpy closes her wings tight to her as she starts to pick up speed, before she spreads them back open and sharply swings back up into the air in one fluid motion.",
          "ChangeArousalByPercent", "25",
          "ChangeEnergyByPercent", "-15",
          "The swing in velocity and direction jumbles you around, but you find that you now remain solidly pressed against the walls of the giant vagina, which pulse and massage over you.",
          "After her beautiful maneuver in the air, the Harpy starts to slow down and seeks to land, panting heavily from the experience of flying while carrying a living sex toy taking a toll on her. You take the opportunity to tease her as you massage her pussy as she seeks to land.",
          "The Harpy starts rubbing her legs together and flexes her pelvic muscles in response, fighting hard to keep you still as she starts to land.",
          "ChangeArousalByPercent", "25",
          "ChangeEnergyByPercent", "-15",
          "Her efforts to keep you still work as you are sandwiched firmly on all sides by her pussy, and the only thing you can do is wait as the smooth, warm walls of her pussy shift and grind against every part of your body.",
          "With an excited gasp the Harpy finally lands and relaxes herself, unsticking you from her pussy and letting you unstick your face from her pussy.",
          "You start to crawl out now that she is standing still, and find that while you were in the air you somehow got turned around, and fall headfirst into her waiting foot as she lowers you back to the ground.",
          "Speaks",
          "Teehee, hope you had a great flight. I would like to congratulate you as my first, and likely only, member of my vagina's mile high club! Please fly with me again sometime!",
          "As the Harpy takes off you slowly grow back to normal, and continue your journey with an increased fascination with heights."
          ]
      }
    ]
}
