{
    "name": "Haunting Caverns",
    "CardType": "Event",
    "CardLimit": "1",
    "Description": "A shrinking encounter with a Ghost",
    "requires": [""],
    "requiresEvent": [
      {
      "NameOfEvent": "Cut Down to Size",
      "Progress": "1",
      "ChoiceNumber": "-1",
      "Choice": ""
      }
    ],
    "Speakers": [
        {
            "name": "Ghost",
            "postName": "",
            "SpeakerType": ""
        }
    ],
    "EventText": [
        {
            "NameOfScene": "EventStart",
            "theScene": [
                "You are walking through the Caverns, looking for the correct route to continue onwards with your journey. It should have been easy but your thoughts are continually interrupted by an eerie wailing sound echoing off in the distance.",
                "You know it's the Ghosts who dwell within the caves, and every time you turn around to get a glimpse of one, you can only catch the sight of their outlines fading away behind some rocks. You roll your eyes and move onwards.",
                "DisplayCharacters",
                    "1",
                "EndLoop",
                "ChangeImageLayer", "Expression", "Ghost", "Spooky",
                "Just as you make it to the entrance of another part of the cave systems, you hear a Ghost let out an 'OoOoOohhhh' directly into your ear. You whirl around and try to stand face to face with them, but you spin too fast and end up startling the ghastly slime woman, and she fires off a beam of pink energy at you.",
                "As the energy courses through your body, you find your curse mark has activated and you are rapidly shrinking down to size. The Ghost looks at you confusedly as you stand at only a few inches in height and she picks you up off the ground.",
                "ChangeImageLayer", "Expression", "Ghost", "Smug",
                "Speaks",
                    "Eheh, whoops... Guess uh, guess I haunted ya a bit too good huh?",
                "The Ghost rubs her hand behind her head as she holds you in her thin hands. Just standing on her palm you feel like you could almost fall through the slimy woman, and you struggle to keep yourself from sinking through her palm.",
                "The Ghost notices this and uses some magic to levitate you above her hand, apologizing for almost letting you slip through. However, the longer she watches your body, the greater the smile on her face as an idea suddenly pops into her head.",
                "ChangeArousalByPercent", "15",
                "ChangeImageLayer", "Expression", "Ghost", "Excited",
                "The Ghost licks her lips as she raises you above her mouth, and unceremoniously drops you inside. You thrash and struggle inside of this Ghost woman's mouth as her tongue presses into your body, sending you up against the roof of her squishy mouth.",
                "ChangeArousalByPercent", "15",
                "ChangeImageLayer", "Expression", "Ghost", "Smile",
                "As you are pressed into the roof of this Ghost's mouth, you feel tendrils of her slimy body slowly wrap around you and pin you in place inside of her mouth. She lets out a laugh as you alter the pitch and sound of her haunting noises, as she tries out a few different ones.",
                "ChangeArousalByPercent", "15",
                "As she continues to make her spooky noises, you notice that her tongue flicks around in her mouth as she does so, slapping and licking at your exposed manhood with force that sends explosive shivers of pleasure through your body.",
                "ChangeArousalByPercent", "15",
                "ChangeImageLayer", "Expression", "Ghost", "Horny",
                "You fight to hold back a moan, but as her tongue sails forward and batters your cock again, you let out an anguished cry of pleasure as you nearly cum from the impact of her wet appendage against your rock hard member.",
                "ChangeArousalByPercent", "15",
                "The Ghost giggles again as she closes her mouth, and begins to rub her tongue against your trapped body. She caresses your face and eagerly begins to send her tongue exploring the rest of your body.",
                "ChangeArousalByPercent", "15",
                "As the Ghost uses her tongue to lick all over your body, your struggles cease as her gentle tongue begins to rub over your cock again, and it's all you can do to let soft moans flow from your body and into the Ghost's cavernous mouth.",
                "ChangeArousalByPercent", "20",
                "ChangeImageLayer", "Expression", "Ghost", "Excited",
                "Finally, the Ghost slams the full width of her tongue against your body and begins to rub it back and forth, stroking your whole body over and over again as she loses control of herself from dominating you.",
                "ChangeArousalByPercent", "25",
                "You try to resist as best as you can, but the Ghost's tongue is simply too powerful and you end up crying out as your cock spurts out with an orgasm that barely registers to the Ghost, except for the feeling of your cum being absorbed into her body.",
                "PlayerOrgasm", "1",
                "Your orgasm leaves you exhausted and tired inside of her mouth, and you go limp as she savors the feeling of your tiny cum being broken down into her body, letting you fall from your restraints.",
                "ChangeImageLayer", "Expression", "Ghost", "Smug",
                "You land on her tongue and begin to bounce further down the 'throat' of the Ghost, falling through an unidentifiable gray mass of slime as the Ghost never learned what internal organs look like, and gave up trying to replicate them.",
                "Eventually you fall out through the tail wisp of the Ghost who gives you a wink and carries onward, satisfied with her meal and the experience of 'eating' you.",
                "You shake the experience from your head and continue onwards."
            ]
        }
    ]
}
