{
    "name": "Rematch with Haruka",
    "CardType": "Event",
    "CardLimit": "1",
    "Description": "Haruka is still skulking around the mountain, waiting to pounce.",
    "requires": [""],
    "requiresEvent": [
        {
            "NameOfEvent": "Rivalry Challenge",
            "Progress": "2",
            "Choice": "",
            "ChoiceNumber": "-1"
        }
    ],
    "Speakers": [
        {
            "name": "Haruka",
            "postName": "",
            "SpeakerType": ""
        }
    ],
    "EventText": [
        {
            "NameOfScene": "EventStart",
            "theScene": [
            "You trek through the mountainside, following the trail before you when you bump into a familiar woman.",
            "DisplayCharacters",
                "1",
            "EndLoop",
            "As you step up to Haruka she spins around and looks at you, and immediately prepares herself as she lowers herself into an attack position.",
            "Speaks",
            "Oh it's you again! Beat me once and now you think you'll just get an easy repeat? Hah, I don't think so. Come on and fight me!",
            "Menu",
                "Fight normal size",
                "Fight her while shrunken",
            "EndLoop"
            ]
        },
        {
            "NameOfScene": "Fight normal size",
            "theScene": [
            "You tell Haruka that she's not enough of a threat for you to care either way. Enraged, Haruka gives you an angry look and approaches you.",
            "Speaks",
            "Very well, and to the winner go the spoils!",
            "CombatEncounter",
                "NoRunning",
                "Haruka",
            "StartCombat",
            "With Haruka defeated, you continue on your trek through the mountains."
            ]
        },
        {
            "NameOfScene": "Fight her while shrunken",
            "theScene": [
            "You tell Haruka that shrinking you wouldn't improve her chances anyway, so in a fit of rage Haruka mutters an activation phrase and you watch as you dwindle in size until you have to crane your neck to look at the titanic futa.",
            "Speaks",
            "There, now lets see if you can talk trash from all the way down there!",
            "CombatEncounter",
                "NoRunning",
                "Giantess Haruka",
            "StartCombat",
            "With the giantess Haruka momentarily defeated, you rush away grow back to normal. By the time you return to normal Haruka has already fled."
            ]
        }
    ]
}
