{
    "name": "Flower Fields",
    "CardType": "Event",
    "CardLimit": "1",
    "Description": "A shrinking encounter with an Alraune",
    "requires": [""],
    "requiresEvent": [
      {
      "NameOfEvent": "Cut Down to Size",
      "Progress": "1",
      "ChoiceNumber": "-1",
      "Choice": ""
      }
    ],
    "Speakers": [
        {
            "name": "Alraune",
            "postName": "",
            "SpeakerType": ""
        }
    ],
    "EventText": [
        {
            "NameOfScene": "EventStart",
            "theScene": [
            "As you continue your journey through the forest, you eventually come across a vast field of flowers. The colorful plants sway and swing with the breeze in an alluring pattern as the wind catches them, and you are about to continue your journey onwards when a delightful smell hits your nostrils.",
            "An overwhelmingly sweety scent of roses and vanilla strikes your nose, and despite your better judgment begins to lead you towards a patch of pink roses. You struggle and try to break free of this tempting fragrance.",
            "StatCheck",
                "Willpower", "19", "ScentPass",
                "Fail", "ScentFail"
            ]
        },
        {
            "NameOfScene": "ScentPass",
            "theScene": [
                "You manage to stop your feet from moving any closer to the flower patch, unsure of what came over you. You shake your head to rid yourself of these thoughts and begin to move onwards when an Alraune rises from the flowerbed, looking rather upset.",
                "DisplayCharacters",
                    "1",
                "EndLoop",
                "ChangeImageLayer", "Expression", "1", "Anger",
                "Speaks",
                    "Hey! Is that any way to treat a girl! You're just gonna walk past without even giving her a sniff?",
                "The Alraune's hands shake as they clench them in anger, and you see magical energy begins to swirl out from inside their large flower.",
                "Speaks",
                    "Well fine! I'll just have to make you endure the scent you don't even want!",
                "The Alraune unleashes the magical energy that was built up inside her and you flinch as it washes over you, triggering your shrinking curse and causing you to dwindle down to only a few feet in height. The Alraune claps her hands together as she commands several vines to bring you closer to her.",
                "ChangeImageLayer", "Expression", "1", "Happy",
                "Speaks",
                    "Oh excellent! I can't wait to see what kind of fun we'll have together!",
                "She grabs you from the vines and begins to close up the large pink flower that she resides within, only leaving her head exposed. You find yourself buried in the hot interior of the Alraune's rose, clenched tightly in her hand and struggling to look around as the darkness around you makes it hard to make out your surroundings.",
                "ChangeArousalQuietly", "25",
                "ChangeImageLayer", "Expression", "1", "Seductive",
                "Your senses are tired, and dulled as an incredibly powerful scent begins to emanate from the Alraune and you find yourself longing to bring yourself closer to the source of this erotic scent. Your desires are met as well, as the Alraune slowly begins to move her hand containing your tiny body lower and lower, until you are positioned just outside of her floral pussy.",
                "ChangeArousalQuietly", "25",
                "You take a deep breath as the heat pulsing off of her quivering pussy fills your body with a relaxed warmth, and you find yourself surrendering to the Alraune's grip as you long for the taste of her pussy.",
                "ChangeArousalQuietly", "25",
                "ChangeImageLayer", "Expression", "1", "Pleasured",
                "The Alraune meets your demands as she brings you closer and closer to her dripping wet sex, and as your face makes contact with her body, you can feel a shiver course through her body as your head brushes against her massive lips.",
                "ChangeArousalQuietly", "25",
                "You turn to face your head against the mass of pulsing, wet flesh and without hesitation you begin to press your tongue against the walls of the Alraune's body, eliciting another shiver of pleasure as she gets turned on by the tiniest movements of your body.",
                "ChangeArousalQuietly", "25",
                "You continue to lick at her over and over again, letting the tiny feelings of your tongue brush against this Alraune's pussy as her juices flow happily down your throat. You swallow and lap at her with pleasure as you feel yourself getting drunk off of her pussy juices.",
                "ChangeImageLayer", "Expression", "1", "NectarKiss",
                "Finally, the Alraune can take it no longer and shoves you deeper into her wet depths. Your head and torso easily glide into her pussy, and as she presses on the bottom of your feet to fit the rest of you inside, you eagerly begin to squirm and kiss the insides of the Alraune's pussy.",
                "She lets out a pleading moan as she practically begs for you to keep going and making her feel good, and you oblige with vigor as your struggles increase in intensity, and the Alraune responds by using one hand to cup her massive breasts, rolling and squeezing them in response to your motions.",
                "ChangeArousalQuietly", "25",
                "The Alraune also keeps her other hand by her pussy, and as she begins to rub the entrance to her honeypot you can feel the shivers of her body, causing her pussy to shake and tense up. The constant changes in movement and pressure causes her pussy to rub against you, bringing you great pleasure.",
                "You let a moan escape from your lips as your stiff member is forced against the soft, slippery walls and without even thinking you begin to grind your hips against the interiors of the Alraune's pussy.",
                "ChangeArousalQuietly", "25",
                "The two of you tango together in pleasure, with the Alraune letting out soft, blissful moans as she falls in love more and more with the movements of your body. You continue to struggle inside her depths, using your hands, legs, and body to pleasure the Alraune as you continue to also kiss and lick at her expansive pussy.",
                "Exhaustion tries to pull at your body, the heat and exertion you've been going at for these past few minutes should have caused you to slow down, or feel any amount of tired. But, having the Alraune's pussy nectar flowing through your body has left you insatiably horny, and the pleasures of your body continue to mount more and more.",
                "ChangeImageLayer", "Expression", "1", "Pleasured",
                "The Alraune, however, cannot take the pleasures your struggles are bringing her much longer, and her breathing grows faster and she begins to pant as her hands speed, and she begins to beg you to work faster and faster.",
                "You acquiesce and struggle faster and faster, thrusting your cock into the folds of her pussy with force and vigor until the two of you can't hold it in any longer, and the Alraune lets out a long, bellowing moan that she tries to muffle into her flower as her orgasm rocks through her pussy.",
                "As the flood of orgasmic juices wash through the Alraune's body, you also find yourself cumming and instead of crying out in pleasure, you and your insignificant seed are washed away out of the Alraune's body by the force of her orgasm.",
                "PlayerOrgasm", "2",
                "You fall out of the Alraune's body, landing in the depths of her flower by her dainty feet. The aphrodisiac present within her pussy juices has left you completely horny and wishing for more, but the Alraune is struggling to stay awake and passes out before long.",
                "You climb out of her flower, still feeling the incredible effects of her aphrodisiac and begin to move on."
            ]
        },
        {
            "NameOfScene": "ScentFail",
            "theScene": [
            "You can't resist the alluring scent of the flowers as you bend over and deeply inhale. The sweet, aromatic scent floods your body and you are filled with bliss as you let out a sigh.",
            "Just as you are about to pull back and stand up straight again, an Alraune pops out of the flowers you were just smelling, pulling you into a deep kiss after your sigh. She lets out a giggle as you struggle against her surprise kiss, but her tongue floods into your mouth and you feel a liquid flow from her mouth down your throat.",
            "DisplayCharacters",
                 "1",
            "EndLoop",
            "ChangeImageLayer", "Expression", "1", "Happy",
            "ChangeArousalQuietly", "25",
            "The nectar flowing down your throat works instantly, and your cursemark flares to life as you shrink smaller and smaller, before your tiny body is plastered against the plump lips of the Alraune. She uses her fingers to grab you by the back of your neck and dangle you in front of her face.",
            "Speaks",
                "I can't believe my plan actually worked! Thank goodness you stopped to smell the roses, am I right?",
            "ChangeArousalQuietly", "12",
            "ChangeImageLayer", "Expression", "1", "Caring",
            "The Alraune giggles again as she blows you a kiss, and the sweet, cool air passing from her lips washes over your body and causes your already erect penis to twitch and throb at the stimulation, and you feel the nectar coursing through your body driving you wild with lust.",
            "Speaks",
                "Oh poor little thing, you must be so horny right now. Come here, I'll give you some sugar.",
            "ChangeArousalQuietly", "25",
            "ChangeImageLayer", "Expression", "1", "NectarKiss",
            "The Alraune presses your body into her lips again, your tiny cock passing into the gap of her mouth and you shiver as you feel her hot, wet tongue press against your body. The Alraune begins to slowly and deliberately lick up and down along your torso, stopping to drag it over your dick from time to time.",
            "ChangeArousalQuietly", "25",
            "The motions of her tongue feel incredible, and the heightened sensitivity of your body means that every time her tongue presses against your body you feel yourself fall deeper and deeper into pleasure.",
            "ChangeArousalQuietly", "25",
            "Suddenly, the Alraune adjusts you and uses her tongue to press your cock against your stomach, frantically licking at you over and over again. The sudden intensity sends an explosive wave of pleasure through your mind and you can do nothing but helplessly cum into the mouth of the giant flower-woman.",
            "PlayerOrgasm", "1",
            "ChangeImageLayer", "Expression", "1", "Dominant",
            "The Alraune feels your shuddering orgasm and pulls you away, licking her lips as her saliva effortlessly absorbs your cum and she gives you a sweet smile.",
            "Speaks",
                "Teehee, I hope you don't think we're done just yet, I want to see what you're made of.",
            "ChangeArousalQuietly", "25",
            "The Alraune lowers you further down her body until you stand in front of her massive breasts. At your size they're bigger than houses, and your throbbing erection commands you to fling yourself at them.",
            "ChangeArousalQuietly", "25",
            "ChangeImageLayer", "Expression", "1", "Seductive",
            "You leap from the Alraune's hand, much to her surprise, and cling tightly to the massive orange nipple of her body. It's already erect and emitting an intensely sweet scent that only drives you deeper into your feelings of lust as you position your cock over the entrance of her nipple.",
            "ChangeArousalQuietly", "25",
            "ChangeImageLayer", "Expression", "1", "Pleasured",
            "You thrust your hips forward, and the Alraune gasps in a surprised, but pleased tone as you begin to fuck her nipple with overwhelming vigor. The sensitive nipples of the Alraune sway and depress with the thrusts of your hips as you wildly flail your hips against them.",
            "ChangeArousalQuietly", "25",
            "You can no longer feel anything but the pleasure of fucking this Alraune's nipple. You bury your face into her breast and can only let out grunts of pleasure as your body feels no closer to cumming than it did mere minutes ago before being shrunk.",
            "ChangeArousalQuietly", "25",
            "Your thoughts begin to vanish, and instead only the picture of this Alraune's tits dominate your mind as you begin to kiss and lick the green-skinned breast you are humping. Your body burns for release, but as you thrust and thrust and thrust you feel like you might never cum.",
            "ChangeArousalQuietly", "25",
            "But finally, you finally feel the pressure that has been building up in your loins for some time now come rushing out all at once, and you press your face deep into the Alraune's tit as you release a massive orgasm into her nipple.",
            "PlayerOrgasm", "2",
            "ChangeImageLayer", "Expression", "1", "Happy",
            "You continue to thrust and thrust as you milk the entirety of your orgasm out into the Alraune's nipple, and she lets out a smug laugh as she pulls you away from her nipple. As you are pulled away, the nectar driving you wild finally fades from your system and exhaustion takes over. The Alraune sets you down on a nearby tree stump and plants a big kiss on your body before wandering off.",
            "You rest for just a minute as you recover your stamina and grow back to normal size before leaving again on your journey.",
            "ChangeSpirit", "1"
            ]
        }
    ]
}
