{
    "name": "Kunoichi's Hallway Dojo",
    "Addition": "Yes",
    "Speakers": [
    ],
    "EventText": [
      {
          "NameOfScene": "I'm sure.",
          "theScene": [  "ChangeImageLayer", "Expression", "1", "Dominant",
                        "Shizu's eyes glimmer as she smiles through her facemask, and she raises her head as her voice suddenly rings throughout the hallway.",
                        "ChangeBGM", "music/Loss/Falling Down.mp3",
                        "Speaks",
                        "Students! [ThePlayerName] has volunteered to help teach a hands-on lesson! Gather around me if you wish to partake in it!",
                        "DisplayCharacters",
                          "1",
                          "4",
                          "5",
                          "4",
                          "5",
                          "4",
                          "5",
                          "4",
                          "5",
                          "4",
                        "EndLoop",
                        "ChangeImageLayer", "Expression", "1", "Dominant", "ChangeImageLayer", "Expression", "2", "Smug", "ChangeImageLayer", "Expression", "3", "Excited", "ChangeImageLayer", "Expression", "4", "Excited", "ChangeImageLayer", "Expression", "5", "SmugEvil", "ChangeImageLayer", "Expression", "6", "Smug", "ChangeImageLayer", "Expression", "7", "Smug", "ChangeImageLayer", "Expression", "8", "Smug", "ChangeImageLayer", "Expression", "9", "Smug", "ChangeImageLayer", "Expression", "10", "Excited",
                        "Almost every trainee in the room immediately drops what they're doing as they immediately swarm you and Shizu, and within moments you're completely surrounded by a horde of eagerly chattering women.",
                        "Speaks4",
                        "Did sensei say that [ThePlayerName] volunteered for this himself? I knew he was a pervert!",
                        "Speaks5",
                        "This is going to be so much fun! I can't wait!",
                        "Shizu leans forward and speaks in a low voice so that only you can hear her as all of the trainees continue to buzz with excitement.",
                        "ChangeImageLayer", "Expression", "1", "Caring",
                        "Speaks",
                        "This is your last chance to walk away from this if you want to.",
                        "Menu",
                          "Help 'teach' the Sex and Teamwork Lesson",
                          "Help 'teach' the Blowjob and Energy Draining Lesson",
                          "Help 'teach' the Paizuri Lesson",
                          "Help 'teach' the Foot Play Lesson",
                          "HideOptionOnRequirementFail", "RequiresPerk", "Minimize",  "Help 'teach' the Shrunken Target Lesson",
                          "'On second thought...'",
                        "EndLoop"

                    ]
      },
        {
            "NameOfScene": "Help 'teach' the Shrunken Target Lesson",
            "theScene": [
            "ChangeImageLayer", "Expression", "1", "Sinister",
            "Shizu's eyes light up, but her composure returns as she starts to talk to you again.",
            "Speaks",
            "Excellent, I will warn you now that this lesson will be very thorough, and that you chose to do this to yourself.♥",
            "She ends her sentence with a wink as she looks out to her students and with a quick whistle summons them to where you two are standing.",
            "Speaks",
            "Today students, we have a very special proposition as [ThePlayerName] has volunteered to showcase a once in a lifetime chance of how to interact with a shrunken target!",
            "Hushed whispers and giggles flow through the crowd, and even Shizu has difficulty refocusing them as she moves closer to you, before doing a few quick hand signs and placing her palm on your chest.",
            "The effect is near instant as you immediately plummet in height, regaining your senses at only a few inches in height.",
            "The surrounding kunoichi trainees coo and make several remarks that you can't quite make out, as you gaze up at the now super-sized ninja master, and you see in her eyes a devious lustfulness.",
            "She reaches down and effortlessly picks you up between two of her graceful fingers, and brings you even with her ample bosom as she lets you rest on her palm.",
            "In a sultry tone she whispers down towards you",
            "Speaks",
            "I hope you're ready to experience the full course, my little instructor.",
            "JumpToScene",
            "Full Course"
            ]
        },
        {
            "NameOfScene": "Full Course",
            "theScene": [
            "Speaks",
            "First off class, we'll start with using a body part many of you should already be thinking about using on a tiny target: your feet.",
            "With that, the giant ninja turns her hand over, letting you fall from her palm until you land on her foot, which had already gotten out of her metal greaves.",
            "Speaks",
            "It is important to remember that, due to the tiny size of your target, they will be far more susceptible to the perfumes laced into your socks, but you must be far more precise in the movements of your feet and toes. Observe.",
            "ChangeArousalByPercent",
            "35",
            "Shizu then knocks you off the top of her foot, letting you fall back first onto the floor. You aren't given a chance to recover as the massive stockinged foot of Shizu quickly descends onto your body, covering you under the ball of her foot as she slowly puts her weight onto you.",
            "Speaks",
            "Now class, when your target is small enough to conceal beneath your feet there are many options you could take: you could stuff them into your socks, use them as insoles in your shoes, but in order to extract the most from your target you must be very careful and precise about this technique.",
            "ChangeArousalByPercent",
            "35",
            "As she speaks her foot lessens the pressure on you just enough to allow her big toe to slowly slide across your body, before resting on your rock-hard member. Shizu lets out a low chuckle as her toe softly moves back and forth on your cock, eliciting a moan that goes unheard at your size.",
            "Speaks",
            "A tiny target is harder to pleasure with large, wide sweeping strokes of your feet. Instead, aim for subtle movements of a smaller digit to pleasure the tiny target.",
            "ChangeArousalByPercent",
            "35",
            "Her toe continues to effortlessly massage your dick. The graceful movements of just Shizu's toe has you already on the brink of cumming. You start to breathe faster as your body experiences this pleasure, and you start to breathe in the perfumed scent of Shizu's stockings.",
            "ChangeArousalByPercent",
            "35",
            "The powerful aphrodisiac spread throughout her stockings works its way through your tiny form at a heightened rate. You can feel your skin warming as your blood starts to rush and your heart beats faster and faster as the thrilling sensation of Shizu's toes continues to arouse you.",
            "PlayerOrgasm",
            "2",
            "You can't take it any longer as you let out a cry of ecstasy as you release a microscopic amount of cum onto Shizu's toe. The ninja notices your actions and smiles, as she lifts her foot off you completely.",
            "Speaks",
            "Seems like the first lesson was a success. Now, in order to ensure we wring everything out of our target we must give him a cooldown period while keeping him aroused. So for the second step of this lesson I will use my bodysuit to trap him against my thighs.",
            "As she says this, she bends down and grabs your body off the ground and slowly stands back up, but holds you at waist level as she undoes a secret part of her bodysuit, and deposits you against the interior of her thighs.",
            "Shizu closes her bodysuit back up and starts to move her leg, holding it stretched forward to show the class the small bump you leave in the dark colored material.",
            "Speaks",
            "Thanks to the form-fitting material of this suit, [ThePlayerName] won't be going anywhere anytime soon. This would be great if you need to relocate your target, but for this lesson I'll show you how to further pleasure your target.",
            "ChangeArousalByPercent",
            "35",
            "In the confines of Shizu's bodysuit you can feel the tight latex stretch around you, pushing you against her soft thighs as they dome in slightly under your pressure.",
            "ChangeArousalByPercent",
            "35",
            "The heat and sweaty scent of her legs makes it to you first, before the aphrodisiac infused scent of her perfume starts to invade your mind, which momentarily short circuits your brain as you stop struggling against your surroundings.",
            "Speaks",
            "As you can see, thanks to his short stature, [ThePlayerName] is completely unable to defend himself against the power of the perfume laced throughout my suit, and now we can start to work on him with our legs.",
            "ChangeArousalByPercent",
            "35",
            "Saying this, Shizu's legs start to shift as she brings them closer together, before crossing one leg over the other so she stands with her thighs rubbing together. You feel the pressure of the second leg sandwich you between the two giant pillars of flesh, and feel the soft fabric grinding against your still hard cock.",
            "You would let out a moan, but the thighs pressing down around you have you trapped so deeply you can hardly move, not that anyone could have heard you anyway.",
            "Speaks",
            "Now class, the good thing about working with a smaller target is that also your movements can be smaller. Watch closely.",
            "ChangeArousalByPercent",
            "35",
            "Shizu slowly starts to shift her legs up and down, slowly shifting weight so to drag out the experience of her gargantuan thighs jerking you off until you succumb to the latent aphrodisiac scent still kicking around in your brain and all the stimulus from her legs.",
            "PlayerOrgasm",
            "2",
            "You fire a load of cum against the tight pants of Shizu, who stops moving her legs shortly after and separates her legs, showing you off to the class again, as they see an incredibly small wet spot on Shizu's leg.",
            "Speaks",
            "Now of course just like any other sexual activity it will be messy, but thankfully, tiny targets make far less of a mess than a regular sized target would do. Anyways, now that we have [ThePlayerName] properly warmed up, how about we move to the main course?",
            "Shizu opens the hole in her suit again, and pulls the material away long enough to grab hold of you and move you so that you are positioned right in front of her pussy. Your eyes widen, but your aroused brain keeps you from resisting against Shizu.",
            "ChangeArousalByPercent",
            "35",
            "Slowly, and in full view of her class, Shizu brings your face to the quivering, wet lips of her pussy and spends a few moments to rub you around, coating you in the thick, viscous juices.",
            "ChangeArousalByPercent",
            "35",
            "Letting out a small moan, Shizu then moves on by slowly bringing your head and shoulders into her cavernous pussy and twisting you around. Her pussy tenses up as she holds back a moan, before she finally inserts you all the way into her hungry pussy.",
            "ChangeArousalByPercent",
            "35",
            "As her pussy clenches around you and your member, you feel the pulsing flesh of her pussy massage and caress every inch of your body. This sensation is doubled by the intensity of the pressure as Shizu tries to compose herself, and tries not to have too much fun with you.",
            "Speaks",
            "S-s-s-so, class, as you can see this technique is vital for both yourself and your target, as it maximizes the amount of pleasure both of you will feel, and that should be helpful in making them cum directly into you.",
            "ChangeArousalByPercent",
            "35",
            "Her words cause slight tremors throughout her body, only noticeable to you because you are essentially drowning in her body, feeling every last movement and twitch of her pussy as it relentlessly works your pleasure stricken body.",
            "PlayerOrgasm",
            "3",
            "After a few more minutes, you can't help yourself as the soothing heat and relentless movements of Shizu's pussy pushes your cock to your limits, and you fire out a large load of cum into the wet mess of Shizu's womanhood.",
            "Shizu feels this and sighs in relief, as her fingers dart to her pussy and she fishes you out, holding you near her stomach as you wipe some of her pussy juices off your face.",
            "Shizu regains her composure soon enough and speaks to her class again.",
            "Speaks",
            "Now class, there is one area that you can place a tiny target if you feel that they are... misbehaving.♥ [ThePlayerName] has been a very kind assistant today and has behaved well, but I will use him as a demonstration anyways, and this will help him dry off as well before we go to the final lesson.",
            "Shizu starts to move and you can hear the chatter of her class, as well as some giggling, as you look up and see what awaits you as Shizu spreads her ass to reveal your destination: her asshole.",
            "Speaks",
            "No matter how much a man may love ass, there will always be a part of them that will not enjoy what is about to come next.",
            "With that, Shizu begins to bring you closer and closer to her asshole, until your head just barely comes into contact with it. Shizu feels you brush against your asshole and stops just long enough to teach another lesson.",
            "Speaks",
            "Now, when you have a target right here and you wanna truly break down their ego, have them kiss your asshole. Not only will this act humiliate and humble your target, but it also feels great for you, so there's no reason to not attempt it.",
            "ChangeArousalByPercent",
            "10",
            "Shizu has you hang in the air near her asshole for a second, before you realize what she wants you to do. Like a good assistant, you strain your head a little as you reach forward and give a small kiss to the pink asshole of Shizu.",
            "Turning her head to hide her blush, Shizu clears her throat.",
            "Speaks",
            "N-now, in order to properly punish a tiny target, you will completely trap inside your ass. With your training so far each of you should have the strength in your glutes to completely seal in a tiny target within your ass, leaving them no hope of escaping.",
            "ChangeArousalByPercent",
            "35",
            "Shizu emphasizes this by pressing your head into her asshole, until your head pushes into her and the rest of your body is soon pushed through as well. With your body fully inside, Shizu stands up straight, and lets her other hand holding one of her butt cheeks let go, sealing you inside the muscular ass of Shizu.",
            "ChangeArousalByPercent",
            "35",
            "The insides of Shizu's ass are intense, as an intense heat washes over you immediately, followed soon after by an incredibly powerful smell. The smell is enough to make you light-headed, and you fall to your hands and knees as Shizu continues her lesson.",
            "Speaks",
            "Now remember class, there are many ways besides insertion that allows you to use your ass on a tiny target. You could turn them into a thong for yourself and nestle them between your ass cheeks, or you could use them as a butt plug for a while. Make sure you really open your mind to the possibilities, since a tiny target is basically a once in a lifetime opportunity.",
            "ChangeArousalByPercent",
            "35",
            "As Shizu talks to her students, she's shifting her weight and shaking her ass just enough that it causes you to move and shift around her ass, eventually causing you to fall face first into the walls of her ass. You lift yourself up and try to pull yourself to a better position in her ass, but soon hear a distant gurgling.",
            "Speaks",
            "Also, there's a very unique technique that allows you to alter the location of where your Ero Mist spray comes from, and if you use it on a tiny target that is trapped inside your ass, the results could be catastrophic for such a tiny.",
            "Inside her ass, you frantically try to make your way to Shizu's asshole, only to find that she's flexing with all her might to keep you locked inside. With no hope of escaping, you take your last deep breath of clean air and accept your fate.",
            "ChangeArousalByPercent",
            "35",
            "Shizu shouts some words that you can't make out inside her ass, and before long you hear the rumbling inside her body intensify as you smell an incredibly powerful, yet sweet scent start to fill up Shizu's ass.",
            "ChangeArousalByPercent",
            "35",
            "You take a chance and try to breathe in the scent further, only for a powerful pink mist to rush through Shizu's ass, filling your lungs with the powerful aphrodisiac and immediately placing you under its spell.",
            "PlayerOrgasm",
            "4",
            "The overload of pleasure in your brain floods every inch of your body, and sends a searing amount of pleasure through your cock forcing you to cum relentlessly. Wave after wave of cum is lost to Shizu's ass as you lose control of yourself to the powerful ninja's ass.",
            "Eventually, the sensation passes but your body is still wracked with pleasure. Shizu's fingers enter her ass shortly after you finish as she pulls you from her anus.",
            "Speaks",
            "Now, if you haven't perfected this art yet I would try my best to avoid smelling your target after pulling them from your ass, but [ThePlayerName] smells perfectly fine thanks to my skill with the technique.",
            "To emphasize her point, Shizu makes a big deal of smelling you, as you lay in the palm of her hand resting after all this. Shizu seems to notice as she addresses the class.",
            "Speaks",
            "It seems like [ThePlayerName] has hit their limits, so for now I'll show you all how to engage in some aftercare for a tiny if you've grown attached to them and wish to ensure their safe recovery from an encounter with you.",
            "ChangeArousalByPercent",
            "35",
            "With that, Shizu pulls open the neckline of her bodysuit and deposits you inside, letting you fall and roll down her chest until you stop where the top of one of her breasts meets with the suit. Shizu lets go of her neckline and lets the suit snap back into place, sealing you inside.",
            "ChangeArousalByPercent",
            "35",
            "The fabric snaps shut around you, pressing you face first into Shizu's breast. The warmth of her boob feels great on your aching body, as well as the smooth, delightful sensation of your skin on hers.",
            "ChangeArousalByPercent",
            "35",
            "You snuggle up against the breast, and with a bit of time you make yourself comfortable against the giant tit. Shizu chuckles at your movements, and places her hand on her breast over you.",
            "ChangeArousalByPercent",
            "35",
            "Shizu places a finger gingerly on your back and starts to knead you bit by bit against her breast, letting your rock hard cock poke into her breast as it grinds back and forth.",
            "ChangeArousalByPercent",
            "35",
            "You gasp as Shizu's breast envelopes your dick, as each little motion steals you breath bit by bit until you feel yourself on the edge of cumming again.",
            "PlayerOrgasm",
            "2",
            "Shizu slowly builds up speed until you can't hold back any longer, and with your dick pressed against her tit you release every last bit of cum you have onto the giant boob.",
            "You stop resisting and go limp inside Shizu's bodysuit. Feeling this, Shizu looks out at her students and gives them a final address.",
            "Speaks",
            "Most tiny targets you come into contact with won't be as strong or resilient as [ThePlayerName] here is, so make sure to be careful with your tiny targets and alter your strategy as necessary. Class is dismissed.",
            "The kunoichi trainees disperse with some muttered words that you can't hear over your own labored breathing and Shizu's heartbeat. Shizu steps away from the area where the kunoichi train before she plucks you from atop her tit and sets you down on a soft rug out of sight of the ninja girls.",
            "Speaks",
            "I would like to thank you again for taking the time to allow me to demonstrate some skills and techniques to my students, [ThePlayerName]. You were a very handy person to have along for the day. Perhaps we could do this again sometime? Just come back here anytime and let me know.♥",
            "Shizu gives you a wink as she says this, and steps away to give you enough room to grow back to normal.",
            "Upon returning to normal size you feel a great sense of exhaustion overtake your body, overloaded by pleasure and aphrodisiacs you pass out almost immediately, sending you straight back to town.",
            "...",
            "ChangeFetish", "Feet", "15",
            "ChangeFetish", "Legs", "15",
            "ChangeFetish", "Sex", "15",
            "ChangeFetish", "Ass", "15",
            "ChangeFetish", "Breasts", "15",
            "GameOver"
            ]
        }
    ]
}
