{
    "name": "Bed Mimic",
    "Addition": "Yes",
    "Speakers": [
        {
          "name": "",
          "postName": "",
          "SpeakerType": ""
        }
      ],
    "EventText": [
        {
            "NameOfScene": "RoomMenu",
            "theScene": [
                "MenuAddition",
                  "HideOptionOnRequirementFail", "RequiresPerk", "Minimize",  "Rest in the bed with a side effect.",
                "EndLoop"
            ]
        },
        {
          "NameOfScene": "Rest in the bed with a side effect.",
          "theScene": [
            "Upon seeing the cozy, pink bed in the room you let out a yawn and decide that a nap couldn't hurt. You disrobe and slowly make your way inside the bed, and as you drift away into your nap you failed to notice your curse mark activating, shrinking you down inside the bed.",
            "You are in the middle of the bed, underneath the covers when you wake up. Your arms and legs are bound by some thin strands of rope as you try to sit up and you try to look around, only to hear a soft giggle echo through the bed.",
            "ChangeImageLayer", "Base","1", "Base",  "ChangeImageLayer", "Expression","1", "Smile", "ChangeImageLayer", "Face","1", "Base",
            "Speaks",
              "Teehee, I didn't even have to drain your energy this time to trap you, you just fell right into my perfect trap!",
              "ChangeImageLayer", "Expression","1", "SmugHappy",
              "Bed-Chan giggles at you as you continue to try and fight against her restraints. Her massive pink form rising over your tiny body as she lick her lips seductively.",
              "ChangeImageLayer", "Expression","1", "Caring",
              "Speaks",
              "Hmmm, I wonder what I should do with you? You're far too small for my breasts to have any fun with.",
            "ChangeArousalQuietly", "7",
            "ChangeImageLayer", "Expression","1", "Kiss",
            "She grab her gigantic breasts and begins to jiggle them in front of you, squeezing them in her hands as you watch them spill through her fingers. Your cock twitches and you ache as you long to feel her breasts press against your body.",
            "Speaks",
              "Orrrr, maybe I could bury you in my massive pussy? Would you like that? To have my soft, plushy pussy press onto your body and grind on top of you?",
            "ChangeArousalQuietly", "5",
            "Your cock twitches again and you start to nod your head in agreement, but Bed-Chan cups her ear and angles it at your body.",
            "ChangeImageLayer", "Expression","1", "AraAra",
            "Speaks",
              "Oh what was that? I couldn't hear you all the way down there. Please speak up.",
            "ChangeArousalQuietly", "8",
            "You open your mouth to try and respond to Bed-Chan, only for more threads to rise up from underneath you and gag your mouth with a ball of lint. You struggle and your voice is muffled as Bed-Chan looks down at you with a smug, happy look on her face.",
            "ChangeImageLayer", "Expression","1", "Pout",
            "Speaks",
              "Hmmmmm, I guess you don't really want my pussy. What to do with such a picky person?",
            "ChangeArousalQuietly", "10",
            "She begins to tap her finger against her cheek as she pretends to be lost in thought. She shifts and warps around the bed as she turns around and you see a massive ass form on her body as she bends over and presents it to you.",
            "Speaks",
              "Surely you wouldn't be turned on by my big, pillowy ass, right? Surely you don't want to be lost in the deep depths of my perfumed body and get a good rest inside me like this?",
            "ChangeArousalQuietly", "12",
            "ChangeImageLayer", "Expression","1", "SmugSadist",
            "She shakes her rear over your body, and your body yearns with lust as the voluptuous, cloth body of Bed-Chan entices you more and more. Your cock throbs and aches in response to her teasing, and you can already feel tension building in your groin.",
            "Speaks",
              "Still nothing? Well I don't really have any feet to ask about so I can't do that for you, but I do have something else I could try.",
            "ChangeArousalQuietly", "15",
            "Bed-Chan brings her face down close to yours, a smug look as she pulls the strings on your body even more taut. You can feel your body stretched to the maximum as she parts her lips and begins to blow onto your body.",
            "ChangeImageLayer", "Expression","1", "Kiss",
            "Speaks",
              "Pthooooo. Can you feel that? Doesn't it feel good to have a nice, cool breeze on your body?",
            "ChangeArousalQuietly", "15",
            "Your cock twitches as Bed-Chan continues to blow on it. The stimulation of her breathing sending shivers of pleasure coursing through your body with each passing breath. In between her focused, cool breaths, Bed-Chan opens her mouth wide and lets out a passionate moan, letting her hot, sensual breath wash over your body.",
            "ChangeImageLayer", "Expression","1", "Pleasured",
            "Speaks",
              "Oh dear, I'm so horny for you but there's nothing you want me to do to you. Whatever could I do to get you off?",
            "ChangeArousalQuietly", "15",
            "ChangeImageLayer", "Expression","1", "Smug",
            "With all of her words, her mouth so close to your aching cock, you watch as her tongue flicks out of her mouth and edges closer and closer to your body. But every time she pulls back before touching you, leaving you yearning and squirming in pleasure as her hot breath washes over your body.",
            "ChangeArousalQuietly", "15",
            "You squirm and struggle against the thin fibers pinning you against the bed, being forced to watch as Bed-Chan continues to massage her breasts as she opens her mouth and lets small moans bursts of hot breath wash over you. You bite down hard on the gag in your mouth as you try to call out to Bed-Chan, but your pleas fall on deaf ears.",
            "ChangeArousalQuietly", "15",
            "Her words barrage you with her breath constantly, as her mouth wanders closer and closer to you. You feel the perfume suffusing her body wash over you and soon your cock can't take it anymore and you let out a struggled, muffled moan as your cock twitches and fires drops of cum all over Bed-Chan.",
            "PlayerOrgasm", "2",
            "ChangeImageLayer", "Expression","1", "SmugHappy",
            "Bed-Chan giggles as you start to pant from the orgasm you just had, and she slowly rises back up over you before letting her massive breast descend on top of you.",
            "Speaks",
              "I can't believe you got so riled up just from me breathing on you. That's so silly! I think you should rest up and come back when you're big enough for my tits.",
            "Buried under the soft, warm breasts of Bed-Chan, you fall asleep again and soon wake up back in your own room back in town.",
            "RestPlayer", "1",
            "GoToTown"
          ]
      }
    ]
}
