{
    "name": "A Bullying Encounter",
    "CardType": "Event",
    "CardLimit": "1",
    "Description": "A special encounter with a Minotaur on the mountain path.",
    "requires": [""],
    "requiresEvent": [
      {
      "NameOfEvent": "Cut Down to Size",
      "Progress": "1",
      "ChoiceNumber": "-1",
      "Choice": ""
      }
    ],
    "Speakers": [
        {
            "name": "Minotaur",
            "postName": "",
            "SpeakerType": ""
        }
    ],
    "EventText": [
      {
          "NameOfScene": "EventStart",
          "theScene": [
          "As you are wandering along the rocky trails of the mountain you see coming around a bend in the trail is an unusually pensive minotaur.",
          "DisplayCharacters",
          "1",
          "EndLoop",
          "You are perplexed by her being seemingly lost in thought, but notice that her gaze is fixated on a familiar looking rune on a piece of paper.",
         "|f|ChangeImageLayer|/|Expression|/|Confused|n|",
          "You are about to make your way past her before the minotaur finally looks up and sees you, and her face goes from deep in thought to a look of devious excitement.",
          "A feeling of dread crawls across your back as the minotaur fully blocks your path now and drops into a stance like she's about to charge you. Before she starts running at you she calls out to you.",
          "|f|ChangeImageLayer|/|Expression|/|Smug|n|",
          "Speaks",
          "Hey! I've been looking for you everywhere! I wanna try something out on you!",
          "Without any further explanation she takes off in a headlong sprint at you, the spell card waving in her outstretched hand. Thinking quickly you try to catch her other arm and use her speed to throw her away from you.",
          "StatCheck",
          "Power",
          "17",
          "Dodged",
          "Fail",
          "Ahhhh",
          "EndLoop"
          ]
      },
      {
          "NameOfScene": "Dodged",
          "theScene": [
          "Thanks to the distance between you two, you have enough time to step out of the way of the charging minotaur, grab her by her empty hand and wrist, and use her momentum to toss her over your shoulder so she lands a decent distance away from you.",
          "|f|ChangeImageLayer|/|Expression|/|Sad|n|",
          "The Minotaur lands with a thud and rolls for a second, before looking back at you with what feels like a saddened expression on her face.",
          "You pause for a second, and wonder if you should be nice and just let her shrink you.",
          "Menu",
          "Escape",
          "Be nice and let her shrink you",
          "EndLoop"
          ]
      },
      {
          "NameOfScene": "Escape",
          "theScene": [
          "You decide that the fate she has in store for you just isn't worth it and start to make a hasty retreat before she can stand up.",
          "After a minute or two of running you finally look back and see that the Minotaur hasn't followed you, and you can safely continue on your journey."
          ]
      },
      {
          "NameOfScene": "Be nice and let her shrink you",
          "theScene": [
          "Deep in the back of your mind you kind of feel bad for embarassing the Minotaur and offer to let her shrink you anyways.",
          "|f|ChangeImageLayer|/|Expression|/|Confused|n|",
          "She slowly stands back up, and with a mixture of excitement and embarrassment on her face she slowly slinks over to you.",
          "|f|ChangeImageLayer|/|Expression|/|Therethere|n|",
          "However, as she presses the spell seal onto your body and you start to shrink you see the expression of the Minotaur slip into pure deviousness.",
          "JumpToScene",
          "MergeScene"
          ]
      },
      {
          "NameOfScene": "Ahhhh",
          "theScene": [
          "You try to grab onto the Minotaur to grab her, but instead get slapped on the back with the spell seal.",
          "|f|ChangeImageLayer|/|Expression|/|Smug|n|",
          "The Minotaur stumbles past you and starts laughing as she turns back to you and sees that you are slowly starting to shrink.",
          "The world around you starts to expand as the already tall Minotaur girl steps closer and looms over you effortlessly.",
          "JumpToScene",
          "MergeScene"
          ]
      },
      {
          "NameOfScene": "MergeScene",
          "theScene": [
          "As you shrink down to only a few inches in height you look up and see the Minotaur who had just shrunk you, and see that she is fiddling with her loincloth.",
          "The Minotaur reaches down with her fingers and as gently as she can starts to lift you off the ground.",
          "However, she stops just at her waist and it's at this point that you can see several long strands of string hanging in her other hand.",
          "The Minotaur takes the pieces of string and starts to tie them to your arms and legs.",
          "When she is done she lets go of your body, holding only onto the pieces of string, letting you be suspended above the ground by your limbs.",
          "You want to struggle, but it's too late as you are slowly brought past the Minotaur's loincloth and are given a full view of the length of her pussy.",
          "The view is quickly ended as the Minotaur positions your head against her pussy and starts to tie the cords around your limbs around the waistband of her loincloth, ensuring that you are pressed snug against her vagina.",
          "Once all four of your limbs have been tied down, the Minotaur holds her hands away from her body and starts to slowly move her feet back and forth, lifting her heels to see how you feel as her legs shift from side to side.",
          "|f|ChangeImageLayer|/|Expression|/|Pleasured|n|",
          "As the thighs of the giant woman rub back and forth against you, your face is ground into the immense flesh of the Minotaur's pussy.",
          "ChangeArousalByPercent", "60",
          "ChangeArousalQuietly", "10",
          "The tight strings hold you in place as the titanic pussy dominates you, always threatening to drag you into the finely muscled pussy of the Minotaur.",
          "You feel your giant captor let out a pleased sigh as she stops moving her legs, and you feel pressure on your back as she gently presses her fingers against you.",
          "Speaks",
          "Well well well, you feel better down there then I thought you would! Maybe I should wear 'panties' more often...",
          "She strokes your back a few times before removing her hands and letting the front of the loincloth fall back down, hiding you from most people unless they were actively looking at the Minotaur's pussy.",
          "This small moment of peace is interrupted as the Minotaur starts moving again, the full movements of her legs causing her body to shift and force her vagina to grind against you.",
          "Your entire body is constantly battered and pressed upon by the colossal pussy, with juices thoroughly coating every inch of your diminished form. The sensation is intense, and with each step the Minotaur takes you can feel the grinding of her pussy on your miniscule cock.",
          "ChangeArousalByPercent", "70",
          "ChangeArousalQuietly", "10",
          "At this size it's likely the Minotaur can't even feel your dick, but her colossal pussy grinding against you is pleasuring you in a way you hadn't thought possible.",
          "After only a few more steps you can't take it anymore, the movement of the giant pussy against your own body are too much, and you end up cumming into the vast tides of the giant Minotaur. You lost 1 spirit!",
          "PlayerOrgasm", "1",
          "IfPlayerSpiritGone",
          "No resistance",
          "With your orgasm comes clarity, however, and you can feel the knots around your hand weaken from being soaked in the Minotaur's pussy juices enough that you could potentially break free and escape from your giant captor.",
          "Menu",
          "Try to break free",
          "No resistance",
          "EndLoop"
          ]
      },
      {
          "NameOfScene": "Try to break free",
          "theScene": [
          "Deciding that you've had enough of being some giant's underwear, you sneakily move your hands so that you grab the strings that are tied around your wrists.",
          "With the knot of the strings firmly in your grasp, you give a big tug hoping to undo the knots and free your upper body.",
          "StatCheck",
          "Power",
          "18",
          "Snap the Strings",
          "Fail",
          "Failure",
          "EndLoop"
          ]
      },
      {
          "NameOfScene": "Snap the Strings",
          "theScene": [
          "With a powerful tug you manage to undo the knots on your arm in one go. You hold onto the strings however, in order to fool the Minotaur for a bit longer.",
          "To free your legs, you start sliding them back and forth as if you were struggling against the giant bull woman, but in reality you were using the juices from her pussy as lubrication against your restraints.",
          "With everything in place, you pull your knees to your chest in a rapid motion, breaking them free of the tight knots that held you in place. As your body starts to swing downward from gravity you let go of the strings in your hand and let your momentum carry you away from the Minotaur.",
          "|f|ChangeImageLayer|/|Expression|/|Sad|n|",
          "No longer feeling you, the Minotaur raises her loincloth flap to check on you, and only sees dangling strings instead of you. In a panic, she starts to check around her feet, unaware that you have already scurried behind a rock several feet away from her.",
          "You take a deep breath and shake off some excess sex juices from the Minotaur, and let a smirk cross your face as the Minotaur starts to head back down the path she came from, looking intently at the ground as she searches for you.",
          "As she rounds the corner you finally return to your normal height, and quickly continue on your journey."
          ]
      },
      {
          "NameOfScene": "Failure",
          "theScene": [
          "You try to break free of the strings that hold you down, but just can't seem to keep your grip due to the giant's movements.",
          "In the end, she hardly even notices your struggles.",
          "JumpToScene", "No resistance"
          ]
      },
      {
          "NameOfScene": "No resistance",
          "theScene": [
          "After a bit more walking, you feel the Minotaur's movements start to jerk up, and she suddenly starts fiddling with your strings.",
          "Speaks",
          "Hey listen, I've got to fart really badly right now, so I'm gonna see just how well you function as some underwear and have you absorb all my smell, okay?",
          "With your face still pressed against her pussy you cannot offer up your disagreement with the Minotaur, and soon find yourself being switched around at breakneck speeds as she starts to redo the ropes with your head wedged firmly between her enormous, muscly ass cheeks.",
          "The heat of her ass is intense, and the smell emanating from her twitching, pink asshole is nauseating as you struggle with all your might against the ropes.",
          "The Minotaur lets out a smirk as she slowly raises one knee and lets out a deep, reverberating fart.",
          "The heat you dreaded before in her ass is made even worse by the rushing hot winds of her fart, which you can't even plug your nose or keep your mouth shut during, forcing you to take in the horrific stench of the athletic giantesses fart.",
          "You gag and try to cough as the smell invades and violates every inch of your body, but with each cough you try to breathe in for new air, but end up just pulling in more of the same rancid, burning air.",
          "ChangeArousalByPercent", "20",
          "ChangeArousalQuietly", "10",
          "ApplyStatusEffect", "Lecherous Spores",
          "However, even with the horrid scent overpowering your body, a certain part of you is ashamed as your dick twitches and burn with arousal from the circumstance, and the lingering after scent of the fart seems to go haywire inside your mind.",
          "Your body stops responding to your brain as you go slack between the cheeks of the giant ass, as you can do nothing but continue to breathe in the slowly fading scent of her farts.",
          "The Minotaur makes an overly loud, mocking noise of her sniffing the area, and replies in surprise.",
          "Speaks",
          "Huh? Did you actually take in all of my fart?! That's so gross! But I guess that's also kinda... hot?",
          "The Minotaur starts to ponder your actions as she lowers her leg, fully sealing you between her asscheeks just as a silent, burning fart slips out of her asshole.",
          "This fart lacks the intensity and rushing winds of the last one, but this time the smell and heat is sealed in with you as the giantess stands around, just enjoying the feeling of you being trapped in front of her asshole.",
          "ChangeArousalByPercent", "40",
          "ChangeArousalQuietly", "10",
          "ApplyStatusEffect", "Lecherous Spores",
          "The smell forces its way into your nose and mouth, and its all you can do to take it in and feel your brain continue to melt from the weirdly erotic scent that lingers in your nose after the horrible fart smell is gone.",
          "After a minute or two of basking in your defeat at the hands of her ass, the Minotaur grabs one of her asscheeks and pulls it away from you, giving you a burst of fresh air to breathe.",
          "|f|ChangeImageLayer|/|Expression|/|Caring|n|",
          "Speaks",
          "Alright pipsqueak, I think I've had my fun with you. I can't go making you disappear into my ass forever just yet, but next time I see you on this mountain you better believe I'll put you through this all over again.",
          "In a few quick motions the Minotaur undoes the knotted string at your wrists and ankles, letting you fall ungracefully to the floor as she steps away from you.",
          "You take a second to regrow, and by the time you look up again the Minotaur has left, leaving you dizzy with the scent of her farts still swimming in your mind."
          ]
      }
    ]
}
