{
  "name": "WillPowerTempleEntrance",
  "Addition": "Yes",
  "Speakers": [
      {
          "name": "Minoni",
          "postName": "",
          "SpeakerType": "Monster"
      }
  ],
  "EventText": [
    {
        "NameOfScene": "Minoni Talk Menu.",
        "theScene": [
                      "MenuAddition",
                        "HideOptionOnRequirementFail", "RequiresPerk", "Minimize",  "Wanna shrink me?",
                      "EndLoop"
                  ]
    },
      {
          "NameOfScene": "Minoni Talk Menu.2",
          "theScene": [
                        "MenuAddition",
                          "HideOptionOnRequirementFail", "RequiresPerk", "Minimize",  "Wanna shrink me?",
                        "EndLoop"
                    ]
      },
      {
          "NameOfScene": "Wanna shrink me?",
          "theScene": [
            "ChangeImageLayer", "Expression", "1", "Stumbling",
          "Speaks",
          "S-Shrink you? W-Why would I wanna do such a thing to you?",
          "Minoni shifts uncomfortably from the bluntness of your question, before you see a glimmer of uncertainty cross her face.",
          "Speaks",
          "I-I guess it wouldn't hurt, but we have to be done before another adventurer comes in, okay?!",
          "You nod, as you eagerly eye the already massive breasts of Minoni as she shakily says the incantation that causes the curse mark on the back of your neck to activate.",
          "The magic of the curse mark flows through your body as you start to shrink, staring at Minoni as she begins to tower over you more and more. Finally you stop shrinking and stand before Minoni's hooves, only a few inches tall.",
          "Minoni peers down at you, bending over slightly to see past her own tits. You can see the deep valley of her cleavage as she does this, and ignore her nervous look as she reaches out to grab you.",
          "With as gentle a motion as she can manage, Minoni scoops you up in her palm and brings you up to her face, as she peers down at your tiny form.",
          "ChangeImageLayer", "Expression", "1", "Sparkling",
          "Speaks",
          "Oh wow, it really worked! I can't believe how small you are!",
          "Minoni glances down at her breasts, which are now several times your size. She smiles at you bashfully as her cheeks turn rose with blush.",
          "ChangeImageLayer", "Expression", "1", "Loving",
          "Speaks",
          "I bet you would love to play with these huge things wouldn't you?",
          "ChangeArousalByPercent", "15",
          "As you nod eagerly at the kind minotaur, Minoni starts to lower you to the opening in her kimono, and rests you in her cleavage, letting her bountiful breasts hold you in place as she smiles down at you.",
          "Speaks",
          "Well now aren't you just the cutest little thing all tucked up in my boobs.♥",
          "ChangeArousalByPercent", "20",
          "Minoni hops onto one leg, causing her tits to jiggle aggressively. The motions of her breasts shaking causes them to crash up and onto you like waves of warm, soft flesh. Minoni sees you being barraged by her tits and lets out a cute chuckle.",
          "ChangeArousalByPercent", "10",
          "Not satisfied with the jumping, Minoni grabs her breasts and starts to fondle herself. As she does this she presses her breasts together and starts to massage you between them. You feel the powerful warmth emit from Minoni's body as her lust for you starts to take over, and her actions become more and more forceful.",
          "Minoni's head rolls back and she starts to moan to herself as she continues playing with her breasts. You take this moment to start to crawl out from her cleavage and start traversing one of her giant boobs.",
          "ChangeArousalByPercent", "20",
          "As you crawl along the expansive tan landscape you pause occasionally, licking, caressing, even playfully biting the giant boob that Minoni is letting you crawl around on. Each time you act on Minoni's breasts she reacts by moaning or softly whispering your name.",
          "ChangeImageLayer", "Expression", "1", "HappyClosed",
          "Soon enough you make it to Minoni's nipple, which is erect with pleasure. Minoni moves her hand from her breast and brings it down to her pussy, and starts to masturbate in order to let you have free reign over that breast.",
          "You shuffle up to her nipple, as big as your head, and  you start to lick at it with everything you've got. As Minoni feels your tongue run over her nipple time and time again she lets out a shiver of pleasure as a long, drawn out moan escapes from her.",
          "ChangeArousalByPercent", "20",
          "Keeping up your efforts, you bring your head up to the top of Minoni's nipple and kiss and suck at the very tip her nipple. Minoni stops masturbating for a second as she gets lost in the sensation of your mouth pleasing her nipple, and the sensation of letting such a tiny creature pleasure her.",
          "Feeling yourself, you start to nibble on the massive flesh of Minoni's nipple. Minoni feels more of a tickle than anything else as your teeth playfully bite down on her sensitive flesh, and you prepare to use your whole body on her nipple.",
          "ChangeImageLayer", "Expression", "1", "Horny",
          "Just as you are about to start moving, Minoni hears some footsteps approaching the red door that starts the Power Trials and she quickly fixes her clothes and presses her book against the breast that your are on top of, hiding you from whoever is about to enter.",
          "An adventurer comes in, you can't tell what they look like, but you gather that they're an older male from their voice. Minoni speaks to them for a little bit before they wander off, heading further into the Temple.",
          "Minoni lets out a panicked sigh as he finally leaves, and starts to move through her secret door to head to the next area of the Power Trials to wait for the adventurer. As you try to fight against the pressure holding you against her breast, you realize Minoni has forgotten about you and is too stressed to notice you.",
          "ChangeImageLayer", "Expression", "1", "Serious",
          "At the block puzzle Minoni gives out the instructions to the older adventurer, who solves the puzzle after a few minutes. As they head on further into the temple you feel Minoni moving again, this time with a brisk pace as she hurries to the arm wrestling room.",
          "Minoni has started to sweat from the nerves of dealing with this adventurer and all her moving, and the heat and pressure from her holding her book against you has started to cause you to stick to her flesh. You struggle briefly before realizing you don't have the strength to free yourself from you sweaty prison.",
          "With a few minutes to spare, Minoni starts to stretch her arms a bit before the adventurer arrives, causing you to be further squished against her breasts as she anxiously awaits her challenger.",
          "ChangeImageLayer", "Expression", "1", "Shy",
          "Eventually, the adventurer makes it to the arm wrestling room, and accepts Minoni's challenge. The two make their way to the table and lock hands. Minoni counts down and the two flex with all their strength, starting their battle of wills and muscle.",
          "The two are at a stalemate for several minutes. Minoni puts her breasts on the table as she struggles to win. The weight of her breasts are enough to lock you in place as she continues to flex and fight against the adventurer.",
          "To make matters worse, due to her exertion, Minoni has started to sweat. The sweat droplets start to drip off her chin and down onto her breasts. They roll further and further down her breasts until one gets you in the face, coating you in the salty liquid and causing you to gag slightly as you sputter and cough against Minoni's tit.",
          "ChangeImageLayer", "Expression", "1", "Stumbling",
          "Minoni feels you and finally remembers you in her kimono, the surprise of which is enough to cause her to lose. She admits defeat while blushing, and as she stands up and stands aside, ushering the adventurer forward, they instead approach Minoni. As they approach they compliment her breasts, and say they want to grab a feel.",
          "Before Minoni responds, the adventurer lunges forward, grabbing a boob in each hand as the passive Minoni stands there whimpering. You are immediately pressed into Minoni's nipple from the pressure of the adventurer's hand, causing Minoni to moan.",
          "ChangeImageLayer", "Expression", "1", "HornyDaze",
          "The adventurer takes this as a sign to keep going, and starts to grope Minoni harder, mashing her boobs in and out, making circular motions with his hands, all while Minoni tries not to move so the adventurer does not discover you.",
          "ChangeImageLayer", "Expression", "1", "Angry",
          "ChangeArousalByPercent", "10",
          "Eventually, the adventurer starts to pinch Minoni's nipples, and in doing so starts to knead you into the nipple of Minoni with his pinching and pulling motions. You can do nothing as this man has his way with Minoni before she snaps out of her passive state and slaps the adventurer's hand away.",
          "The adventurer is taken aback by her actions, but the angry expression on Minoni's face makes him reconsider his words as he makes his way further into the Temple.",
          "Minoni speaks into a small crystal as she talks to Feng, letting her know to be extra rough with the upcoming adventurer, before she opens her kimono and sees you helplessly pressed into her sweaty, hot boob.",
          "ChangeImageLayer", "Expression", "1", "Awawa",
          "Speaks",
          "Ahhh! I'm so sorry [ThePlayerName]! I know I should've stopped him but I didn't want anyone to find out what I was doing with you. I hope you can find it in your heart to forgive me.",
          "She peels you off her breast and sets you on the table, and goes into a deep bow as she continues to apologize. You rub your body as you tell her not to worry about it, and that you're fine.",
          "Minoni looks at you with a small tear rolling down her face as she approaches the table and plants a big kiss on you, thanking you for forgiving her.",
          "ChangeImageLayer", "Expression", "1", "Loving",
          "She steps back a little bit, letting the curse wear off of you, causing you to grow back to your normal state. Minoni places another kiss on your cheek as she says she has to go check on that adventurer, and make sure Feng didn't break them.",
          "You wave farewell to Minoni, and make your way back to town."
          ]
      }
  ]
}
