{
    "name": "Voracious Huntress",
    "Addition": "Yes",
    "Speakers": [
        {
          "name": "",
          "postName": "",
          "SpeakerType": ""
        }
      ],
    "EventText": [
        {
            "NameOfScene": "MeetMenu",
            "theScene": [
                "MenuAddition",
                  "HideOptionOnRequirementFail", "RequiresPerk", "Minimize",  "Shrink Me?",
                "EndLoop"
            ]
        },
        {
            "NameOfScene": "Shrink Me?",
            "theScene": [
                "ChangeImageLayer", "Expression", "Amy", "Curious",
                "Amy tilts her head to one side as she looks at you with a questioning gaze.",
                "Speaks",
                    "Mraow?",
                "You sigh as you try to figure out how to explain the curse mark to Amy, but before you come up with the words she has already stalked around behind you and used her tail to slap the back of your neck. The sudden, jarring sensation activates the mark and you quickly dwindle in size.",
                "You recover from the shrinking and look around, seeing the massive alien-like creature looking down at you with a playful curiosity written across their face. You begin to regret asking Amy to shrink as you begin to fear what she'll do to you as she begins to circle you.",
                "ChangeImageLayer", "Expression", "Amy", "Predatory",
                "Amy continues to circle your shrunken form like a cat stalking a trapped mouse, and it takes all of your energy to not bolt on the spot, fearing for if Amy's predator instincts would kick in or not. Instead, you keep eye contact with the pale giantess and try to reach out to her.",
                "ChangeImageLayer", "Tail", "Amy", "Wag",
                "As you extend your hand towards Amy, she does the same as her claw-like hand bats outward and strikes your tiny body in the torso and sends you tumbling away from her body. Amy's tail wags as she sees your body fly away from her and bounds after and chases your rolling body.",
                "You stand up and stop rolling as you break into a sprint from the giantess chasing after you, but it's not enough as Amy leaps over your tiny body, giving you an awe-inspiring view of her lithe, toned body. You admiration for her is soon over, as her back legs land and sweep out behind her, kicking your body further into the Cavern.",
                "ChangeImageLayer", "Expression", "Amy", "OpenMouth",
                "You roll around and try to dodge Amy's attacks to no avail. Soon enough, the exhaustion begins to take hold and you try to beg Amy to stop this. As you stand up again and begin to turn toward her, Amy's mouth splits wide open and the mass of throbbing tongues capture your body and you are pulled into the alien's mouth.",
                "ChangeArousalQuietly", "10",
                "ChangeImageLayer", "Expression", "Amy", "Happy",
                "As Amy pulls you back into her mouth, it seals back together seamlessly, and there is no indication to an outside observer that there is something inside of Amy's mouth. For you, however, you are pulled deep into the surprisingly spacious mouth of Amy. It feels like Amy's mouth itself is a cave as you attempt to look around, only to be continuously assaulted by her tongues.",
                "ChangeArousalQuietly", "15",
                "Her tongues bathe and coil around you constantly as they attempt to pull you in different directions and lick against your tiny body. You are overwhelmed immediately as you are pressed against the floor of Amy's mouth and her tongues dog-pile on top of you.",
                "ChangeArousalQuietly", "20",
                "ChangeImageLayer", "Expression", "Amy", "Content",
                "You struggle and squirm under Amy's writhing tongues, feeling them batter your body and occasionally brushing against your stiff manhood. It feels great but you can't feel safe around this cat-like giantess and her attempts to eat you.",
                "ChangeArousalQuietly", "20",
                "You finally rise to your feet, only to be surrounded and coiled up inside of Amy's tongues as they suspend you inside of her mouth. They begin to slowly wrap around your body more and more, mummifying you inside of the slick, wet appendages. However, when they reach your cock you feel them stop as they slowly begin to grind and massage your manhood.",
                "ChangeArousalQuietly", "25",
                "You can't stop yourself from moaning as the many tongues of Amy begin to fondle your dick. One of them gently lapping at your balls, another wrapped around your shaft, yet another delicately licking at the tip of your cock, while the rest of her tongues hold you in place while they service you.",
                "ChangeArousalQuietly", "15",
                "You pant and moan inside of Amy's mouth as her tongues continue to pleasure your cock. The pleasure is too great to endure as you receive a full-package blowjob from the multitude of tongues.",
                "ChangeArousalQuietly", "15",
                "Finally, you let out a deep moan as your body shakes and you cum all over the tongues that have been licking and stroking your cock. You watch as your seed splatters onto the tongues and they effortlessly absorb the white liquid.",
                "PlayerOrgasm", "1",
                "ChangeImageLayer", "Expression", "Amy", "Blep",
                "You shiver and and your body goes slack as you try to recover from your orgasm just now, but the world around you shakes as the world lights up and Amy's face splits open as she deposits you on the ground in a puddle of saliva. You cough and try to stand up, but adjusting to your surroundings will need some time before you can move.",
                "ChangeArousalQuietly", "15",
                "ChangeImageLayer", "Tail", "Amy", "Threat",
                "ChangeImageLayer", "Expression", "Amy", "Seductive",
                "You try to look back up at Amy and your mind is filled with awe as her massive tail swishes over your body. You wonder what is going on but your thought is answered as Amy looms her massive pussy over your body.",
                "ChangeArousalQuietly", "15",
                "Your legs still fail you as you cannot stand, and soon enough you find Amy's huge, sleek pussy crashing down onto your body. The pale monster girl slams her rear end down on top of you as she adopts a cat-like sitting posture, and wriggles her pussy on top of you as she centers you underneath it.",
                "ChangeArousalQuietly", "15",
                "ChangeImageLayer", "Expression", "Amy", "Smug",
                "You struggle and sputter as her body lands on you, the weight of her body pinning you in place underneath her massive vagina. Your struggles only elicit mews of pleasure from the pale giantess, however, and she slowly begins to grind her pussy back and forth over top of your body.",
                "ChangeArousalQuietly", "15",
                "The strange, water-like fragrance of her pussy invades your mind, and even as you continue to struggle against Amy, you know that it is to both of your pleasure as your mind is filled with thoughts of lust and ecstasy.",
                "ChangeArousalQuietly", "15",
                "Suddenly, Amy begins to stand up, bringing you alongside her as you are firmly stuck to her pussy. Amy begins to walk in circles for a few brief moments before curling up into a ball, pressing her tail tightly against her pussy and sealing you against it.",
                "ChangeArousalQuietly", "15",
                "ChangeImageLayer", "Tail", "Amy", "Base",
                "ChangeImageLayer", "Expression", "Amy", "Happy",
                "The pressure on your back is incredible as you continue to try and struggle, only to be met with Amy's tail grinding you agaisnt her pussy. Moments after she lays down, you can hear the sounds of Amy purring as her tail autonomously continues to have you fuck her by rubbing you against the entrance to her pussy over and over again.",
                "ChangeArousalQuietly", "15",
                "You continue your struggles, now concerned that you have become a sex toy for this bizarre, alien creature but you find that your struggles only cause more fluids to leak from Amy, and contented sighs to escape from her strange, mask-like face.",
                "ChangeArousalQuietly", "15",
                "You let out a sigh as you are forcefully rubbed against her pussy, an act that causes your still-hard cock to rub against the sensual flesh of Amy. Pleasure continues to course through your body as you slowly begin to grind your hips in time with Amy's tail moving and the two of you synchronize your movements.",
                "ChangeArousalQuietly", "15",
                "ChangeImageLayer", "Expression", "Amy", "Content",
                "Amy lets out a chirping moan of pleasure as you begin to lose yourself to the pleasure and you thrust your hips harder and harder. Her tail begins to speed up its movements and you struggle to keep up with the horny giantess as both of you approach a breaking point.",
                "PlayerOrgasm", "1",
                "Amy lets out a loud, echoing series of chirps and noises that don't make sense to you, but the rushing wave of fluids that assault you make you understand that Amy has orgasmed at the same time as you, and your exhausted, weary body is finally allowed to relax as Amy's tail stops moving.",
                "ChangeImageLayer", "Expression", "Amy", "Neutral",
                "You wait until Amy stops purring and instead you hear the soft, whistling noise of her body fast asleep, and you use the fluids still covering your body to help lubricate yourself as you squirm and make your escape from underneath her tail.",
                "Amy has curled up into a ball and is sleeping peacefully. You admire her as you grow back to normal and decide to head back to town.",
                "GoToTown"
            ]
        }
    ]
}
