{
    "name": "Prey to a Giantess",
    "CardType": "Event",
    "CardLimit": "1",
    "Description": "Feng has found a new exercise routine she wants to show you.",
    "requires": [""],
    "requiresEvent": [
      {
      "NameOfEvent": "Cut Down to Size",
      "Progress": "1",
      "ChoiceNumber": "-1",
      "Choice": ""
      }
    ],
    "Speakers": [
        {
            "name": "Feng",
            "postName": "",
            "SpeakerType": ""
        }
    ],
    "EventText": [
      {
          "NameOfScene": "EventStart",
          "theScene": [
          "You enter into the small, chilly room that houses Feng. She's standing in the center like usual, except she doesn't seem to be frozen over. Rather, after she notices you she runs up to you with an unusual amount of energy right off the bat.",
          "DisplayCharacters",
          "1",
          "EndLoop",
          "Speaks",
          "[ThePlayerName]! I've been expecting you!",
          "You tilt your head in confusion, but before you get a chance to ask Feng what she's talking about she leaps forward with insane speed, placing a paper talisman onto your chest in a flash.",
          "You look down and get a brief moment to look at the runes and notice that they are the same ones as the curse. As you notice what the runes are you also see Feng muttering an incantation.",
          "Before you can stop her the runes begin to glow, and the world around you immediately starts to expand in all directions as you shrink. You watch as the wolf woman slowly begins to tower over you until you stand a few inches in height.",
          "Speaks",
          "Huh, that size mage really was telling the truth. Guess I should try to apologize for trying to bite her...",
          "Speaks",
          "Well anyways, I wanna play a game with you, [ThePlayerName]. I wanna test my reflexes against a smaller opponent, and you're gonna help me.",
          "You stare up at the wolf woman with a confused expression, and she explains.",
          "Speaks",
          "Y'see, I wanted to work on my foot dexterity and stuff, so I want you to be my practice dummy!",
          "You start to shake your head no, trying to explain to Feng that you didn't agree to  be shrunk. However, she doesn't seem to care as she starts to count down.",
          "Speaks",
          "Alright. 3, 2, 1. Ready or not here comes my feet!",
          "Thinking fast, you try to dodge her feet and...",
            "StatCheck",
            "Technique",
            "19",
            "Pass",
            "Fail",
            "StatFail",
            "EndLoop"
          ]
      },
      {
          "NameOfScene": "Pass",
          "theScene": [
          "You successfully dodge out of the way of the stomping foot of Feng.",
          "However, you are curious as to what Feng wants to do with you, but you could also escape right now if you wanted to.",
          "Menu",
          "Get caught by her feet.",
          "Continue running.",
          "EndLoop"
          ]
      },
      {
          "NameOfScene": "StatFail",
          "theScene": [
          "JumpToScene",
          "Battle"
          ]
      },
      {
          "NameOfScene": "Continue running.",
          "theScene": [
          "Wasting no time, you sprint away from the giant wolf woman. Feng seems to stand still as she watches you scurry away.",
          "After a bit of running you feel a tingling sensation spread through your body as you return to your original size.",
          "Now that you are normal size you turn back to Feng to see her reaction, but find that the white wolf has already disappeared.",
          "Shrugging, you continue on your way."
          ]
      },
      {
          "NameOfScene": "Get caught by her feet.",
          "theScene": [
          "You stand still, curious as to what Feng will do next.",
          "Feng pulls her foot back into the air and hovers it above you, before bringing it down faster than you can react.",
          "JumpToScene",
          "Battle"
          ]
      },
      {
          "NameOfScene": "Battle",
          "theScene": [
            "You try to dodge out of the way of her speeding foot, but are too slow to avoid it as she catches you between her toes.",
            "Speaks",
            "Yes! Gotcha!",
            "You struggle between her toes as she sits down, and the pressure from her toes lessens only for the soles of her feet to come together, sandwiching you between them.",
            "Speaks",
            "Make sure you struggle nice and hard for me.",
            "CombatEncounter",
              "Giant Feng",
            "StartCombat",
            "JumpToScene",
            "Victory"
          ]
      },
      {
          "NameOfScene": "Victory",
          "theScene": [
          "Feng cries out as you stimulate her feet enough to pleasure her, letting you fall to the ground as her legs hang in the air.",
          "Taking advantage of the situation, you hurry away from the wolf woman and let yourself grow back to normal size as a strange tingling sensation marks the end of the shrinking spell.",
          "As you return to your original size you turn back to Feng, but find that she has already disappeared. Shrugging, you continue on your way."
          ]
      }
    ]
}
