{
    "name": "Small to Tiny",
    "CardType": "Event",
    "CardLimit": "1",
    "Description": "A special encounter with an imp in the Forest Dungeon.",
    "requires": [""],
    "requiresEvent": [
      {
      "NameOfEvent": "Cut Down to Size",
      "Progress": "1",
      "ChoiceNumber": "-1",
      "Choice": ""
      }
    ],
    "Speakers": [
        {
            "name": "Imp",
            "postName": "",
            "SpeakerType": ""
        }
    ],
    "EventText": [
        {
            "NameOfScene": "EventStart",
            "theScene": [
            "As you make your way through the winding halls of the Forest Dungeon, you eventually come up on a lone imp.",
            "DisplayCharacters",
            "1",
            "EndLoop",
            "Strangely, she doesn't immediately leap at you with sexual intent, and starts talking to you instead.",
            "ChangeImageLayer", "Expression", "1", "Smug",
            "Speaks",
            "Oh hey it's you! The guy who can shrink down! The dungeon got a pamphlet telling us how to shrink you down and I was wondering if you'd let me shrink you down?",
            "You stand there, perplexed by the bluntness of her question before giving your response.",
            "Menu",
            "No thanks",
            "Sure, what's the harm",
            "EndLoop"
            ]
        },
        {
            "NameOfScene": "No thanks",
            "theScene": [
            "You say no to the pint-sized imp and start to make your way past her, but she pouts as she moves to block your path.",
            "ChangeImageLayer", "Expression", "1", "Panic",
            "Speaks",
            "N-No?! Why would you say no to me?!",
            "In her indignant rage, the imp grabs the arm you were using to mover her out of the way, and slaps a spell sheet onto you, causing the curse mark on your neck to flare up and for you to rapidly dwindle in height.",
            "The imp looms over you, a sadistic pride in her eyes.",
            "ChangeImageLayer", "Expression", "1", "Teasing",
            "Speaks",
            "Hmph, I'll show you what happens when you say no to someone as cute as me.",
            "JumpToScene",
            "SadisticShrink"
            ]
        },
        {
            "NameOfScene": "Sure, what's the harm",
            "theScene": [
            "You shrug and give the imp the go ahead to shrink you, and you immediately see her eyes light up in joy.",
            "ChangeImageLayer", "Expression", "1", "Happy",
            "Speaks",
            "Really? That was easier than I thought it would be!",
            "She pulls out a spell sheet and presses it to your chest, and watches as your curse mark flares up and brings you to only two inches in height.",
            "As you finish shrinking you warily look up at the imp, hoping that you didn't just make a big mistake.",
            "JumpToRandomScene",
             "GentleShrink",
             "SadisticShrink",
             "ServiceShrink",
            "EndLoop"
            ]
        },
        {
            "NameOfScene": "GentleShrink",
            "theScene": [
              "ChangeImageLayer", "Expression", "1", "Happy",
            "As you gaze into the eyes of the now huge imp that's standing over you, you see that her eyes have more of a playful look to them, and she beams at you with a bright smile.",
            "Speaks",
            "Teehee, you're exactly as cute as I thought you'd be! Now then, how about we do something that I think I'll enjoy most?",
            "Before you have a chance to react, you are caught between two dainty fingers from the giant imp and are lifted through the air until you are at eye level with her, waiting as she studies your tiny form.",
            "She gives you a wink and playfully sticks her tongue out at you as she starts to lower you, bringing you just below her skirt as she reveals she is wearing no underwear, and you see her pussy in all its glory as it waits for you.",
            "However, instead of inserting you into her pussy, her tail comes up and starts to coil itself around your body, holding you tight as her tail starts to bring you closer to her pussy.",
            "You brace yourself as the tail brings you directly in contact with the already wet pussy of the imp. Her juices quickly start to coat your face as she starts to rub you around the lips of her pussy.",
            "The imp lets out a small moan as she feels you struggle against her tail, as you desperately try to move your head to get a breath of air, but that only makes her bring your head into the entrance of her pussy.",
            "As your head and shoulders breach through the pussy of the giant imp, you feel the tail loosen and slowly move down you body, as the imp prepares to slowly feed more of your body to her insatiable vagina.",
            "ChangeArousalByPercent", "25",
            "Her pussy continually flexes on you, slowly dragging more and more of your body into her until you are fully engulfed by the massive imp's pussy.",
            "While you are trapped inside, your arousal starts to get the better of you, and you start to wriggle and force yourself deeper inside the imp as you try to please her.",
            "The imp moans and covers her mouth, before she starts to feed the tip of her tail into her pussy and starts to push you around.",
            "The introduction of her tail pins you against the walls of her pussy, as you slide ever so slightly along with the movements of the massive tail's head.",
            "You are battered around incessantly by the massive tail, as it slowly starts to build speed as the imp starts to pant, causing the insides of her pussy to constantly tighten around you.",
            "ChangeArousalByPercent", "25",
            "Not allowing yourself to be outdone, you keep up your wiggling, trying to add to the sensation for both yourself and for the imp you are trapped inside of.",
            "Eventually, the imp cries out in orgasmic pleasure as her pussy tightens around you and her tail, the pressure nearly sticks you to her tail as it pulls out of her flooded pussy, but instead you are left sitting inside the panting imp.",
            "The juices surrounding you are intense and coat you thoroughly, lubricating your constant wiggles as you continue to please the imp, causing her walls to tighten and grind against your fully erect cock.",
            "ChangeArousalByPercent", "25",
            "The imp finally recovers from her orgasm, seemingly still ready to go as she calls out to you.",
            "Speaks",
            "huh...huh...huff... That felt great! We have to keep going! Unless you don't want to, in which case just stay still. But, if you wanna keep going, how about you keep wiggling in there.",
            "You weigh your options as the imp playfully sticks her tongue out, forgetting that you can't see her.",
            "Menu",
            "Keep going",
            "Call it quits",
            "EndLoop"
            ]
        },
        {
            "NameOfScene": "Keep going",
            "theScene": [
              "Not yet done with this experience yet, you start wiggling immediately, and the vagina around you tightens in response.",
              "Speaks",
              "Eeeiiii, yay! Thank you so much!",
              "Your movements start to sync up with those of the imp's pussy, and the two of you start to moan in unison.",
              "ChangeArousalByPercent", "12",
              "Your body starts to tingle, as you realize that even inside the imp you can be targeted by magic, and the imp is increasing your sensitivity all over.",
              "ChangeArousalByPercent", "18",
              "You try to moan, but a flood of the imp's sex juices rush into your mouth as the imp's walls tighten on you again, rubbing the soft walls of her pussy against your rigid cock.",
              "ChangeArousalByPercent", "18",
              "Every little action you take pleases the imp more and more, feeding into the reactions in her pussy that causes it to grind against your body.",
              "ChangeArousalByPercent", "18",
              "After another minute of wriggling from you, you feel the imp tighten as hard as she can as yet another wave of orgasmic juices flow from her, crashing into your sensitive body.",
              "ChangeArousalByPercent", "18",
              "Unable to take it any longer, you finally release your load and cum into the massive pussy of the imp, only for it to immediately be swept up in the overwhelming flood of the imp's pussy.",
              "PlayerOrgasm", "1",
              "The imp's orgasm is intense and goes on for several more seconds of tightening and relaxing motions, before she finally uses her tail and weakly pulls you free from your soaked prison.",
              "Her tail sets you down on the floor as she starts to leave with shaky legs. As she leaves she turns back to you and gives you a wink.",
              "Speaks",
              "I think we can both agree that was fun, maybe we could do that again when you come around next.",
              "JumpToScene",
              "Ending"
            ]
        },
        {
            "NameOfScene": "Call it quits",
            "theScene": [
            "The imp lets out a sad sigh as you stay still, indicating you would like to be done being her plaything.",
            "Speaks",
            "Ughh... fine. I did say I'd let you out if you stayed still.",
            "Her tail pulls you out from her pussy and gently sets you on the ground. The imp turns and starts to walk away.",
            "JumpToScene",
            "Ending"
            ]
        },
        {
            "NameOfScene": "SadisticShrink",
            "theScene": [
              "ChangeImageLayer", "Expression", "1", "Smug",
              "You gaze up at the imp that now towers over you, and your fears are realized as you see a mischievous grin cross her face as her expression darkens.",
              "Silently, she raises foot above you, her toes wiggling inside their black stocking prison as they loom ominously above you.",
              "A moment of fear strikes your body as you attempt to run from the massive figure, but you never make it out of the shadow of her foot.",
              "Her foot comes down swiftly, grabbing your head and pulling you down to the ground so you land on your back, and are forced to stare up at the giant imp and her feet.",
              "You try to move your body, but before you can react the foot raises in the air again before crashing down onto your body. The air is knocked from your lungs as the massive imp stomps onto your body, driving the ball of her foot onto your chest as she does so.",
              "Giving you no chance to recover, the imp holds her foot on your body and slowly twists her foot back and forth, smearing the foot her foots accumulated across your body.",
              "The imp shifts the ferocity of her twisting after a few seconds, and starts to apply more and more force against your body with each twist of her foot. A joyous grin is stretched across her face as she grinds you into the ground like a bug.",
              "Not satisfied with you yet, she stops grinding your body into the ground so that she can move her foot around, bring her big toe to your face and settling her weight on you again, forcing your face to be buried into her toe.",
              "ChangeArousalByPercent", "40",
              "Without the grinding motions you can finally take a breath, and as you breathe in the sweaty scent of the imp's foot you realize how intoxicating the scent is, and you feel your dick start to harden as you are forced to breathe nothing but the sweaty air.",
              "The imp stops letting you rest as she starts to apply greater and greater force with her toe against your face.",
              "The force she's applying makes the sweat of her sock start to coalesce on your face, and against your will the salty liquid manages to creep into gaps in your lips and force its way into your mouth. You try to gag and cough but that only makes the imp chuckle at your misfortunes.",
              "With a devilish grin the imp moves the positioning of her foot so that your lower body is exposed. She then takes her other foot and brings its big toe and rests it against your rigid cock, and starts to slowly move it back and forth with the bottom of her toe.",
              "ChangeArousalByPercent", "40",
              "The toe flattens your cock upwards, pressing it against your stomach as the toe rapidly moves back and forth, rigorously jerking you off.",
              "Thankfully the sock is soft, and the enchantment prevents the experience from being anything but incredibly arousing as you try to moan again under the giant toe, causing you to gulp down another mouthful of sweat.",
              "ChangeArousalByPercent", "40",
              "The imp is relentless in jerking you off, battering your cock with every inch of her domineering toe as she berates you for getting off to such a situation.",
              "PlayerOrgasm", "1",
              "Her words are lost on you however, as the massive toes finally bring you to the brink of cumming and your release your white, hot cum onto the massive toe.",
              "With that orgasm you lose all strength in your body as the stench of the imp's feet takes its toll on you, and you can hear the imp laughing at you.",
              "Speaks",
              "Pffft, after all that you seriously just came to my toes? You're really pathetic aren't you.",
              "She pulls her feet off you one at a time, and before she turns to walk away from you she shoots one more sneering look at you before finally turning to leave.",
            "JumpToScene",
            "Ending"
            ]
        },
        {
            "NameOfScene": "ServiceShrink",
            "theScene": [
              "ChangeImageLayer", "Expression", "1", "submissive",
              "As you gaze the imp standing over you, you get the feeling that she's not looking at you with malice, but with a lovey-dovey look on her face.",
              "You flinch as the giant imp starts to bend down, reaching her hand towards you. But, as she starts to pick you up she lets you rest in the palm of her hand as she brings you level with her face.",
              "Speaks",
              "Y'know, I wanna try so many things with you at this size, but the thing I wanna try most of all right now is... does your cum taste different when you shrink?",
              "You pause for a second as you ponder her question, but you are interrupted as she uses her other hand to pin your upper body against her palm, and her face starts to approach you.",
              "Her mouth hovers over your entire body, and you can feel the heat on her breath wash over you as her tongue snakes its way towards your dick.",
              "Her tongue collides with your dick, as the warm, wet flesh easily starts to cover your rigid member in saliva.",
              "ChangeArousalByPercent", "35",
              "The imp's tongue is precise and delicate as she uses the massive organ to slowly stroke the entirety of your cock, circling around it as a puddle of saliva forms around you.",
              "ChangeArousalByPercent", "40",
              "You let a small moan escape you as the tongue playfully flicks your cock, letting it bobble back and forth as the imp lets out a playful giggle, causing her hot breath to wash over you and your sensitive member.",
              "ChangeArousalByPercent", "40",
              "Resuming the tongue job, the imp carefully purses her lips and blows on you, causing a gust of cold air to hit your body. Capitalizing on this, the imp immediately presses your whole body against her tongue, and drags you back and forth, stimulating your dick further.",
              "The experience is overwhelming, and the imp seems to know this too as she pulls you away from her tongue and plants her lips around your lower body.",
              "PlayerOrgasm", "1",
              "With a few more strokes of her impressively dextrous tongue you finally cum, releasing your load into the mouth of the imp as you go limp in her palm.",
              "The imp sucks it up into her mouth and swallows it with an exaggerated sigh at the end, before giggling again at your tired form.",
              "She gently sets you back on the floor from where she found you earlier, and blows a kiss at you.",
              "Speaks",
              "Teehee, thanks again for the meal. Maybe next time we could try something else?",
              "With her words ringing in your ears, she skips away as she lets you bask in the afterglow of your orgasm.",
            "JumpToScene",
            "Ending"
            ]
        },
        {
            "NameOfScene": "Ending",
            "theScene": [
            "You lay on the floor where the imp left you, and as she turns the corner you feel the curse mark start to deactivate, and your body slowly expands back to your normal size.",
            "Slowly, you rise to your feet and dust yourself off, before continuing your journey."
            ]
        }
    ]
}
