{
    "name": "Rematch with Gwen",
    "CardType": "Event",
    "CardLimit": "1",
    "Description": "Gwen still wanders the forest, waiting for you so she can challenge you again.",
    "requires": [""],
    "requiresEvent": [
        {
            "NameOfEvent": "Mysterious Foe",
            "Progress": "2",
            "Choice": "",
            "ChoiceNumber": "-1"
        }
    ],
    "Speakers": [
        {
            "name": "Gwen",
            "postName": "",
            "SpeakerType": ""
        }
    ],
    "EventText": [
        {
            "NameOfScene": "EventStart",
            "theScene": [
            "You wander through the twisting forest until your path crosses a familiar, stoic woman.",
            "DisplayCharacters",
                "1",
            "EndLoop",
            "Gwen hears you approaching and swings around to face you, her face calm and studying your movements as you approach.",
            "Speaks",
            "I see you don't value your freedom if you came to challenge me again. I assure things will not turn out like last time!",
            "Gwen pulls out her grimoire and flips through several pages, and when she lands at the correct area she gives you an ultimatum",
            "Speaks",
                "Alright, here's your choices: Be shrunk and come along with me, or I'll capture you as you are now and bring you in that way. Make your choice.",
            "Menu",
                "Fight normal size",
                "Fight shrunken",
            "EndLoop"
            ]
        },
        {
            "NameOfScene": "Fight normal size",
            "theScene": [
            "You tell Gwen that you beat her before at your normal size and that you'll be able to do it again. Your defiance and arrogance clearly gets under her demeanor as she snaps back at you.",
            "Speaks",
            "Fine, if that's how you want to do things, I will make you regret your insolence.",
            "Gwen's grimoire snaps shut as she approaches you for battle.",
            "CombatEncounter",
                "NoRunning",
                "Gwen",
            "StartCombat",
            "With Gwen defeated, you continue on your trek through the forest."
            ]
        },
        {
            "NameOfScene": "Fight shrunken",
            "theScene": [
            "You smugly tell Gwen that you can beat her no matter what size you are. Gwen's lips purse together as her eyes narrow and she calmly responds.",
            "Speaks",
            "Alright, but don't blame me for what happens next when I defeat you.",
            "Her grimoire shines as Gwen activates your curse from afar, and you find yourself staring up at the massive figure of a giantess Gwen.",
            "CombatEncounter",
                "NoRunning",
                "Giantess Gwen",
            "StartCombat",
            "With the giantess Gwen momentarily defeated, you rush away and grow back to normal. By the time you return to normal Gwen has already fled."
            ]
        }
    ]
}
