{
    "name": "Hellhounds Pet Intro",
    "CardType": "",
    "CardLimit": "0",
    "Description": "",
    "requires": [""],
    "Speakers": [
        {
            "name": "Beris",
            "postName": "",
            "SpeakerType": ""
        },
        {
            "name": "Ceris",
            "postName": "",
            "SpeakerType": ""
        },
        {
            "name": "Ushris",
            "postName": "",
            "SpeakerType": ""
        },
        {
            "name": "Iabel",
            "postName": "",
            "SpeakerType": ""
        }
    ],
    "EventText": [
        {
            "NameOfScene": "LabyrinthMenu",
            "theScene": [
                "MenuAddition",
                  "HideOptionOnRequirementFail", "RequiresPerk", "Minimize",  "Shrink Me?",
                "EndLoop"
            ]
        },
                {
            "NameOfScene": "Intro",
            "theScene": [
            "DisplayCharacters",
                "1",
                "2",
                "3",
                "4",
            "EndLoop",
            "ChangeBG", "dungeon.png",
            "Beris walked up to the table containing her sisters and dropped into an empty chair, and looked up at the ceiling as she let out a long breath. Each of the hellhounds stopped their chatter and turned their attention to their gruff sister, and Ceris was the first to break the silence.",
            "ChangeImageLayer", "Expression", "Ceris", "Happy",
            "Speaks2",
                "What's up sis? Did something happen on your workout?",
                "ChangeImageLayer", "Expression", "Beris", "GrinCocky",
            "Speaks",
                "Hmmmm, something like that I guess. I've had an annoying pebble stuck in my shoe, but I don't have anywhere else to put it and I wanted to bring it home to show you guys.",
            "Beris pulls her foot close to her body and begins to unlace her shoes, before pulling them off and unceremoniously dumping you out and onto the center of the table, much to the shock of her sisters. Ceris stands up and immediately leans over the table to get a look at you, her heaving breasts casting a dark shadow as the other two muscle around her to also look closely at you.",
            "ChangeImageLayer", "Expression", "Ushris", "GrinCocky",
            "Speaks3",
                "Fascinating, I had heard rumors about an adventurer afflicted with a shrinking curse, but I never knew it was [ThePlayerName]. I suppose it would do well to talk to that size mage in the Caverns and learn this magic for myself...",
                "ChangeImageLayer", "Expression", "Ceris", "Confused",
            "Speaks2",
                "So what was [ThePlayerName] even doing is your shoe, Beris?",
            "Beris shrugs as she puts her shoe back on and redoes the laces, even if it was just for a few moments you are drenched in her sweat and Ceris takes a couple sniffs of your body before recoiling and making a playfully disgusted face.",
            "ChangeImageLayer", "Expression", "Ceris", "Laugh",
            "Speaks2",
                "Phew, he certainly smells like you after a run sis! So, what did you even bring him back here for anyways?",
            "ChangeImageLayer", "Expression", "Beris", "Frown",    
            "Beris opens her mouth to answer her overly-affectionate sister, but closes it slightly as she cocks her head in thought. She sits forward in her chair and slides her shoes under the table as she starts to think about why exactly she brought you home. Her thought is interrupted by another question from Ushris.",
            "ChangeImageLayer", "Expression", "Ushris", "Cold",
            "Speaks3",
                "Why is he still shrunken?",
            "The other hellhounds fall silent and look towards Ushris as if she asked why the sky is blue. They cock their heads and Ushris looks around before continuing with her question.",
            "Speaks3",
                "The shrinking curse dictates that when he is not in direct proximity with another living creature he is supposed to return to his normal size, and yet he's been on this table away from all of us and he's still shrunken.",
            "ChangeImageLayer", "Expression", "Ceris", "Caring",    
            "Ceris' eyes light up with an excited glee, and she leans over the table again as she pokes you in the stomach with her finger and she starts to talk with fascination in her voice.",
            "Speaks2",
                "So does this mean he can't grow back? What'll he do, all shrunken down like that for eternity...",
            "Her words make her sound like she's taking pity on you, but you can tell by the look on her face she's excited about the idea of you being shrunken down like this. Surprisingly, it's Iabel that finally chimes into the conversation.",
            "ChangeImageLayer", "Expression", "Iabel", "Caring",
            "Speaks4",
                "Well, if he can't return to his normal size, then we shall act as his stewards and take care of him as our own pet.",
            "She smiles at you warmly as she makes her way closer to the table and extends a hand towards you, and slowly begins to pet your head with her long, slender fingers. You try to tell her that you've been through this before and the shrinking is only permanent in certain locations, but none of the hellhounds hear you as they begin to converse with each other.",
            "ChangeImageLayer", "Expression", "Ceris", "Smile",
            "Speaks2",
                "You're right sis! We've gotta do our part to keep [ThePlayerName] safe! I'll take such good care of you!",
            "Ceris turns and starts to coo at you while continuing to prod and tickle your stomach while Iabel continues to stroke your head with her finger. You struggle and try to bat away their fingers, but are overwhelmed by their affectionate petting.",
            "After a few minutes, Beris snaps and tells her sisters to back off of you. She bends forward in her seat and stares you in the eyes as she addresses you.",
            "ChangeImageLayer", "Expression", "Beris", "Scowl",
            "Speaks",
                "Alright listen runt, the rest of my sisters seem pretty keen on keeping you, but I think it'd be pretty funny to toss you outside and let the Salaris have their way with you. So, what'll it be? Will you stay, or leave?",
            "You waste no time in nodding your head and agreeing to stay with the Hellhound sisters, despite knowing that you'd most likely also be fine with the Salaris outside. Curiosity wins out in the end as you wonder how the Hellhounds would be as owners and look around as Ceris, Iabel, and Ushris all let out cheers at your decision. Beris lets out an annoyed huff.",
            "ChangeImageLayer", "Expression", "Beris", "Base",
            "Speaks",
                "Alright, you can stay with us then. My sisters will be in charge of taking care of you, but if you ever wander into my room I'll keep you to myself until I get bored.",
            "SetChoice", "2", "Become Their Pet",
            "RefreshPlayer",
            "ChangeImageLayer", "Expression", "Ceris", "Happy",
            "ChangeImageLayer", "Expression", "Ushris", "Happy",
            "ChangeImageLayer", "Expression", "Iabel", "Happy",
            "As the cheers die down, you feel a chill course through your body and eventually settles upon the back of your neck, changing and altering your cursemark as magic suffuses your body and marks you as the property of the Hellhounds.",
            "As everything dies down, the Hellhounds wait with baited breath standing around you, waiting for you to decide whose room you want go to first.",
            "Menu",
                "Ceris",
                "Beris",
                "Ushris",
                "Iabel",
            "EndLoop"
            ]
        },
                {
            "NameOfScene": "Ceris",
            "theScene": [
                "DisplayCharacters",
                "2",
                "EndLoop",
            "ChangeImageLayer", "Expression", "Ceris", "Cocky",
            "You turn and face Ceris, the bustiest and most energetic of the Hellhounds and tell her that you'd like to go back with her to her room. Ceris can hardly contain her tail as it wags in joy and she beams with joy at you.",
            "Speaks",
                "You wanna come back to my room first?! Well let's get going!",
            "Ceris immediately grabs hold of you and plunges you deep into her cleavage as she scurries back towards her bedroom, leaving her sisters behind as they scatter to their respective rooms.",
            "Ceris eventually returns to her room deep within the Labyrinth, and fishes you out from between her mountainous breasts and sets you down onto her messy bed as she sits down next to you.",
            "Ceris grabs hold of her tail to keep it from wagging too hard as she looks down at you, and she is the first to break the silence.",
            "Speaks",
                "So um, welcome to my room and all that. I-Is there anything you want to do first?",
            "Ceris' voice is full of anticipation and a bit of anxiety. She squirms and wriggles her butt deeper into the bed and your breath gets caught in your throat as you watch her body move before you snap out of it and look around her room thinking of what to do.",
            "JumpToEventThenScene", "Labyrinth Pet", "CerisRoomMenu"
            ]
        },
                        {
            "NameOfScene": "Beris",
            "theScene": [
                "DisplayCharacters",
                "1",
                "EndLoop",
                "ChangeImageLayer", "Expression", "Beris", "Flustered",
                "Beris blinks and looks down at you from her sitting position, and you see the other Hellhounds look dejected as you choose their sporty, more abusive sister.",
                "Speaks",
                    "You uh, you sure about that runt? You wouldn't wanna go with one of my sisters instead?",
                "Beris glances around at each of her sisters, who poorly try to hide their disappointment with your decision. You stand strong and reiterate that you wanna go with Beris. She sighs and stands up straight, reaches across the table and snatches you up into her fist.",
                "Speaks",
                    "Ugh, fine. Guess [ThePlayerName] is coming with me. If he escapes you three can fight over him next.",
                "Beris marches up to her room and tosses you onto a small wooden table next to her neatly made bed. The room is spartan and filled with only the barest of comforts, yet contains multiple workout tools, even a Bowflex.",
                "ChangeImageLayer", "Expression", "Beris", "Base",
                "Beris sits down on her workout bench and looks at you, and waits for you to decide on what to do. You look around her room looking for what you would like to do.",
                "JumpToEventThenScene", "Labyrinth Pet", "BerisRoomMenu"
            ]
        },
                        {
            "NameOfScene": "Ushris",
            "theScene": [
                "DisplayCharacters",
                "3",
                "EndLoop",
                "ChangeImageLayer", "Expression", "Ushris", "Seductive",
                "You select Ushris and she gives a dignified smile as she approaches the table and lays a delicate hand onto the table, waiting for you to step aboard. You oblige and step onto her palm, admiring how soft her skin is as you do so.",
                "Speaks",
                    "Very well then, I shall take excellent care of you and make sure that you are treated well as the pet of the Hellhound Sisters. Come along now.",
                "Ushris floats through the air using her magic and very quickly arrives at her room. She enters and you see a darkly lit room filled with bookshelves that store dark tomes and alchemical ingredients, a table set with a crystal ball and divination tools, and a bed that has been made neatly with a giant, fluffy comforter resting on top.",
                "Ushris sets you down on top of her table at the center of the room and sits down beside it, and begins to brew some tea. She invites you to look around the room and decide on what you want to do first with her. You take a look around as you decide what you would like to do with Ushris.",
                "JumpToEventThenScene", "Labyrinth Pet", "UshrisRoomMenu"
            ]
        },
                        {
            "NameOfScene": "Iabel",
            "theScene": [
                "DisplayCharacters",
                "4",
                "EndLoop",
                "ChangeImageLayer", "Expression", "Iabel", "Flustered", "ChangeImageLayer", "Face", "Iabel", "Blush",
                "You decide that you would like to go with Iabel first back to her room. You can see through her mask that she is blushing intensely from being your first choice and nervously approaches the table. Her snakes begin to wiggle cutely as she lays her slim hand onto the table, letting you step onto her palm.",
                "Speaks",
                    "A-Alright, I'll be sure to take good care of you. Let's go back to my room...",
                "ChangeImageLayer", "Expression", "Iabel", "Base",
                    "Iabel slowly begins to slither her way back towards her bedroom, and eventually makes it to a bare, stone floored room with a roaring fireplace set into the far wall from her door. Iabel has several desks and stands around the room filled with beauty products, and a tall mirror that currently has a tarp over it.",
                "Iabel sets you down onto the floor and invites you to look around and decide on what you would like to do first. You thank her and begin to wander and decide on what you want to do.",
                "JumpToEventThenScene", "Labyrinth Pet", "IabelRoomMenu"
            ]
        }
    ]
}
