{
  "name": "Maid to Serve",
  "CardType": "Event",
  "CardLimit": "1",
  "Description": "Ancilla has been losing her calm more and more often, give her a checkup.",
  "requires": [""],
  "requiresEvent": [
    {
    "NameOfEvent": "Cut Down to Size",
    "Progress": "1",
    "ChoiceNumber": "-1",
    "Choice": ""
    }
  ],
  "Speakers": [
      {
          "name": "Ancilla",
          "postName": "",
          "SpeakerType": ""
      }
  ],
  "EventText": [
      {
          "NameOfScene": "EventStart",
          "theScene": [
            "IfProgressEqualsOrGreater", "1", "Second Meeting",
            "ChangeProgress",   "1",
          "As you walk through the twisting paths of the dungeon, your heart starts to race as you register a second set of footsteps coming from behind you.",
          "You start to turn around to spot your assailant, but stop as a piece of paper is pressed into your face.",
          "Before you have a chance to pull it away from your face you feel the curse mark on your back start to act up, and you rapidly dwindle in height as the spell sheet dissipates.",
          "You stand up slowly, taking in the massive world around you as you eyes settle on a familiar pair of thigh highs and shoes. The stoic maid Ancilla has shrunken you.",
          "DisplayCharacters",
            "1",
            "EndLoop",
          "You look up at her and shout out in confusion, before realizing that she can't hear you. Ancilla also seems to recognize this problem as she bends at the knees and gently picks you up with her soft, dextrous fingers.",
          "ChangeImageLayer", "Expression", "1", "Concern",
          "Speaks",
          "My apologies for shrinking you without much warning, but I have need of you in your... diminished form.",
          "Her courteous tone and words help to lower your guard as you rest on the palm of her hand, and you ask what she needs help with.",
          "A hint of a blush forms on her cheeks as she looks straight at you.",
          "Speaks",
          "Well... recently one of my shoes has been hurting my feet, and I have been searching for a place that makes insoles, but there seem to be none throughout this entire island. Where I would you like you to come in, quite literally, is to serve as my insole for the next few hours for me.",
          "Ancilla sees your hesitation and speaks up again.",
          "Speaks",
          "Of course, you are free to refuse my rather selfish request, although I would pay you for your services for assisting me. If you are not comfortable with the task but would still like to assist me I would also like to request a massage from you at your size, which would also be rewarded monetarily.",
          "You mull over your options for a second before giving Ancilla your response.",
          "Menu",
          "Be her insole",
          "Give her a massage",
          "Decline her requests",
          "EndLoop"
          ]
      },
      {
          "NameOfScene": "Second Meeting",
          "theScene": [
          "As you wander through the halls of the dungeon you once again hear the swiftly approaching footsteps of a familiar maid.",
          "DisplayCharacters",
            "1",
            "EndLoop",
          "Before you have the time to turn around and greet her, you have already been shrunk as she places the spell sheet on your back.",
          "She picks you up and holds you in the palm of her hand as she greets you.",
          "ChangeImageLayer", "Expression", "1", "Concern",
          "Speaks",
          "Sorry again for not warning you before shrinking you, but I wish to ask you again to help me with my issues from before. Of course once again I will financially compensate you for either task performed.",
          "You mull over your options for a second before giving Ancilla your response.",
          "Menu",
          "Be her insole",
          "Give her a massage",
          "Decline her requests",
          "EndLoop"
          ]
      },
      {
          "NameOfScene": "Be her insole",
          "theScene": [
          "You tell Ancilla you'll be her insole for a bit.",
          "For a brief second, you could've sworn you saw Ancilla crack a smile, but you never see her expression change.",
          "Speaks",
          "Thank you very much for your consideration, I assure you it will only be for a short while before I release you and let you continue on your journey.",
          "With her short assurance done she removes one of her shoes and dangles you above it, letting you take in the heat and stench from her well-worn shoes.",
          "With no warning or grace the giant maid releases you, and lets you tumble into the dark confines of her shoe.",
          "You land on your back, and almost without thinking start to stretch yourself out so you fill in the center of her shoe with your body.",
          "As you take a second to prepare yourself, the stench and heat of the shoe finally register with you. The heat is what you'd expect from such a busy shoe, but you are surprised with how non-gag inducing the scent is. The scent of sweat still permeates the shoe, but you expected worse.",
          "At that moment your job finally starts as the massive foot of Ancilla enter the shoe. You lay flat and start to feel a tinge of regret as she massive foot covers your body and Ancilla lets her weight crush down upon you.",
          "You find yourself pinned up, with your face pressed up against the massive stockinged feet of Ancilla. You try to squirm but there's little room left for you in the shoe.",
          "You hear Ancilla mutter another apology to you as she starts to move around to continue her tasks.",
          "Ancilla's first few steps are awkward and slow as she seems to be testing out how much you can endure at first, but after rounding a corner in a hallway she starts walking as normal, much to your chagrin.",
          "Her constant steps as she goes from place to place in the dungeon place enormous amounts of pressure on your body, smashing and pressing you into the damp insole of her shoe with each step as you can only breathe in her sweaty scent.",
          "ChangeArousalByPercent", "35",
          "Ancilla stands still for a second as she seemingly talks to a group of imps in the dungeon, giving you time to relax.",
          "The scent and heat inside her shoe start to intensify, and you start to feel yourself getting erect even though your cock can't raise up while pinned against her sweaty foot.",
          "ChangeArousalByPercent", "35",
          "The feeling of her stockings on your body starts to entice you, especially as she slowly shifts her foot inside the shoe, dragging it ever so slightly, causing her foot to rub against your dick several times.",
          "You continue to breathe in the scent of her feet, straight from the source as your brain starts to feel the effects of only breathing in the hot, sweaty air and you can feel yourself starting to fall for Ancilla's feet.",
          "Absentmindedly, Ancilla starts to lean to one side as she talks to the imps, resting all of her weight on you as if she had completely forgotten about you.",
          "ChangeArousalByPercent", "35",
          "Then, just as suddenly as she had stopped, her steps started up again, and with each step you could feel the grinding motion of her foot against your dick again and again.",
          "PlayerOrgasm", "1",
          "In the heat of the moment you finally can't take it anymore, and let out a muffled moan into the foot of Ancilla as you release a load against her hot, stockinged foot.",
          "Finally, Ancilla returns to the place where she found and removes her shoe, taking her foot off of you.",
          "A blast of fresh air enters the shoe, and you pause for a second as a massive hand fetches you from the shoe prison you were in. Ancilla holds you in front of her face as she speaks to you again.",
          "Speaks",
          "My apologies again, talking to those imps took longer than I had expected. You were very comfortable underneath my foot, I would make use of your services again if you are willing.",
          "Ancilla sets you down along with a small bag of eros and walks away, letting you grow back to normal on your own.",
          "Slightly richer and more covered in sweat than before, you resume your journey.",
          "ChangeEros", "3000"
          ]
      },
      {
          "NameOfScene": "Give her a massage",
          "theScene": [
            "You tell Ancilla you'd like to massage her feet.",
            "She gives you a nod as she sits down on the hard stone floor of the dungeon and starts to take her shoes off.",
            "She stretches her feet for a second and sets them down on the ground, and then brings you over to them.",
            "As she sets you down at the base of her two feet you realize that they are more than double your height at this point, and you start to question how you can give a giantess a massage.",
            "Slowly, you start to approach the giantess feet, and you start to reach your hands out to her.",
            "Your hands make contact with the giant feet, and you start to press against them with all your might. You knead and press into her heels as hard as you can, hoping to hear some form of confirmation from the giantess.",
            "ChangeArousalByPercent", "35",
            "You hear Ancilla give an agreeable 'hm' sound as you massage her feet, and you peer past her feet to notice that she has pulled out a magazine from nowhere, and that you are being ignored.",
            "Your pride wounded and enraged you start to fight harder against the massive feet, determined to beat the stress out of Ancilla.",
            "The giant maid finally notices your efforts as you beat against her feet with your fists. She lets out a small chuckle before going back to her magazine.",
            "ChangeArousalByPercent", "35",
            "At this point you pause to catch your breath, and as you do you breathe deeply the scent of her feet. They are rich with sweat from walking around all day and permeate a strong scent that catches in your brain.",
            "Your hands loosen up and start gently massaging the feet of Ancilla again as you bring your face closer, eager to take in more of her scent.",
            "ChangeArousalByPercent", "35",
            "You bury your nose against her sole, breathing deeply as your hands absentmindedly continue to press and rub the hardened heels of the giantess maid. You are too distracted by the scent of the socks in front of you.",
            "Ancilla, up above, has seemingly fallen asleep as you hear a loud snoring noise from above. It seems this massage was an excuse for her to get a nap in.",
            "You don't mind as you stop massaging her feet and fully bury your face into the giant soles and begin to breathe deeply as your hands wander to your cock.",
            "ChangeArousalByPercent", "10",
            "Slowly, you start to stroke back and forth in time with your deliberate, deep sniffs of the massive stockings.",
            "ChangeArousalByPercent", "10",
            "Then you slowly speed up, as your mind is filled with only thoughts of the giant maid's feet.",
            "ChangeArousalByPercent", "10",
            "You lose control of yourself as you start to lick the giant feet you are masturbating to, taking in their salty taste with lustful greed.",
            "Finally, you let yourself cum as your spray your tiny load against the giant socks of Ancilla, knowing she'll never notice such a pitiful display on her socks.",
            "PlayerOrgasm", "1",
            "You pull away from the massive socks and drop to your knees, letting yourself take in the fresh air away form the giant feet.",
            "As you sit there panting, Ancilla seemingly wakes up from her nap and looks down at you, she gives you a nod as she sees you panting and assumes you worked hard massaging her feet.",
            "Speaks",
            "Thank you again for your work, it truly is nice to be able to kick my feet up for even just a little bit while I work around here. Here is your payment for your efforts, I will hopefully see you again.",
            "Ancilla sets you aside as she puts her shoes back on and stands up, and quickly departs from the hallway you two were in.",
            "As you grow back to normal you pocket the reward from Ancilla and continue your journey.",
            "ChangeEros", "3000"
          ]
      },
      {
          "NameOfScene": "Decline her requests",
          "theScene": [
          "You raise your voice as loud as possible to the giant maid to let her know that you decline both her requests.",
          "You think for a second that a frown crosses her face but she quickly returns to her neutral face and acquiesces to your decision.",
          "Speaks",
          "Very well, there is no point in trying to pursue the matter further, next time we meet in this way again I will once again ask for your assistance. Farewell for now.",
          "She sets you down on the ground and continues on her way as you grow back to normal. With your form restored you continue on your journey."
          ]
      }
    ]
}
