{
    "name": "Breaking the Oni",
    "CardType": "Event",
    "CardLimit": "1",
    "Description": "You spy Himika wandering through the hallways of the Willpower Temple and decide to have a little 'fun' with her.",
    "requires": ["Conquering Diminishment"],
    "Speakers": [
        {
            "name": "Himika",
            "postName": "",
            "SpeakerType": ""
        }
    ],
    "EventText": [
        {
            "NameOfScene": "EventStart",
            "theScene": [
                "You were walking through the twisting hallways of the Willpower Temple when you hear a set of footsteps approaching. Thankful you finally heard someone coming first you duck around a corner and wait to observe who it is.",
                "DisplayCharacters",
                    "1",
                "EndLoop",
                "You see Himika, the red Oni sister walking through the temple. She seems to be lost in thought as she wanders with her eyes glued to the floor. She walks right past your hiding spot without even noticing you. Not knowing when you would ever have the chance to catch her unawares again, you begin to draw on the magic of the spell Gwen gave you.",
                "The spell forms up into a solid orb of pink energy in your hands and you fire it outwards in a beam intent on striking Himika. The beam strikes true and your excitement races as the aggressive Oni begins to look around in confusion.",
                "ChangeImageLayer", "Base", "Himika", "Nude",
                "ChangeImageLayer", "Expression", "Himika", "Panic",
                "Speaks",
                    "What the fuck?! What's happening?! Hello?!",
                "Her eyes land on you as you step out of the shadows, her face contorts in anger as she starts to march up towards you, but her footsteps get smaller and smaller as she loses height steadily. Her wrappings and loincloth fall from her body and she stumbles as she gets caught up in her chest wrappings as she stands at just around half a foot tall.",
                "ChangeArousalByPercent", "15",
                "You walk over to the miniature oni and smirk as you pluck her out of her clothes and hold her body tightly in your grip. She struggles and uses her free arms to beat against your hand, but she's not big enough to actually cause you real pain, but it's still impressive the force she manages to pack into her tiny punches.",
                "ChangeArousalByPercent", "15",
                "ChangeImageLayer", "Face", "Himika", "Blush",
                "Himika's struggles slow down as she realizes the futility of her attacks and she finally comes to the realization of her being naked while you hold her tightly in your hand. She blushes as she looks over your giant body and realizes that you have already freed your erect penis from your pants as you make your way over to a nearby bench.",
                "ChangeImageLayer", "Expression", "Himika", "Shy",
                "ChangeArousalByPercent", "15",
                "As you sit down, Himika has long since stopped struggling and instead has shyly turned her head away from you as if she can't bear for you to see her naked body. You gaze down at her with a warm desire in your eyes, and you raise your fist above your head and slowly peel your fingers away from her body.",
                "ChangeArousalByPercent", "15",
                "Himika panics as you do this and clings tightly to your index finger as she dangles from your hand. You slowly begin to lower her further and further towards your mouth until you feel Himika's feet reach your tongue. Himika lets out a cute, panicked shriek as her feet touch against your tongue and your lips close around her waist.",
                "ChangeArousalByPercent", "15",
                "Slowly, you feed more and more of Himika's body into you mouth and feel her legs begin to slide against your tongue. You lap at her athletic, toned body as Himika squirms and writhes against the feeling of your tongue casually feeling her up. The sense of helplessness within Himika turns her an even deeper shade of red as you can tell that she is also enjoying this deep down.",
                "ChangeArousalByPercent", "15",
                "You force Himika into your mouth until her still bountiful breasts rest against your lips. You continue to let your tongue go crazy against the rest of her body, licking at her toned abs and her well-defined legs. There isn't a single part of Himika that you don't coat in your saliva as your tongue runs over her again and again.",
                "Finally, you open your mouth and pull Himika away from the inside of your mouth, holding her in front of your face as you stick your tongue out and press it against her chest. Himika moans as you flick your tongue against her breasts over and over, panting as they bounce like mad from the force of your tongue.",
                "ChangeImageLayer", "Expression", "Himika", "Flustered",
                "You purse your lips and plant a big kiss against Himika's doll-sized body, feeling the curves of her breasts against your lips and the definition of her body as you do so. The sensations of being able to dominate Himika so easily floods your mind and you feel your cock twitch as you desire more.",
                "ChangeArousalByPercent", "15",
                "You begin to lower Himika towards the bench you are sitting on, and as Himika sees your cock that stands just an inch taller than her current form, she begins to struggle again. You ignore her struggles as you press her face into the slit of your cock, watching bubbles rise up as her tiny words are lost in the mass of precum that forms on the tip of your cock.",
                "ChangeArousalByPercent", "25",
                "Himika's struggles slow as your precum covers her head. You know that she doesn't need to breathe but you pull your finger off her head as she pulls it back and takes a deep breath, using her hands to wipe the excess from her face as she starts to shout up at you again.",
                "ChangeArousalByPercent", "25",
                "You are excited by how much energy Himika has, and as you start to slowly move your hand along the shaft of your manhood, Himika begins to slide up and down with it. Her words fade away as you lose yourself to the pleasure feeling of using this powerful monster to get yourself off.",
                "ChangeArousalByPercent", "25",
                "You cum immediately from the stimulation of Himika's body and frown as ropes of your cum land along the floor of the Temple. You slow down with Himika and she uses this moment to catch her breath as you hold her against your still rigid cock.",
                "PlayerOrgasm", "1",
                "ChangeImageLayer", "Expression", "Himika", "Panic",
                "ChangeArousalByPercent", "30",
                "Feeling her tiny breaths against your member gives you an idea, and you pull Himika away as you lift your butt off the bench for a moment and set Himika down with face pointing up towards the ceiling. You keep her pinned down with two fingers as you position yourself over her, and you drop your testicles directly onto Himika's face.",
                "ChangeImageLayer", "Expression", "Himika", "Flustered",
                "ChangeArousalByPercent", "30",
                "You let out a slow moan as you sit back, letting the feeling of Himika's tiny body fighting against your testicles flood into you. The scent of your musk and the heat from your balls begins to radiate and wash over the shrunken Oni as she struggles to resist the pressure weighing down on her.",
                "ChangeArousalByPercent", "30",
                "Her struggles feel amazing as her hands press into your ballsack. She struggles to lift their massive weight off her body in the vain hopes that she can free herself. You chuckle as your cock twitches with excitement and you slowly begin to stroke your shaft again.",
                "ChangeArousalByPercent", "30",
                "As you stroke your shaft, each push downwards sends a wave of additional pressure onto Himika, who grunts and strains as her body is slammed into over and over again by your heavy balls. Her struggles slowly stop as her strength fades but you are beyond feeling her as the pleasant sensations of her just being underneath you sends shuddering waves of pleasure through your body.",
                "ChangeArousalByPercent", "30",
                "Soon enough after your first orgasm, you feel a second wave of pressure strike and you slowly rise to your feet and turn around, expecting to wash Himika in a wave of your semen. But, as you turn around, you can't find the shrunken Oni anywhere.",
                "PlayerOrgasm", "1",
                "You release your orgasm anyways and leave a puddle of cum on the wooden bench. As you pant and bend over the bench, you feel a twitching sensation on you balls and your senses feel the weight of Himika, plastered against your testicles from the sweat and you can't help but laugh at her predicament.",
                "You peel the feisty red woman from you balls, so thoroughly defeated that she just dangles from your fingers as you set her down into the pool of your cum.",
                "Having 'defeated' Himika, you continue on your journey."
            ]
        }
    ]
}
