{
    "name": "Venefica's Size Fuckery",
    "CardType": "",
    "CardLimit": "0",
    "Description": "Last you interacted with Venefica, you were semi-cursed to believe you were her insole. Now, Venefica believe she can physically transform you using this curse into several objects.",
    "requires": ["Objectification Curse"],
    "requiresEvent": [
        {
            "NameOfEvent": "",
            "Progress": "99",
            "Choice": "",
            "ChoiceNumber": "-1"
        }
    ],
    "Speakers": [
        {
            "name": "Venefica",
            "postName": "",
            "SpeakerType": ""
        },
        {
            "name": "Elly",
            "postName": "",
            "SpeakerType": ""
        },
        {
            "name": "Kotone",
            "postName": "",
            "SpeakerType": ""
        },
        {
            "name": "Gwen",
            "postName": "",
            "SpeakerType": ""
        },
        {
            "name": "Haruka",
            "postName": "",
            "SpeakerType": ""
        },
        {
            "name": "Imp",
            "postName": "",
            "SpeakerType": ""
        },
        {
            "name": "Drake",
            "postName": "",
            "SpeakerType": ""
        },
        {
            "name": "Tony",
            "postName": "",
            "SpeakerType": ""
        },
        {
            "name": "Roy",
            "postName": "",
            "SpeakerType": ""
        },
        {
            "name": "Leo",
            "postName": "",
            "SpeakerType": ""
        },
        {
            "name": "Nova",
            "postName": "",
            "SpeakerType": ""
        }
    ],
    "EventText": [
        {
            "NameOfScene": "EventStart",
            "theScene": [
                "Speaks",
                    "You wanna know something, [ThePlayerName]? I think I have some new ideas about how I can affect you using your cursemark, are you interested in seeing what I can do?",
            "Venefica lays out some options on how she plans on twisting your size cursemark to allow you to merge with various fabrics and objects across the continent. You think for a second before giving her your answer.",
            "Menu",
                "Turn me into clothing!",
                "Turn me into something squishy!",
                "Turn me into a girl!",
                "I've changed my mind!",
            "EndLoop"
            ]
        },
        {
            "NameOfScene": "Turn me into clothing!",
            "theScene": [
            "Speaks",
                "Excellent, I knew you'd wanna try and alter your form to be worn by beautiful women, now let's choose someone to put you onto.",
            "Menu",
                "Venefica's bra",
                "Elly's panties",
                "Kotone's Sock",
                "I've changed my mind!",
            "EndLoop"
            ]
        },
        {
            "NameOfScene": "Venefica's bra",
            "theScene": [
            "You sheepishly look up at Venefica and tell her that you wish to be her bra for the rest of her shift.",
            "Speaks",
            "That is what you want? Fine, I'll grant your wish and allow you to become the support for my breasts.",
            "Venefica reaches out her hand and a beam of green energy arcs forward and hits you square in the stomach. Immediately the energy ripples across your body as the curse mark on the back of your neck flares up and glows a bright pink.",
            "You feel your body begin to shrink in a familiar way to how the curse usually affects you, but in this instance you feel your own body folding in on itself and you can feel your consciousness struggle as you start to melt into a blob of pink energy in the middle of Venefica's shop.",
            "Venefica reaches her hand out towards you and slowly uses her fingers to beckon your gaseous, wisp-like form towards her. You have no ability to resist her in your current state as you are drawn in towards the giant baker.",
            "Your energy form is guided towards Venefica's body until she fully grasps you and guides your consciousness into her dress, merging you with the rigid fabric of her dress.",
            "You are completely rigid as you become the upper pieces of Venefica's outfits, tasked with the herculean effort of keeping the giantess baker's tits contained. Your senses go into overdrive as you are bombarded with the sensation of Venefica's tits pressing against you, bulging slightly as you compress tightly to them.",
            "The feeling, taste, and scent of sweat also begins to immediately permeate through your body as you acclimate to your new form. The sensation of your 'body' being drenched in sweat courses through your body, but you are helpless to distract your mind from the sensation of that and Venefica's heaving tits stretching you out.",
            "Venefica hears a timer sound in the distance, and as she moves away to check on some sweets you feel her every step causes her tits to bounce and jiggle, making them fight against you and stretch your cloth form. You feel no pain as this happens, but it gives you the sensation of being extremely, unsettlingly full as Venefica's breasts push you to your limit.",
            "You struggle to focus your thoughts as Venefica bends over and opens an oven door and a wave of heat strikes the two of you. Venefica pulls a tray of cookies and hovers over them as she makes sure each of them is perfectly done as new beads of sweat form on her body in this hot kitchen.",
            "As these beads of sweat roll down her breasts and bump into you, they absorb and are mixed into you. The sensation of being waterlogged as you are forced to taste every drop of sweat swirls in your brain, leaving you reeling as you can do nothing but bear it until Venefica's shift is over.",
            "Venefica continues to tend to some of her baked goods and touch up the shop, giving you no time to pause and collect yourself. The countless feelings and sensations swirling around in your mind as you can do nothing to relieve yourself intensifies, and soon you can feel yourself starting to enjoy Venefica's movements, and enjoying the smells and tastes and sensations.",
            "Eventually, Venefica reaches a point where she can rest. She makes her way back to the counter near the front of her store and leans forward, her breasts touching against the counter and pulling some of the colossal weight off your form. ",
            "As the overwhelming sensations lessen on your mind for a second you feel slightly empty, and a creeping feeling in you causes you to yearn again for Venefica's breasts to dominate you.",
            "Your wish is soon answered as a customer walks into the store and Venefica bolts upright, sending her breasts heaving for a moment as they once again weigh down heavily upon you, resuming the sensation of being stretched to your limit.",
            "Venefica chats with the customer about several things, but your mind is thoroughly dominated and occupied primarily by the feeling and scents flowing through you, as every step of Venefica's causes you to shake and quiver in pleasure in your mind as Venefica's breasts push and bounce into you again and again.",
            "After bagging up the treats for her customer, Venefica sends them off before going to sit down on a stool in her shop. She lets out a sigh of relief as she sits down, but you are still struggling internally as you have been edged in pleasure in this form for hours now, with no hope of release in sight.",
            "Venefica glances down at her dress and thinks about how you must be feeling at this point, as she raises a hand near one of her breasts and flicks herself hard, causing a sharp sensation of pleasure and shock to ravage your mind. You long for the sensation of getting to release, but Venefica leans back and lets out a laugh as her breasts heave and bounce against you.",
            "Hours pass as Venefica continues to work on various projects and tend to the store. In dull moments she'll squeeze her breast or do a little hop in place to have her breasts continue to assault and struggle against you, leaving you exhausted and mentally ravaged as the hours tick by.",
            "Finally, the day comes to an end as Venefica flips the sign of her shop over and she closes her doors to customers. You hear her talking as she sits down and a brilliant glow of purple light fills you weary mind.",
            "You find yourself sitting on the floor of the Bon Bon Bun in your normal state, completely exhausted and drained from the past few hours of being worn by Venefica.",
            "Venefica helps you to your feet and sends you home. You start the trudge back to town feeling heavily weighed down by the edging you just experienced.",
            "ApplyStatusEffect", "Rut",
            "ChangeArousalByPercent", "99",
            "You head back to town."
            ]
        },
        {
            "NameOfScene": "Elly's panties",
            "theScene": [
            "You tell Venefica that you want to be the underwear for someone shy and Venefica flashes a sly smirk at you before agreeing to your request.",
            "Raising her hand toward you, Venefica begins to conjure an orb of arcane energy in her hand before gently pushing it towards you. The spell makes contact with your chest and immediately causes your body to rapidly deteriorate until you are a floating mass of particles and magic.",
            "Speaks",
            "Fly freely, and may your trip into the world be everything you hope it to be.",
            "DisplayCharacters",
            "",
        "EndLoop",
            "DisplayCharacters",
                "2",
            "EndLoop",
            "You cannot help but feel a twinge of sarcasm in Venefica's voice as she gently presses her palm against your gaseous form and sends you out from her store towards your new destination.",
            "You soar through the sky, your new form being guided by magic towards the main town in Lucidia until you reach the guild hall. Once you arrive you slip into the building along the ground and travel towards the corner where a familiar bookworm is once again reading through a large tome.",
            "Easily, your form races up her dress until you make contact with Elly's panties. Immediately your body begins to fuse in with the fibers of her underwear, until you are one with the emerald green panties that cling closely to the bookworm wizard's private parts.",
            "Elly's eyes don't waver as her panties gain the ability to feel, smell, and taste all the sensations that happen deep beneath her thick, heavy robes. Your mind starts adjusting to your new body and the immediate sensations of being a pair of panties.",
            "You hug tightly to Elly's body, but at no point in your form do you get the sensation of being stretched, only the sensation of holding firmly onto Elly. The taste of her body flows through every last inch of you as she sweats from being in her robes all day.",
            "The total darkness around you leads to your sense of sight being dulled by the magic of Venefica's spell on you, and in turn you can feel your other senses heighten as you become more in tune with the tiniest changes in Elly's posture and her movements, and converts a large amount of those sensations into raw pleasure that is funneled directly into your brain.",
            "Elly starts to rock and sway gently in her seat, before she suddenly whispers under her breath and starts to wiggle her butt harder against the seat cushion. The sudden grinding motions against your body against Elly's rear sends you into a tizzy. You are helpless to the acts of the unaware giantess as you scrape and move against her robes and the chair as her butt moves from side to side.",
            "As Elly slows her grinding down, you find that the part of you that covers her butt has slowly become wedged up into her ass crack. The smell that permeates the part of you that is wedgied against Elly's butt is intense, and the heat only makes the feelings that bubble and churn in your mind hit harder as the warmth and the shaking from earlier leaves you groggy and discombobulated.",
            "Slowly, a bead of sweat forms near Elly's waist and slowly but gently trickles down towards you. Once it finally connects the hot bead of sweat snaps you from your stupor and makes you aware of the rest of Elly's body, and you feel the heat and outline of her pussy pressed against your cloth form.",
            "You try to focus your mind on the sensation of being so close to Elly's pussy without being able to interact with it, to savor the feeling and taste of it when a chance movement from Elly rubs your body against herself.",
            "With each wiggle in her chair, or a hop in place to flatten the cushion back down, you only feel more and more pleasure from the giantess wizard. The sensation of being edged in such a form where you cannot obtain relief no matter what drives you crazy, driven further knowing that Elly has no clue she is even toying with you.",
            "You wish you could satisfy the urges building in your mind, to thrust your tongue into her pussy, or to tightly grab onto her ass and fuck her silly, but you bask in the sensation of helplessness, at peace with the pleasure being inflicted onto you.",
            "As you come to grips with your form and the pleasure you are receiving, you suddenly feel Elly's stomach rumbling. You hear her whispering again before a white-hot stream of air silently escapes from her asshole and blasts directly into your still wedgied form in her ass crack.",
            "The hot, putrid air blasts into your body, filling you with the strange sensation of having gas moving through you as it sails past the fibers of your body. Every part of you can taste and smell the air that flows through you, and you lament Elly's wardrobe choice as you realize that her fart is locked inside of her robe until it fully disseminates.",
            "You writhe and struggle as the scent that hangs at the front of your mind keeps you focused on the tastes and scents all over your body, and you can't turn your nose off against a feeling that seeps into every part of your being, leaving you helplessly horny as Elly's fart washes over and through your body.",
            "After several minutes you finally notice a lessening of the scent of Elly's fart within her robe, and soon the multitude of feelings that swirled in your mind start to fade, leaving you with the numb sensation of being hopelessly horny for what has felt like an eternity.",
            "As you lament the burning numbness of being edged for so long, you hear Elly whisper about her panties riding up her ass, and you feel her shift her weight to one side as she lifts a cheek off the seat cushion.",
            "Elly glances around the guild hall before sliding a hand inside of her robe and bringing it down to her ass and bringing her finger into contact with your body as she scratches near her asshole, trying to satisfy an itch that's been bugging her.",
            "Elly's finger digs deep as it scratches through your body against her ass. The sensation of being scratched and having your form pulled and stretched in this form should have filled you with pain, but instead all you can do is internally writhe in pleasure as Elly nonchalantly abuses your body to scratch an itch.",
            "As she finishes scratching her itch and her fingers pull away, you prepare for another long stretch of quiet reflection on how horny you are, but instead another blast of hot, stinky air jets out from her asshole and begins to choke you out once again.",
            "Having been unwedgied by Elly's scratching, you more evenly cover her ass and can feel as the jet stream of hot air punches through your body, causing you to again feel the strangely arousing feeling of having your body be penetrated and ran through by the air of the unaware wizard wearing you.",
            "However, all things must come to an end as the heat and stifled air starts to overwhelm your mind, and you soon grow tired and unable to help maintain this form of yours. You begin to fade out and soon wake up in a back room in Venefica's shop.",
            "Venefica glances up from a newspaper as she addresses you.",
            "Speaks",
            "Hey there champ, glad you came back in one piece. I'm guessing that half-pint really did a number on you if you were sent back unconscious to me.",
            "You wearily sit up on the couch you are posted up in and mumble in agreement, but you can't focus as you feel the arousal from the experience surging through you, and you can feel yourself longing for true release.",
            "ApplyStatusEffect", "Rut",
            "ChangeArousalByPercent", "200",
            "Venefica watches as you stand up, your legs still shaking from exhaustion due to the spell, and she waves goodbye as you set out on the long trek back to town."
            ]
        },
        {
            "NameOfScene": "Kotone's Sock",
            "theScene": [
            "You tell Venefica you want to be socks for the sexiest feet on the continent.",
            "Venefica conjures a spell around you that slowly breaks down your body until you are a floating mass of magical particles. With a nudge of her hand and a guiding word, Venefica sends you out into the world towards your destination.",
            "DisplayCharacters",
            "",
        "EndLoop",
            "DisplayCharacters",
            "3",
        "EndLoop",
            "You zip and zoom around the mountain until you arrive at the Will-Power Temple. You barrel inwards and make a break towards the left side of the Temple as you make contact with Kotone, who is walking towards her room.",
            "You silently zip underneath her kimono and make contact with Kotone's white ankle socks and merge with them. You feel your consciousness split evenly into the two socks and you can feel yourself molding and shaping around Kotone's perfect feet.",
            "Kotone continues about her day, her tail swishing back and forth as she is unaware of your transformation into her socks. She steps about the room with grace as she seems to be tidying up in preparation for some event.",
            "You are unable to process anything happening beyond the occasional glimpses of the outside world you see through the slit in Kotone's kimono, but you pay the world no mind as you focus on the feeling of engulfing Kotone's feet, and getting to feel them crush down upon you with every delicate step she takes.",
            "You feel stretched lightly around her feet, but not enough to cause discomfort, allowing you to focus your mind on the sensations of taste and smell in your mind as Kotone's perfume and sweat blends in with your fabric, suffusing into your very body.",
            "As you dwell on the alluring sensations coursing through your mind, the door to Kotone's room opens and she welcomes the adventurer with a cheery voice and urges them to come and sit in one of the chairs within the room.",
            "Kotone rushes over to the adventurer and prepares them a cup of tea as the two chat. Kotone remains on her feet for quite some time as she talks to the adventurer. Suddenly, you feel a surge of magic within Kotone as floating lights appear in the room around the adventurer.",
            "Kotone leans in towards the man, letting her kimono part around her cleavage as she wiggles it enticingly for the adventurer, who quickly succumbs to Kotone's hypnotic allure. The man is reduced to a breathing statue as he absentmindedly stares into Kotone's breasts. Kotone wiggles her toes in pleasure at her spell working and sets to task on pleasing the adventurer.",
            "With the trance in place, Kotone leans back and slowly undoes her kimono as she knows the adventurer won't remember a thing. With her body exposed, Kotone also slips out of her tabi and stretches her toes before walking over to the adventurer, who dazedly directs his gaze in her direction.",
            "Kotone smiles and coos at the adventurer, stroking his chest with her hand as her breasts bounce in front of him captivatingly. He lets out a gasp of pleasure as Kotone's other hand slowly slides down his stomach and slips under his pants as Kotone continues to talk in a straight and soothing voice to the adventurer.",
            "The adventurer starts to mutter again, but Kotone pulls her hands back and tells him to get on the ground, and Kotone whispers that he's a good boy as she raises one of her sock-clad feet high above the chest of the adventurer before bring it back down upon him and pressing down with her weight.",
            "You can feel the heartbeat of the adventurer speed up as his breathing becomes sparser with the weight of Kotone on his sternum makes it harder for his lungs to expand, and you feel trapped in a strange situation as Kotone slowly rubs you up and down the adventurer's chest.",
            "Kotone occasionally raises her foot long enough for the adventurer to take another breath, before sending you and her foot crashing back down onto various parts of his body like his stomach, or his neck as Kotone plays with the man's breathing.",
            "After several minutes of breathplay, Kotone commands the adventurer to strip, to which he readily does as he discards every piece of clothing and hurriedly tosses everything aside. Kotone praises him again as she stands near the nude adventurer's face.",
            "Kotone then commands the adventurer to start touching himself, and so he greedily takes his rigid cock in his hands and starts to slowly pleasure himself, stroking himself up and down as he moans the whole time.",
            "Kotone praises the man as she raises a socked foot over the adventurer's face, before slowly lowering it down onto him as he continues to moan. As you make contact with the adventurer's face you feel the sensation of him puckering his lips as he places desperate, sloppily wet kisses onto Kotone's socked foot.",
            "The sensation of Kotone's old sweat and this man's new saliva mixes deep into your fabrics as you try to ignore the slobbering tongue of this hypnotized adventurer and focus on your other consciousness as Kotone balances on her other foot, putting considerable pressure onto that consciousness.",
            "Kotone slips her socked toes into the adventurer's mouth, jarring you back into focus in this sock as you feel the man sucking and licking at the socked toes in his mouth, drenching you in his saliva.",
            "Giggling, Kotone pulls her foot away from the man, leaving him gasping and begging for the foot back. Kotone ignores him as she walks down towards the midsection of the adventurer, and she slowly raises her dry sock until it hangs over the erect cock of the hypnotized man.",
            "Kotone slowly and teasingly brings her foot down onto the man's penis, laying it flat as Kotone inches forward and back as she strokes the length of his penis with her foot.",
            "The sweaty, hot taste of this man's cock envelops your senses as you try to divert your mind to anything else, but your mind can only focus on the sensation of being forced to assist in this footjob as Kotone keeps up her slow, sensual pace.",
            "Feeling the man's excitement, Kotone quickly brings him back down by pulling her foot back and letting the man's erection stand tall again. Kotone then hovers her foot directly over his tip as she teasingly lowers her sole down onto his drooling tip and uses her sock to mop up the leaking precum, forcing you to take in the salty mixture into your fibers.",
            "Your senses are going rampant as the mixture of saliva, cum, sweat, and so many emotions churn and fight inside you.",
            "Kotone slowly wraps and flexes her toes onto the shaft of the hypnotized man while she continues wearing you, and continues to bring her sole up to soak up any precum that leaks out as she continues to edge the adventurer.",
            "The man's breathing accelerates, as he frequently moans out to Kotone that he wishes to cum, but every time he does so, Kotone simply pulls her foot away from the man, leaving him pathetic and begging for her feet.",
            "Eventually, you feel the man's tension nearly hit its fever pitch as he nears the edge of orgasm, only for Kotone to pull back from him completely and step away from the man, leaving him a shaking mess as he begs for more.",
            "Kotone gives the man some time to cool off as she slowly seats herself on the floor near the man's torso, before slowly peeling both socks from her feet. You feel strange as the feet inside you are pulled away, and a strange hollowness fills you.",
            "Kotone teases the man some more as she takes the saliva-coated sock and slowly balls it up before shoving it into the man's mouth, gagging him and causing his muffled moans to only blow more hot air into you.",
            "Taking her other sock, Kotone opens the mouth of it wide as she lowers it over the drooling cock of the adventurer, before gripping it tightly as she starts to jerk him off again.",
            "Sweat, saliva, and semen all flow through you as the sensations going through your body start to drive you wild. Kotone's firm grip around the manhood of the adventurer as she uses you to jack him off gives you the sensation of being fucked vigorously by this man, and your brain starts to sputter as the pleasure of his moans and his throbbing cock pushing against your fibers starts to hit your mind.",
            "The adventurer's tongue batters and pushes against your body as he struggles against the sock in his mouth, but it only adds fuel to your incoherent pleasure as you feel his body raking over your body, along with his hot cock thrusting into you again and again.",
            "Moments pass before the moans intensify, and you feel a surge of pressure building within the man as Kotone speeds up her hand and encourages the man to cum.",
            "The adventurer lets out a loud, powerful moan into you as a  string of white hot cum fires from his penis, and your mind swims in pleasure as you feel his cum shoot through your fibers and pool around you. You feel his cum burst through your body and slowly seep through you, leaving you with the sensation of being bloated as you become waterlogged with cum.",
            "Kotone continues to jack him off and milks the last few bits of cum from him before removing you and discarding your used form into a laundry basket. You lay in the basket surrounded by the rest of Kotone's dirty clothing as you process the sensations and the shivering coldness you feel with nothing inside you, and you long to feel a release like that man felt.",
            "After just a moment longer, your consciousness fades out from the socks and you soon wake up back inside Venefica's shop. She gives you a dull greeting and lets you wake up before you head back to town.",
            "As you head back to town, you can't help but feel the pleasure from the experience in your body, and the yearn for release aches through your body."
            ]
        },
        {
            "NameOfScene": "Turn me into something squishy!",
            "theScene": [
                "Speaks",
                    "Well alright, if you wish to go down this route, who am I to stop you. Now, what and where should I send you into?",
            "Menu",
                "Onahole for Gwen",
                "Haruka's Cock",
                "Haruka's Condom",
                "I've changed my mind!",
            "EndLoop"
            ]
        },
        {
            "NameOfScene": "Onahole for Gwen",
            "theScene": [
            "You ask Venefica to be turned into something squishy and playful.",
            "Venefica conjures a spell around you that slowly breaks down your body until you are a floating mass of magical particles. With a nudge of her hand and a guiding word, Venefica sends you out into the world towards your destination.",
            "DisplayCharacters",
            "",
        "EndLoop",
            "DisplayCharacters",
            "4",
        "EndLoop",
            "You fly into town and zip and zoom through the crowded inn. You veer hard up the steps and fly down hallways until the spell wedges you underneath the door of the stoic Gwen, who is busy digging through a drawer in her room until she pulls a large, cylindrical piece of rubber and latex out with a tunnel running through the center.",
            "The spell locks onto the object in Gwen's hand and sends you on a collision course with it. As you make contact you are drawn in and fused into the object fully. Once your mind settles in and starts processing the feel and shape of the object you have become it finally dawns on you that you have merged with Gwen's onahole as she is about to use it.",
            "Your new form feels pliable, and you can tell that this onahole has been well cared for as you don't notice any lingering scent or taste anywhere within or around you. You have hope for this experience to be a pleasant one right as Gwen opens her mouth and lets a large glob of drool form and fall off her tongue, landing in your exposed hole.",
            "Gwen takes her free hand and puts two fingers together as she slowly wipes the fallen saliva all around your gaping opening, occasionally spreading her fingers inside you as she makes sure you are ready to receive the monstrous cock that she possesses.",
            "ChangeImageLayer", "Gwen", "Horny", "",
            "With her preparations done, Gwen excitedly angles your opening towards her already hard dick. You can smell and see the shining drops of precum that have formed on her tip and brace yourself as Gwen lowers you onto the tip of her dick.",
            "At first you take the early bits of Gwen with ease, and she is content to rub your rubbery form around the tip of her penis as she lets out some moans at the tight grip you have on her, but soon Gwen hungers for more and begins to force your form lower onto her shaft.",
            "You struggle to accept the girthy cock into your form, but with enough force from Gwen you can feel your insides unraveling and loosening with each ramming strike of her cock until the head of her penis finally penetrates through to the other side of the tunnel, and you find yourself skewered through on Gwen's rigid cock.",
            "Gwen lets out a moan of pleasure and relief as she finally pushes through to the other side, and gets a firm grip around your midsection as she strokes you up and down the length of her cock, shuddering in pleasure every so often as she varies her grip to please herself.",
            "You find yourself awash in pleasure as Gwen vigorously uses you as her fuckhole, constantly rubbing you against her cock nonstop sends wave after wave of pleasure through your mind as you feel her cock stretch every last inch of you. The sensation of being penetrated on both ends as if you were being spitroasted only adds to the perverse pleasure you gain from this moment.",
            "Each stroke of Gwen's hand builds the pleasure inside the two of you, and Gwen's sporadic moans and sighs as she continues to fuck you makes you wish that you could express your pleasure, instead of being trapped within your mind being forced to endure such pleasure.",
            "Minutes of this fucking passes as you feel Gwen's cock building with pressure, and you can tell through the tenseness of her body that she is struggling to hold back her orgasm as she attempts to milk out another few strokes of pleasure.",
            "Gwen is unable to contain herself for long, however, as she lets out a cute scream that breaks her stoicism as she unleashes a huge load of white, hot cum onto her floor. Her cock twitches and quivers as she slowly uses you to wring and stroke out the last bits of cum in her system before she goes flaccid.",
            "The sensation of Gwen cumming and firing her thick seed sent untold waves of pleasure through you, only to disappoint you as you find yourself still relentlessly horny and stuck in a form that leaves you hungry for release. As Gwen's cock slowly goes flaccid with you still around her, you beg inside your mind for more.",
            "Gwen's mind clears up after her orgasm as she realizes the mess that she made and heads to her bathroom to start cleaning up the mess she made, muttering that she doesn't want to be on Vivian's bad side.",
            "As she stands up you realize that she is still wearing you around her meaty cock, and that even while flaccid she is big enough to wear you on her cock, albeit with less stretching than normal. With each step she takes you can feel yourself still stroking her cock, but you have a greater moment to appreciate the sensations around you.",
            "Gwen grabs a mop from her bathroom and silently starts to clean up the pooled mess of cum on her floor. However, her mind does not seem to be in it at all as she reflects on the orgasm she just had.",
            "While Gwen is cleaning you have a moment now to take in sensations other than the feeling of touch of being skewered through on her cock, and the thick, salty taste of Gwen's cock begins to spread through your mind as you sway with her cock.",
            "Gwen finishes mopping up her cum and is putting her cleaning materials back into her bathroom when her cock slowly hardens again from rubbing constantly on the onahole she still is wearing around her cock. You feel the sensation of this flaccid penis hardening and expanding inside of you again. As it stretches out your rubbery insides you desperately wish you could moan to in some way express your pleasure.",
            "Gwen wastes no time to resume her hardcore fucking of the onahole as she starts off with an incredible pace that quickly leaves your mind dizzy with pleasure as Gwen bends forward and huffs hard in pleasure with each stroke.",
            "Each stroke slams you hard and fast along the length of Gwen's cock, and you can feel the onahole form you inhabit stretch to its maximum as Gwen slams you against the base of her fat cock, oblivious to the person residing within her onahole who is forced to endure her unhinged dick's rampage.",
            "After a few minutes of this vigorous, wild fucking you begin to feel exhausted, and mentally stretched to your maximum as Gwen loses herself to pleasure again fucking this onahole until she lets out another string of cum into her shower. Gwen lets out a whimpering, satisfied moan as she milks herself dry yet again and slowly slumps to the floor, panting in pleasure and satisfaction.",
            "With Gwen satisfied she finally removes the fleshlight from her cock, and slowly stands up as she moves towards her sink. She runs the onahole under a running stream of warm water and thoroughly and methodically cleans out the sex toy with ample amounts of soap.",
            "The sensation of Gwen's cock leaving your body feels strange, and makes you feel hollow for a brief few moments before the water and soap blast through you as Gwen cleans you out entirely, leaving you feeling even more exhausted from the barrage of sensations hitting your insides.",
            "After drying out the sex toy, Gwen walks over to her dresser again and opens her underwear drawer. There, she stashes the onahole deep under the cover of her ill-fitting thongs and panties and closes the drawer, leaving you in darkness with the rest of her clothing.",
            "There, in the darkness, you finally feel your energy fail you and you return home to Venefica's shop, where you wake up some time later with the feeling of having your ass and mouth stretched beyond reason. You rub your jaw as Venefica checks to make sure you're awake.",
            "After making sure you're fine, Venefica sends you back to town to rest up properly. On the way back to town you can't help but shake the sensation of being pleased beyond measure, and the yearn for release aches through your body."
            ]
        },
        {
            "NameOfScene": "Haruka's Cock",
            "theScene": [
            "You ask Venefica to be turned into something squishy and sexy.",
            "Venefica conjures a spell around you that slowly breaks down your body until you are a floating mass of magical particles. With a nudge of her hand and a guiding word, Venefica sends you out into the world towards your destination.",
            "DisplayCharacters",
            "",
        "EndLoop",
            "DisplayCharacters",
            "5",
            "6",
        "EndLoop",
            "You are traveling up through the forest until you arrive at the Forest Dungeon and collide with Haruka's monstrous cock as she is pinning down a defeated imp.",
            "Speaks6",
            "A-Ah...♥ Y-You beat me, b-but you’re not going to do anything to me... Right?♥",
            "Haruka grins widely down at the Imp, who quivers with horniness as she gazes longingly at the monstrous cock that peeks out through Haruka's skirt.",
            "Speaks5",
            "Hehehe, well actually, I think I need to blow off a little steam. I think we'll start first with that teasing little ass of yours.♥",
            "Haruka easily flips over the Imp, who shrieks in faux-terror as Haruka begins to mount her and presses the tip of her cock right up against that taut, puckered asshole of the Imp.",
            "Being transformed into Haruka's cock is a bizarre experience, as all of your senses are transported directly into Haruka's sensitive sex organ. You can feel and taste the asshole of the Imp being pressed against you and the heat emanating from the pair is enough to drive you mad.",
            "Haruka takes a moment to slowly grind her member up and down the length of the Imp's ass, teasing her with playful spanks that cause the small demon's ass to clench around you tightly.",
            "The heat and pressure you are forced to endure drives you crazy with pleasure, and soon you can feel Haruka's need to fuck this Imp flow through you as well.",
            "Slapping her cock against the Imp's ass, Haruka firmly grasps the waist of her smaller partner and readjusts herself to press the tip of her cock once again directly against the Imp's tight asshole. You feel yourself pressed against the asshole, and soon feel yourself being tightly thrust against it as Haruka's eyes glow with devious passion as she tries to fuck the Imp.",
            "The Imp cries out in pleasure as the tip of Haruka's penis slowly makes its way inside her, and you can feel yourself being squeezed hard by the tiny demon's rear end as her body reflexively tightens in response to the massive, thick cock that is attempting to enter.",
            "Haruka smirks again at the Imp's cries of pleasure as she hooks her arms underneath the arms of the Imp and brings her in as close as possible while inching deeper and deeper into the Imp's ass.",
            "You creep forward inside the darkness of the Imp's ass, unaware that with each violent, aggressive thrust you are closer and closer to being hilt deep inside the Imp. WIth a final thrust Haruka manages to press the Imp against her pelvis and full submerge her penis inside the Imp's ass, causing her stomach to bulge as such a large penis rests inside her.",
            "Haruka wastes no time in letting the Imp rest, as she quickly begins to fuck the Imp with speed and aggression, causing you to slam along the length of the Imp's insides as they squeeze and press on you from all angles.",
            "The Imp's ass does gradually loosen as Haruka keeps up her speed, and you can eventually fall into the groove with Haruka as pleasure builds for all 3 of you.",
            "You soon realize that two different forms of pleasure flow through you, as Haruka's physical pleasure flows through her, and by extension you, and the pleasure that builds in the back of your mind as you experience the pleasure of being rammed through the Imp's ass repeatedly.",
            "As you reach an overflow of pleasure you feel Haruka flex her muscles near and around her pelvis as she tries to stop herself from cumming, denying you the pleasure of releasing as well as she continues to pound the Imp into a mindless pile of pleasure.",
            "The Imp has long stopped being coherent as all she can muster in the face of Haruka's relentless fucking is an occasional whimper or moan in pleasure as she is simply along for the ride at this point.",
            "Haruka pants as she slams the Imp as far onto her cock as the Imp can go, locking you deep inside the Imp as you finally feel the surge of Haruka's cum flow through you and bursts out from your opening as Haruka releases an obscene amount of cum into the Imp, causing her belly to swell slightly.",
            "Wave after wave pours out from your twitching form as the taste of Haruka's cum is rampant in your mind, feeling it surge through your body as you physically experience relief, but your mind is still wrapped up in an inescapable sense of pleasure.",
            "Haruka slowly uses the mind-broken Imp to milk the rest of the cum out of her dick before pulling out. Haruka lays the Imp on the ground in a shivering, pleasurable mess before Haruka adjusts her clothes and trudges onward into the Forest Dungeon.",
            "Mentally you feel exhausted as Haruka starts to walk again, her tight thong struggling to contain the mess that is her cock, but as the physical cock you can't help but notice that it seems ready for round two already despite just having pumped several loads into that Imp. Shuddering, you marvel at Haruka's stamina as your consciousness fades from Haruka's cock.",
            "You wake up back at Venefica's shop, feeling completely exhausted as pent-up pleasure swims in your head. Venefica pokes her head into the back of the shop to make sure you've woken up.",
            "After making sure you're fine, Venefica sends you back to town to rest up properly. On the way back to town you can't help but shake the sensation of being pleased beyond measure, and the yearn for release aches through your body."
            ]
        },
        {
            "NameOfScene": "Haruka's Condom",
            "theScene": [
            "You ask Venefica to be turned into something flexible.",
            "Venefica conjures a spell around you that slowly breaks down your body until you are a floating mass of magical particles. With a nudge of her hand and a guiding word, Venefica sends you out into the world towards your destination.",
            "DisplayCharacters",
            "",
        "EndLoop",
            "DisplayCharacters",
            "5",
            "11",
        "EndLoop",
            "You are traveling up out of the Forest and begin to soar past the mountains and into the Caverns as you come across Haruka sitting in the lava pool with Nova. Your form careens towards Haruka and you end up colliding with a condom on her discarded clothes.",
            "Speaks11",
            "Hmmm, that's a big cock you've got there, wanna show me what it can do?♥",
            "Haruka grins widely as her stiff cock pokes out from the lava pool, the tip quivering as the cool wind of the cavern brushes against it.",
            "Speaks5",
            "With pleasure, hotshot. Lemme just grab a condom real quick so I don't turn your nice pool white.",
            "",
            "",
            "",
            "",
            "",
            "",
            "",
            "",
            "",
            "",
            "",
            "",
            "",
            "",
            "",
            "",
            "",
            ""
            ]
        },
        {
            "NameOfScene": "Turn me into a girl!",
            "theScene": [
                "Venefica raises an eyebrow and ponders for a moment.",
            "Speaks",
                "Hmmmm, I could do it for you, but there's a decent chance something goes wrong because once you are transformed the enchantment over the continent might interact with your new body strangely and you could be warped to a random point on the continent. Are you okay with that risk?",
            "Menu",
                "Heh, bring it on!",
                "I've changed my mind!",
            "EndLoop"
            ]
        },
        {
            "NameOfScene": "Heh, bring it on!",
            "theScene": [
                "Venefica shrugs and begins swirling magic around you.",
                "DisplayCharacters",
                "EndLoop",
                "ChangeBG", "combatPink.png",
            "Speaks",
                "If you do end up being sent away from this location, do not, under any circumstances, try and make your way back to this shop. Even though your form will remain human, there's always a chance that whatever horny creature you come across will still want to engage you in combat.",
                "Venefica's spell finally finishes and as she throws it at you, you feel your cursemark activate and spread heat across your body. You feel your hair slowly grow out longer and longer until it rests against your lower back. Your chest begins to slowly fill out until your breasts are pronounced and easily fill each of your hands.",
                "You feel your ass plump up a decent bit as your penis slowly dwindles away into nothing as the sensation of a pussy forming sends tingles through your body. Other changes include a lot of your body hair vanishing and receding back into your body as you become a curvy, vivacious woman.",
                "ChangeBG", "forest",
                "As the light of the spell surrounding you finally dissipates, you look around and see that you have been whisked away to a random point in the Mystic Forest. Your head pounds as you think about what Venefica told you, and you begin to trudge your way back to the Bon Bun Bun when you are interrupted by something.",
            "JumpToRandomScene",
                "Spitroasted by futas",
                "Taken by a Dragon",
                "Cornered Plaything",
            "EndLoop"
            ]
        },
        {
            "NameOfScene": "Spitroasted by futas",
            "theScene": [
                "As you are walking along, as your foot hits the forest floor you feel a stick snap underneath your weight. As you look down and see a rope trap snap tight around your ankles and yank you up into the air. You hang upside down in stunned silence for several minutes before you hear a pair of footsteps approaching through the thick foliage.",
                "DisplayCharacters",
                    "4",
                    "5",
                "EndLoop",
                "Speaks5",
                "Hey Gwen, check it out! Some monster got all caught up in its own rope trap! Isn't that hilarious",
                "As the two women laugh at your predicament, you feel your ears burn up in embarrassment as you call down that you aren't a monster and this isn't your rope trap.",
                "Speaks4",
                "That's ridiculous, this path isn't anywhere the grimoires would take a normal adventurer, so you're either a really foolish monster or an even more foolish adventurer. Either way, we should take this as a teaching moment to correct your thinking.",
                "With that, the pair begin to lower you down out of the rope trap, but before you have a chance to react again, Haruka has pounced onto you and quickly binds your hands and feet together. She then carries you over her shoulder before setting you down stomach-first onto a smoothed-out tree stump. They tighten your bonds by effectively chaining you to the tree stump.",
                "Your limited field of view rapidly shrinks as Haruka walks up to you and hangs her erect cock directly in front of your face, letting it rise up against your chin. As you are contemplating how that is going to fit inside your mouth you suddenly feel Gwen's meaty cock touch her tip to the entrance of your pussy.",
                "ChangeArousalQuietly", "10",
                "Gwen begins to dexterously rub her tip just inside the entrance of your pussy. The throbbing, sweaty glans of her cock sends shivers down your spine as your body fills with a new desire for her cock to stretch you out and fuck you.",
                "ChangeArousalQuietly", "10",
                "As that new sensation courses through your body, you are distracted from that thought by the scent of Haruka's cock wafting up into your nose. The thick, sweaty scent of her penis after traveling through the woods dominates your mind as your mouth salivates gently with the idea of this cock pumping into your throat.",
                "ChangeArousalQuietly", "10",
                "With these thoughts bouncing around in your mind, Haruka presses the tip of her erect member against your lips, letting a taste of her already leaking precum push past your lips into your mouth. The salty taste of Haruka's cum lingers on your tongue as she pulls back for just a moment as you notice bright pink lipstick now adorns her penis tip.",
                "ChangeArousalQuietly", "10",
                "As Haruka presses her tip against your lips again, Gwen decides she is done massaging the entrance of your pussy with her cock and slowly inserts it into your dripping wet pussy. The sensation of her cock pressing into your body elicits a sudden moan from you. Taking advantage of your moan, Haruka grabs hold of your jaw and holds your mouth open as she easily slides her dick into your mouth.",
                "With both futas inside of your body, they both begin to thrust deeper and deeper into you. Their rhythms send you back and forth as they help each other fuck you as their thick cocks stretch your body and fill you with shocking waves of pleasure.",
                "ChangeArousalQuietly", "10",
                "After a few more thrust, Haruka finally sinks her cock so deep into your throat that your nose presses against her pelvis. As you swallow her up to her hilt, Haruka takes a second to pat you on the head as she gloats to Gwen about her success.",
                "Unaware to you, Gwen's eyebrows twitch in frustration as Haruka continues to gloat over your ravaged body. Gwen grips you by the waist and you can feel magic seeping through her fingers as she weakens your body and pussy against her thrusting, letting her thrust all the way inside of you on the next thrust.",
                "ChangeArousalQuietly", "10",
                "With the newly enhanced sensitivity of your body, you are completely ravaged in your mind by the waves of pleasure as Haruka and Gwen fuck you silly. Their thick, huge cocks dominate your every thought as you try to match their rhythms and sync up to please them.",
                "Unable to control yourself, a deep, guttural moan escapes your body. The vibrations of the moan reverberate in your throat and massages the tip of Haruka's cock as it surges forward on another thrust. The sensations immediately catch Haruka off guard as she prematurely blows her load down your throat.",
                "ChangeArousalQuietly", "20",
                "Haruka gasps in a surprising orgasm as her cock sputters and still fires a huge load directly into your stomach. Haruka continues to use your mouth to milk the cum from her still erect cock.",
                "ChangeArousalQuietly", "10",
                "The salty, deep taste of her cum hangs on and coats your tongue. Her cock retreats and you catch your breath as she steps away, letting your head hang low for a second as Gwen keeps thrusting into you over and over again, never giving you a moment to recover from the sensation of being filled by Haruka.",
                "Your bindings are suddenly undone as Gwen and Haruka set you upright as Haruka slams her cock inside of your ass. As you are speared on the two futas you lose your composure and beg them to fuck you, as your mind melts in pleasure.",
                "ChangeArousalQuietly", "18",
                "They alternate thrusting inside of you as you pant and moan with each thrust as their cocks violate your pussy and ass. The two futas let out grunts and moans of their own as Gwen begins to reach her breaking point.",
                "Gwen begins to lose her cool and calm face as the pleasure in her cock builds up and her face twists in pleasure as she cums deep inside your pussy. Already filled with Haruka's cum your body swells and bulges with the addition of Gwen's load.",
                "SetArousalToMax",
                "Gwen continues to fuck you as she milks the rest of the cum from her dick and finally pulls out, satisfied with using you. Haruka notices Gwen has finished and places you in a full nelson as she continues to ravage your ass.",
                "You've lost your mind from the pleasure and can only moan and whimper out for Haruka to fuck you harder. Haruka obliges with glee as her thrusts increase in tempo, and you embarrassingly have Gwen's cum dripping from your pussy the flies out with each thrust of Haruka's thick cock.",
                "PlayerOrgasm", "2",
                "Haruka cums again inside you, leaving you helplessly fully of her and Gwen's cum as the two of you cum together. Haruka sets you back down onto the tree stump and the two of them walk away from you, leaving you with a warning to not get caught in a trap like that again.",
                "DisplayCharacters",
                "EndLoop",
                "You lay there sprawled out on the tree stump as you bask in the sensation of your pussy and ass dripping futa cum, your body having been violated harder than you could have expected.",
                "After a few seconds pass you feel your body begin to turn translucent and you begin to fade away.",
                "You then wake up on Venefica's floor a short time later. Your body still has the sensation of being fucked earlier, but you are back in your original body.",
                "You slowly make it to your feet as Venefica lets you know that she warned you what would happen, and that you should be more careful in the future.",
                "You agree with her and make your way back to town.",
                "ChangeSensitivity", "Sex", "5",
                "ChangeSensitivity", "Mouth", "5",
                "ChangeSensitivity", "Ass", "5"
            ]
        },
        {
            "NameOfScene": "Taken by a Dragon",
            "theScene": [
                "You are walking through the forest when you enter into a large clearing. Thinking nothing of it you begin to continue to stroll through the break in the tree cover. Several times, a large dark circle covers you briefly before you look up and see a figure in the sky circling around the clearing you are in before swooping in directly towards you.",
                "DisplayCharacters",
                "7",
            "EndLoop",
                "The large, blue figure tackles you to the ground with ease, and as the two of you roll around on the ground from the momentum of the figure, you eventually regain your sense of balance as the large figure holds tightly onto you with one massive arm as your back is pressed into his back, and you sit gently on his massive, throbbing cock.",
                "Speaks7",
                "Well hey there sexy thing, you walking around all alone? Could be dangerous for someone as hot as you.",
                "ChangeArousalQuietly", "10",
                "As your body is held against his, you begin to notice that you are sitting with your pussy pressed directly against his thick, hard cock. He places a hand on your hips and starts to rub you back and forth as your pussy starts to get wetter and wetter from grinding on his dick.",
                "ChangeArousalQuietly", "10",
                "You begin to rock your hips on your own accord for him, leaving his hands free to slowly trace up your body, letting his fingers drag gently across your stomach before they reach your firm, perky breasts and he takes them into his hands and begins to massage them in small circles. His gentle, dextrous hands feel incredible on your sensitive nipples.",
                "ChangeArousalQuietly", "10",
                "As you moan from him massaging your breasts, he turns his head and brings it close to yours and pulls you into a deep kiss. His long, serpentine tongue floods in and fills your mouth as you are powerless to fight back against him dominating your body so easily.",
                "With you fully succumbing to his moves on you, the dragon man proceeds to take a hand off your breast just long enough to lift you off of grinding his dick and slowly begins to lower you onto him. Letting gravity and your own wet pussy as you easily slide down a decent ways onto his dick.",
                "ChangeArousalQuietly", "20",
                "As you slide down his dick so easily, you can't help as another moan escapes into the passionate kiss the two of you are sharing. Your pussy feels so wet for him, and as pleasure fills your mind from him stimulating so many points on your body you lose any thought of resisting this man.",
                "He continues to thrust his hips as you wrap your legs around behind him, making his thrusts easier and easier as his hot cock fills your pussy perfectly.",
                "ChangeArousalQuietly", "17",
                "Suddenly, his fingers pinch your nipples roughly and sends a shooting mixture of pain and pleasure through you. The resulting yelp in pain is drowned out by his tongue continuing to dominate your mouth as his hands return to their regular massaging motions.",
                "As his tongue continues to invade your mouth, he lets it slip for a moment into your throat. As he fills your mouth and throat completely you lose all inhibition and give in to the pleasure of fucking this dragon.",
                "ChangeArousalQuietly", "20",
                "You reach your arms up and drape them around the back of his head as you pull the kiss you two are entwined in even deeper. You also begin to rock your hips in rhythm with his thrusts and help him continue to fuck you with even greater feeling thrusts.",
                "With you fully into this session, the dragon man lets out a deep moan into your mouth as his thrusts get faster and harder, and you can feel his cock flexing inside you as pleasure begins to fill his body and causes him to swell as he approaches his breaking point.",
                "ChangeArousalQuietly", "15",
                "He rolls your breasts in his hands, gently plucking and playing with your nipples as he attempts to distract himself from the mounting pressure building in his cock.",
                "He takes his hands off you and wraps them tighter around you as he pulls you close to the base of his thick cock. It stretches you slightly but the pressure causes ripples of pleasure to pulse through you.",
                "SetArousalToMax",
                "His hot, thick cock throbs and pulses inside you as you feel it clench tight with each thrust that he is building to something big. His thrusts slow more and more as he attempts to hold out for as long as possible, but in your heat and excitement you can only pick up the pace as your wet pussy massages his cock.",
                "With a few more thrusts from your heightened tempo, Drake finally lets a massive wave of cum burst forth as he pumps you full of his thick, hot seed.",
                "PlayerOrgasm", "1",
                "Your stomach swells from the amount of cum flowing into you as some bursts and drips out from around Drake's cock as it leaves your pussy. Drake continues to thrust as he milks himself dry on your twitching, orgasming body.",
                "Drake sets you back down and gives you a wink as he flies away as he says he will see you again.",
                "Your body rests in orgasmic bliss and soon you find yourself fading away like a monster girl as you drift off to sleep.",
                "You then wake up on Venefica's floor a short time later. Your body still has the sensation of being fucked earlier, but you are back in your original body.",
                "You slowly make it to your feet as Venefica lets you know that she warned you what would happen, and that you should be more careful in the future.",
                "You agree with her and make your way back to town.",
                "ChangeSensitivity", "Sex", "5",
                "ChangeSensitivity", "Mouth", "5",
                "ChangeSensitivity", "Breasts", "5"
            ]
        },
        {
            "NameOfScene": "Cornered Plaything",
            "theScene": [
                "You are making your way through the forest when you hear people talking loudly and laughter erupts from a cave a small walk away from the trail you've been following. You slowly make your way into the cave and soon come up upon three towering individuals playing cards and drinking, all of them having a good time.",
                "DisplayCharacters",
                "10",
                "8",
                "9",
            "EndLoop",
                "As you turn to leave your foot accidentally kicks a loose rock, sending it clattering against the walls of the cave and alerting the three monstrous men to your presence. The first to react is the shortest of the 3, a red wolfman with white fur covering his toned physique. He yells out a command to the other two:",
                "Speaks9",
                "Over there, behind those boxes! Get her!",
                "You turn and try to make your escape from these men, but with their familiarity of the cave they quickly manage to corner you and begin to bring you back to the table where they were playing cards. They clear off the table off everything else and lay you on your back onto the table as they begin to surround you.",
                "ChangeArousalQuietly", "10",
                "Each of them chuckles as they compliment your body and begin playing with you, with the blue one running his hands along your legs, giving your thighs a firm squeeze as the tiger-striped man begins to fondle your breasts with a relaxed nonchalance. Finally, the red furred wolf holds you by the back of your head as it hangs upside down off the table and places his thumb in your mouth to pull on your cheek.",
                "ChangeArousalQuietly", "10",
                "The three of them take their time playing with the sections of your body that they have placed claim to, and as their cocks begin to stiffen and swell from playing with and admiring your body, they begin to take their places.",
                "ChangeArousalQuietly", "10",
                "The blue one grabs you by the legs and starts to rub the length of his dick on the opening of your pussy. His thick, but short cock slides eagerly against the wet lips of your pussy as he hungrily licks his lips at the thought of ravaging you.",
                "ChangeArousalQuietly", "10",
                "The red one firmly grabs hold of your hands and holds them to his waist as he raises his dick over your face and lets his shaft come to rest against your lips, letting his hot, bulging balls rest against your nose and the rest of your face, forcing you to breathe in the scent of his hot sex.",
                "ChangeArousalQuietly", "10",
                "The tiger striped one straddles you by the waist and takes your breasts in his hands. He drips some precum from his rigid cock into your cleavage before rubbing his cock between your breasts as he forces you to give him a titjob.",
                "ChangeArousalQuietly", "20",
                "Leo the blue one finally slides his rigid cock inside your pussy, you feel your body instinctively shudder as his thick cock stretches the walls of your pussy and begins to thrust back and forth with short, deliberate motions of his hips.",
                "ChangeArousalQuietly", "20",
                "Roy the red one takes advantage of the moan you let out from Leo's cock penetrating you to push his long, meaty cock into your mouth. His tip is already leaking precum and as his tip passes through your mouth you can't help but have your tongue press up and feel as his dick runs through, letting his precum spread across your tongue as his salty taste fills your mouth.",
                "ChangeArousalQuietly", "20",
                "Tony, the final one has pressed your breasts together and thrusts his cock through them continuously. As he does so, his thumbs press into your stiff, erect nipples and occasionally swirls them under his thumbs as he mutters under his breath and the softness of your breasts.",
                "ChangeArousalQuietly", "10",
                "Leo keeps pushing against your pussy, and as he pushes his member inside you as deep as he can muster, he uses short, fast movements of his hips to rapidly piston his cock inside you as he starts to pant and he grips your thighs to steady himself.",
                "ChangeArousalQuietly", "10",
                "Roy's cock pushes deeper and deeper into your mouth, your tongue brushing and licking at the top of his member as he pushes more of his meaty cock into your mouth. His hot, sweaty scent fills your nostrils as with each thrust of his hips he sends his balls slapping against your face. The scent takes hold of your brain and mixes with the pleasure of the fucking you are receiving and melts your mind.",
                "ChangeArousalQuietly", "10",
                "Meanwhile, Tony continues to eagerly slide his cock between your breasts, his leaking precum making it easier and easier with each thrust of his hips as he continues to lubricate himself. Your tits feel sticky and weird from the precum spreading over them, but you are helpless to stop him as Roy continues to hold your hands tight agaisnt his waist.",
                "ChangeArousalQuietly", "10",
                "With each thrust from Leo, you feel your body jostle and shake around the cocks of the other two members of his crew. Your mind swims with pleasure from all angles but primarily from Leo's girthy cock ravaging your pussy for all it's worth. You feel the muscles in his cock tighten and flex as he hits his breaking point, as do all the members of his party.",
                "Roy finally shoves his full member deep into your mouth, pushing into your throat with his long cock and lets it rest for a moment as he feels the warm, humid environment of your mouth and throat surround him. As he rests inside your mouth you are subjected to his testicles resting directly on top of your nose, limiting your breathing greatly as you are forced to take greater whiffs of his manly scent.",
                "Tony continues at the same wild, horny pace he's had this whole time, eagerly fucking your tits with a speed and lust that stimulates your body like crazy. The sensation of his cock passing through your cleavage as he roughly holds your breasts together sends constant triggers of pleasure coursing through your body as he uses you like a fuckable toy.",
                "SetArousalToMax",
                "As each of them continues to fuck you with vigor and energy, you slowly feel each of their cocks begin to flex and bulge noticeably, as each of them begin to pant and howl with each new thrust against your body. Your body is burning with pleasure and all at once each of them erupt as your pleasure comes to a breaking point.",
                "PlayerOrgasm", "3",
                "All at once, the three beastmen and you cum simultaneously, washing your body in their hot spunk as Leo fires string after string of white, hot cum into your pussy, and Roy unleashes a constant stream of cum into your throat and mouth as you struggle to swallow down his whole load. And Roy lets his load fire messily all over your neck, chest and stomach as he kneels over your body.",
                "Each member of this gangbang slowly uses your body to milk themselves dry as they squeeze every last drop of themselves off into or onto you. They all sigh in content as they admire their handiwork and look at your sexy, ravaged body as you quiver from your orgasm and lay on the table, filled and covered in their spunk.",
                "As the trio disengages from your prone body, Tony takes you in his arms and they begin to carry you deeper into their cave. He binds your arms and legs and nail the bindings to a wall as they leave you posed provocatively in their lair as they prepare to resume their game of cards, chatting about their new fuck toy.",
                "As you sit there, dazed from the rough fucking you just received, you can feel your body begin to fade out and as you pass out you hear the trio shouting out in frustration as you disappear.",
                "You then wake up on Venefica's floor a short time later. Your body still has the sensation of being fucked earlier, but you are back in your original body.",
                "You slowly make it to your feet as Venefica lets you know that she warned you what would happen, and that you should be more careful in the future.",
                "You agree with her and make your way back to town.",
                "ChangeSensitivity", "Sex", "5",
                "ChangeSensitivity", "Mouth", "5",
                "ChangeSensitivity", "Breasts", "5"
            ]
        },
        {
            "NameOfScene": "I've changed my mind!",
            "theScene": [
                "JumpToEventThenScene", "'Bon Bon Bun'", "StoreMenuReal"
            ]
        }
    ]
}