{
    "name": "Enter the Labyrinth - Pet",
    "CardType": "Event",
    "CardLimit": "0",
    "Description": "",
    "requires": [""],
    "Speakers": [
        {
            "name": "",
            "postName": "",
            "SpeakerType": ""
        }
    ],
    "EventText": [
        {
            "NameOfScene": "EventStart",
            "theScene": [
            "As you arrive at the Labyrinth, you feel a surge of energy on the back of your neck and find yourself standing at an intersection leading to the four rooms of the Hellhounds.",
            "JumpToEventThenScene", "Labyrinth Pet", "PetMenu"
            ]
        }
    ]
}
