{
    "name": "Work at Vivian's Bar and Brothel.",
    "CardType": "Inn",
    "CardLimit": "0",
    "Addition": "Yes",
    "Description": "",
    "requires": [""],
  "Speakers": [
    {
      "name": "Vivian",
      "postName": "",
      "SpeakerType": "Monster"
    },
    {
      "name": "Belle",
      "postName": "",
      "SpeakerType": "Monster"
    }
  ],
  "EventText": [
    {
        "NameOfScene": "Intro",
        "theScene": [ "GetEventAndSetChoice", "Enter the Bar.", "2", "",
                      "ProgressEqualsOrGreater",   "1", "Repeat",
                      "ChangeProgress",   "1",
                      "DisplayCharacters",
                          "2",
                        "EndLoop",
                      "You make your way over to the tall, gruff minotaur bartender not exactly sure what to do yet, and as you walk towards the bar a few lecherous stares are thrown in your direction.",
                      "Speaks2",
                      "SwapLineIf", "OtherEventsChoice", "Enter the Bar.",
                        "1", "MetBelle","Hey [ThePlayerName]... Wish the Boss told me you were going to start working here, someone could have grabbed you and I wouldn't have even known you were here in the first place.",
                        "1", "", "You're new... I'm Belle. Wish the Boss told me we were getting someone new, someone could have grabbed you and I wouldn't have even known you were here.",
                      "EndLoop",
                      "Belle cleans a glass while she talks to you and briefly looks you over.",
                      "Speaks2",
                      "...You sure you want to work here?",
                      "You nod and Belle shakes her head dismissively before continuing.",
                      "ChangeImageLayer", "Expression", "1", "Sigh",
                      "Speaks2",
                      "Whatever. Here's the deal, you pick one of the jobs, and I'll help you out as best I can, or you can just do whatever job I want you to.",
                      "ChangeImageLayer", "Expression", "1", "Base",
                      "Speaks2",
                      "Of course, if someone personally hires you, you'll be up in a room with them doing whatever they tell you to do instead of your shift.",
                      "Speaks2",
                      "If anyone gets too rough with you, yell for help. This is a respectable establishment, and we don't want troublemakers.",
                      "ChangeImageLayer", "Expression", "1", "Scoff",
                      "Speaks2",
                      "So yeah, if anyone gives you trouble I'll bail you out. If I know you're working and uh... if I actually hear you, that is...",
                      "You nod a bit nervously. That wasn't very reassuring.",
                      "ChangeImageLayer", "Expression", "1", "Base",
                      "She clears her throat.",
                      "Speaks2",
                      "SwapLineIf", "IfTimeIs",
                        "Night", "Alright, so where do you want to work first? Behind the bar with me? As a waiter? Or acting as a tap in the glory holes?",
                        "Day", "Alright, normally I'd let you pick where to work between the bar, as a waiter or as a tap in the glory holes, but the glory holes are closed during the day, and it's not too busy, so I'll just send you where I need you to be right now.",
                      "EndLoop",
                      "IfTimeIs", "Day", "Day Random.",
                      "JumpToScene",
                      "PickMenu"
                  ]
    },
      {
          "NameOfScene": "Repeat",
          "theScene": [ "ChangeBG", "Bar.png",
                      "You make your way over to Belle to figure out what you will be doing for your shift, and as you walk towards the bar a few lecherous stares are thrown in your direction.",
                      "DisplayCharacters",
                        "2",
                      "EndLoop",
                      "Speaks2",
                      "SwapLineIf", "IfTimeIs",
                        "Night", "Oh, back for another shift huh [ThePlayerName]? Any preference for where you want to work today?",
                        "Day", "Oh, back for another shift huh [ThePlayerName]? Should be pretty calm until the night rolls around, so it won't really matter where you work... let's see...",
                      "EndLoop",
                      "IfTimeIs", "Day", "Day Random.",
                      "JumpToScene",
                      "PickMenu"
                    ]
      },
            {
                "NameOfScene": "PickMenu",
                "theScene": [
                            "Menu",
                              "Work as a waiter.",
                              "Work behind the bar with Belle.",
                              "RequiresTime", "Night",
                              "Work at the glory holes.",
                              "Belle Picks",
                              "MenuAddition", "RequiresPerk", "Minimize", "Volunteer to shrink",
                            "EndLoop"
                          ]
            },
      {
          "NameOfScene": "Volunteer to shrink",
          "theScene": [
          "You tell Belle you wanna do a shift while shrunken and she scoffs, but allows it.",
          "JumpToScene", "Shrink Random"
          ]
    },
    {
          "NameOfScene": "Shrink Random",
          "theScene": [
            "DisplayCharacters",
                          "EndLoop",
                          "IfTimeIs", "Day", "BoringShiftShrink",
                          "GoToRandomScene",
                          "Shrink1",
                          "Shrink2",
                          "Shrink3",
                          "Shrink4",
                          "Shrink5",
                          "EndLoop"
          ]
    },
    {
        "NameOfScene": "Shrink1",
        "theScene": [
        "You tell Belle you wanna do a shift while shrunken and she scoffs, but allows it.",
        "JumpToScene", "Shrink Random"
        ]
  },
  {
      "NameOfScene": "Shrink2",
      "theScene": [
      "You tell Belle you wanna do a shift while shrunken and she scoffs, but allows it.",
      "JumpToScene", "Shrink Random"
      ]
},
{
    "NameOfScene": "Shrink3",
    "theScene": [
    "You tell Belle you wanna do a shift while shrunken and she scoffs, but allows it.",
    "JumpToScene", "Shrink Random"
    ]
},
{
    "NameOfScene": "Shrink4",
    "theScene": [
    "You tell Belle you wanna do a shift while shrunken and she scoffs, but allows it.",
    "JumpToScene", "Shrink Random"
    ]
},
{
    "NameOfScene": "Shrink5",
    "theScene": [
    "You tell Belle you wanna do a shift while shrunken and she scoffs, but allows it.",
    "JumpToScene", "Shrink Random"
    ]
}
  ]
}
