{
    "name": "Work at Vivian's Bar and Brothel.",
    "CardType": "Inn",
    "CardLimit": "0",
    "Addition": "Yes",
    "Description": "",
    "requires": [""],
  "Speakers": [
    {
      "name": "Vivian",
      "postName": "",
      "SpeakerType": "Monster"
    },
    {
      "name": "Belle",
      "postName": "",
      "SpeakerType": "Monster"
    }
  ],
  "EventText": [
            {
                "NameOfScene": "PickMenu",
                "theScene": [
                              "MenuAddition", 
                              "RequiresPerk", "Minimize", "Volunteer to shrink",
                            "EndLoop"
                          ]
            },
      {
          "NameOfScene": "Volunteer to shrink",
          "theScene": [
          "You tell Belle you wanna do a shift while shrunken and she lets out a sigh.",
          "Speaks",
          "Alright, but they are not allowed to take you out of the inn, or else I'm gonna have to get mad, y'hear?",
          "You give Belle a nod as she pulls out a spell talisman from a stack behind the counter, and she places it on you as you shrink down to only a few inches in height.",
          "With your height reduced, Belle plucks you up by gingerly pinching your torso between her fingers and raising you up to a platform on the bar, and placing a sign next to you that reads 'Shrunken Employee: Rent For The Night for 1000 Eros'.",
          "Belle walks away to continue tending to the bar as customers start to pour in, and you see a few curious eyes glance your way throughout your shift until a figure approaches you, who is it?",
          "Menu",
          "Jennifer",
          "Tabitha",
          "Belle",
          "Galvi",
          "Elena",
          "EndLoop"
          ]
    },
    {
      "NameOfScene": "Pick a Client",
      "theScene": [
                  "Menu",
                    "A very drunk Elf",
                    "Cuddly Imp",
                    "Belle",
                    "Galvi",
                    "Elena",
                  "EndLoop"
                ]
  },
    {
          "NameOfScene": "Random Client",
          "theScene": [
            "DisplayCharacters",
                          "EndLoop",
                          "IfTimeIs", "Day", "BoringShiftShrink",
                          "GoToRandomScene",
                          "Jennifer",
                          "Tabitha",
                          "Belle",
                          "Galvi",
                          "Elena",
                          "EndLoop"
          ]
    },
    {
      "NameOfScene": "Jennifer",
      "theScene": [
      "You tell Belle you wanna do a shift while shrunken and she scoffs, but allows it.",
      "JumpToEvent", "GiantJenniferBrothel"
      ]
},
{
  "NameOfScene": "Tabitha",
  "theScene": [
  "You tell Belle you wanna do a shift while shrunken and she scoffs, but allows it.",
  "JumpToEvent", "GiantTabithaBrothel"
  ]
},
{
  "NameOfScene": "Belle",
  "theScene": [
  "You tell Belle you wanna do a shift while shrunken and she scoffs, but allows it.",
  "JumpToEvent", "GiantBelleBrothel"
  ]
},
{
  "NameOfScene": "Galvi",
  "theScene": [
  "You tell Belle you wanna do a shift while shrunken and she scoffs, but allows it.",
  "JumpToEvent", "GiantGalviBrothel"
  ]
},
{
  "NameOfScene": "Elena",
  "theScene": [
  "You tell Belle you wanna do a shift while shrunken and she scoffs, but allows it.",
  "JumpToEvent", "GiantElenaBrothel"
  ]
}
  ]
}
