{
    "name": "GiantGalviBrothel",
    "CardType": "",
    "CardLimit": "0",
    "Description": "ShrinkShift",
    "requires": [ ""],
    "Speakers": [
        {
            "name": "Galvi",
            "postName": "",
            "SpeakerType": ""
        }
    ],
    "EventText": [
        {
            "NameOfScene": "Event Start",
            "theScene": [
            "You rest on the bar countertop for quite some time until a figure that's eye-level with the bar happens to walk up to you and takes notice of you. She eagerly drops a large sum of eros into the cup next to you and snatches you up.",
            "DisplayCharacters",
                "1",
            "EndLoop",
            "Galvi grabs you and immediately holds you tight with both her fists clenched around you. One side of her face curves upwards in a sly grin as she whispers down to you.",
            "Speaks",
            "This is gonna be so hot, I've always fantasized about doing something like this. Come with me, my plus one.",
            "Galvi stuffs you between her breasts as she makes her way to the bathroom, and after hiding in a stall she fishes you right back out and makes eye contact as she explains what she wants to do to you.",
            "Speaks",
            "Here is my plan for you, little doll-man: I'm gonna shove you deep into my pussy and recruit a full-sized man to come back with me to my room and you'll be our third to help out from my other hole. Doesn't that sound fun?",
            "You attempt to yell a response up to the hyper-sexual Voltlin before she rockets you upwards at her plump, pink glowing pussy and inserts your whole body in one clean motion. After using her fingers to tap you in a bit deeper, Galvi stands up and walks in place to see how well you stay in place. Happy with the result, Galvi exits the bathroom and makes her way back to the bar.",
            "Each step that Galvi takes rolls her body around you, causing the walls of her pussy to shift and crush around you. Galvi tries to not focus on the squirming person in her pussy as she strolls up to a hardened, gray-haired adventurer who was deep into a bottle of whiskey.",
            "It doesn't take much for Galvi to convince the drunkard to come along with her, and soon enough she has the old adventurer eating out of her hand and ready to follow her up to her room.",
            "As Galvi turns on her heels and starts to walk, she does so in a slow, provocative way up the stairs as she knows the old man is staring up her tight dress. This show she puts on for him amplifies the pressure you feel on your body as her legs and hips slowly work to crush you.",
            "Finally, Galvi reaches the door to her room and lets the old man in. You are thankful as the walking finally comes to an end, but your thankfulness is cut short as Galvi throws herself onto her back as she lands on the bed in the room, and she starts inviting the adventurer over by pulling on her asscheeks, revealing her tight, puckered asshole.",
            "The adventurer greedily accepts her invitation and crosses the room in an instant, undressing as he does so and pressing the tip of his still hardening cock against Galvi's asshole. It takes just a few more prods of his member before he becomes erect and finally penetrates into the blue shortstack's ass, but once the old man is inside, he starts to thrust with everything he has.",
            "The old man thrusts for everything he's worth, and with each thrust of his hips his girthy member slides easily into the ass of Galvi, who moans as the adventurer buries his face into her breasts and kiss at the plump mountains while he fucks her ass.",
            "For you, the thrusting causes Galvi to flex and tighten her pussy around you, causing the walls of her pussy to grind and smash into you. With each thrust the pressure on your naked body intensifies, and you find yourself getting hard at the pleasure caused by Galvi's pussy rubbing all over your body.",
            "The old adventurer remains unaware of you, and continues to thrust as he grunts and groans in pleasure and exertion. Galvi delicately runs her fingers along his face as he continues to thrust into her ass, taking pleasure feeling you squirm and him thrust.",
            "To gain maximum pleasure from you, Galvi starts actively playing with the front of her pussy, causing more juices to be produced and wash over you. As they coat your body you feel a light buzz cross your body and you feel sensitized more and more to the whims of Galvi's pussy.",
            "The old man seems aroused by Galvi's display of touching herself, and redoubles his efforts. He slams himself down the hilt inside Galvi's voluptuous ass and makes short, quick pounding motions as Galvi's moans become interrupted by the sounds of her getting fucked.",
            "The rough way the old adventurer is fucking Galvi stops her from touching herself, but you continue to be jostled and bustled by the pussy of the giant Voltlin. You can feel your body burning in pleasure but you struggle to keep yourself from cumming in this circumstance.",
            "Finally, the adventurer cums, releasing a river of white cum deep into Galvi's ass. He pants for a second before he pulls his softening cock out of Galvi to recover. Everything goes quiet for a moment after this happens.",
            "The adventurer reaches out to Galvi's breasts again and continues to fondle her, kneading and massaging her breasts as he forces his tongue into her mouth in a sloppy, passionate kiss. Galvi is lost in pleasure and welcomes the moment of foreplay and engages with the kiss, all while continuing to play with her pussy and massaging her walls around your body.",
            "After just a few minutes of this foreplay, the adventurer once again recovers and, while continuing to make out with Galvi, starts to angle his freshly hardened cock into Galvi's pussy. He is stopped by Galvi, who playfully redirects him by using her index finger to push his cock down to his puckering asshole. Too drunk to disagree, the adventurer grunts in pleasure and rams his cock deep into Galvi's ass for round two.",
            "The old man is still on the high from his previous orgasm inside Galvi's ass, so he thrusts with a greatened sense of enthusiasm as every thrust of his hips has his sensitive cock soar through Galvi, whose ass tightens and massages him every inch of the way.",
            "Meanwhile, your time of peace inside Galvi's pussy has ended as you feel the man go back to pounding Galvi's ass. You can feel Galvi's body shift from each thrust by the impact the man makes against her as their hips collide, jostling you around as collateral to the love-making of two giants.",
            "The adventurer, lost in pleasure, lifts Galvi's legs up onto his shoulders as he continues to bang her. The Voltlin can't quite get her heels onto his shoulders, but enjoys the sensation of being folded in on herself as the man presses his weight on her more and more, angling himself so that his cock has the greatest reach and impact inside her.",
            "As Galvi's pelvis is lifted into the air, you feel your surroundings change in a disorienting way. Thankfully you are held in place by Galvi's pulsing, tight pussy or else you feel you'd tumble further back into her vagina.",
            "The old adventurer is breathing hard at this point, on the verge of his second orgasm in such a short time to the electric shortstack. He continues to pump away, biting his lip as he watches Galvi fondle her own breasts and let out the occasional moan as she lets herself succumb to the pleasure of this man fucking her ass.",
            "You are starting to feel exhausted as the minutes pass by, as Galvi's hot, wet pussy continues to mold and massage around you. Your body is exhausted by the immense amount of pressure and heat it's been under, but you don't seem to be getting free anytime soon.",
            "The old man hits his breaking point, and just before he cums he pulls out his cock and shifts it to insert it into Galvi's pussy to cum inside her dripping wet sex. Galvi is completely unable to control herself or stop the old man as he leans into her, pinning her hands against herself as the old man has his way with her.",
            "You hear a commotion as everything stops for just a moment, then you see a dick many times larger than your current form ram its way into Galvi, pushing you further into the giant woman as the adventurer gives a few more thrusts to bring himself to orgasm.",
            "The pair of giants let out a combined moan that rattles you to your core and blots out all other sound. The bliss the two feel is immense, and to show for it you are washed completely in the cum of a giant man as his penis erupts with a load that is comparable to a tidal wave. It drenches you completely and mixes with Galvi's love juices as it sticks to your body a bit.",
            "You feel gross and tired, covered in such large amounts of cum, but are thankful as you see the cock of the large adventurer start to retreat from Galvi. As he does, Galvi's body starts to absorb the cum of the giant man, slowly cleaning you of the giants' spunk.",
            "Galvi thanks the man for coming up to please her, and the adventurer grunts at her as he looks for his own room to sleep in, leaving just you and Galvi.",
            "You hope that Galvi finally pulls you out of her so you can clean up and also rest in your room, but her fingers never enter her pussy to fish you out. Instead, Galvi retrieves her discarded panties and slips them on, sealing you inside as she quickly passes out on the bed. You find yourself too exhausted to even try and escape and instead pass out in the colossal sex tunnel.",
            "Morning comes quickly, and as Galvi sits up and stretches, she feels something deep in her pussy and thinks for a few moments before panic sets in and she finally remember you. She fishes into her vagina for you and after pulling you out sets you on the bed to apologize.",
            "Speaks",
            "I'm so sorry for that love, but that experience last night was to die for, for me at least. I hope you had a good time too. Now run along, I've got some things to take care of today.",
            "Galvi sets you down on the outside of her room to let you grow back to normal, so you head back to your room quickly to get yourself cleaned of the residual juices on your body.",
            "As you finish your shower, you step outside your room to find a large bag of eros from Belle. You figure it as your cut from the obscene amount of eros Galvi put down for you last night and pocket it and begin your day.",
            "ChangeEros", "10000",
            "GiveExp", "1000"
            ]
        }
    ]
}
