{
    "name": "GiantBelleBrothel",
    "CardType": "",
    "CardLimit": "0",
    "Description": "ShrinkShift",
    "requires": [ ""],
    "Speakers": [
        {
            "name": "Belle",
            "postName": "",
            "SpeakerType": ""
        },
        {
            "name": "Vivian",
            "postName": "",
            "SpeakerType": ""
        }
    ],
    "EventText": [
        {
            "NameOfScene": "Event Start",
            "theScene": [
                "DisplayCharacters",
                "1",
            "EndLoop",
            "The figure that approaches you ends up being Belle, who is taking a quick break from her bartending duties to check up on you and see if anyone has rented you yet. Seeing that you're free, Belle surreptitiously slips some of her own money into the jar that allows people to rent you out and the large bull lady quickly scoops you up and rushes to the back room.",
            "Once she has finished retreating to the storage room of the bar, Belle holds you out on her palm and starts to explain what is going on.",
            "ChangeImageLayer", "Expression", "1", "Base",
            "Speaks",
            "Alright listen up shortstack, Vivian really likes the whole shrinking thing you got goin' on here, so she's paying you and me extra tonight to ditch the bar and go with her to her room for a little bit and fuck her silly, got that?",
            "You get the feeling you don't have much of a choice in the situation, but nod along anyways because it beats being grabbed up by some strange monster you may not even know. Belle gives you a nod back and the two of you make way for Vivian's bedroom.",
            "DisplayCharacters",
                 "1",
                 "2",
            "EndLoop",
            "Belle enters the room as you remain in her grip, and the two of you find Vivian sprawled on the bed naked, with an accompaniment of sex toys and gear laying all over the bed and floor around her. Vivian turns towards Belle and you and her eyes light up with lust as she beckons the two of you over.",
            "ChangeImageLayer", "Expression", "2", "Base",
            "ChangeImageLayer", "BodyPart", "2", "Lingerie",
            "Speaks",
            "Hello lovelies! I was wondering when you two would finally get here. I'm so sorry to bring you away from your hard work, but you see, I've got an urge I have been unable to satisfy, and I would like to request you two to fulfill it.",
            "Vivian caps off her sentence with a wink as Belle nods and starts to approach the bed, and begins unfastening her pants and lets them fall to the floor. You are confused as Belle places you on the table next to Vivian and watches as the titanic bull-woman bends down and picks up a strange harness off the ground.",
            "ChangeImageLayer", "Expression", "1", "Dominant",
            "It soon dawns on you as Belle slides her legs through some hoops in the harness and brings it up to her hips and you realize what is going to happen. Before you can react Belle grabs hold of you and uses a piece of string from somewhere to begin tightly securing you to a dildo that she has slotted into the harness.",
            "Vivian watches this whole exchange with delight as her fingers continue toying with her pussy, and as Belle finishes tying you against the firm, girthy dildo, she turns to her boss and shows off her handiwork to Vivian. Vivian lets her enthusiasm radiate outwards as she beckons Belle over to herself, and you can only watch as the world swings around with each step Belle takes.",
            "Finally, the swinging stops as Belle gets onto the bed and pins Vivian to it, using her enormous body to pin the voluptuous innkeeper in place as Belle uses one of her hands to aim the dildo at the entrance of her pussy. You could barely crane your head upwards to get a glimpse of the cavernous pussy that waited for you, and soon enough Belle started to thrust with you.",
            "ChangeImageLayer", "Expression", "2", "Pleasured",
            "The dildo gently begins gliding down the length of Vivian's pussy, sending you along with it until you head is just barely submerged in the pink depths. Belle stops mid-thrust as she rears back to readjust, and sends you and the rest of the dildo down to the hilt into Vivian's dripping wet pussy.",
            "Vivian lets out a deep moan as Belle now uses both her arms to keep the buxom innkeeper pinned to the bed, and simply uses her hips and legs to keep pumping you in and out of Vivian's deep pussy.",
            "Each thrust forces your face to be rubbed against the tightly clenching walls of Vivian's pussy, and no matter how hard you struggle the excellent rope-work of Belle keeps you tightly pinned to the massive dildo, although your efforts seem to add a bit of extra pleasure to your boss.",
            "The two woman using you start grunting as Vivian starts feeling the pleasure of you and Belle working together on her, and after just a few moments is already brought to the edge of orgasm from the deep, aggressive pounding her barmaid is giving her.",
            "You can feel from the way Vivian's pussy is acting that she is approaching orgasm, and you brace yourself for the flood of juices to cum.",
            "Indeed, Vivian lets out an incredibly sensual moan that echoes through her body. The pulsing, rhythmic tightening of her muscles intensify as she clenches hard around you as she grapples with this mind-shattering orgasm.",
            "In a fit of stupor and lust, Vivian calls out for more from Belle, who quietly acknowledges the request and simply keeps pumping away. You remain affixed to the dildo, a slave to the whims of your horny boss and your begrudging manager.",
            "However, as Belle continues to pump away, she pulls back from pinning Vivian's torso into the bed and straightens her back out as she grabs one of Vivian's legs and Belle hoists it onto her own shoulder as she keeps her thrusts deep inside of Vivian.",
            "This change in position seems to knock something loose in the knot however, and after a few more thrusts you feel your bonds come loose and you detach from the dildo right as Belle is pulling back for a thrust. This motion, however, somehow rolls you right into the path of the oncoming dildo.",
            "Belle thrusts deep into Vivian again, slamming directly into your body with the dildo that you were previously tied to, and slams you deep against the innermost walls of Vivian's pussy. You are dazed as the dildo retreats, but you can't do anything as the dildo comes rushing in again and slams you against Vivian again and again.",
            "You endure this punishment constantly for what feels like minutes as the girthy, powerful dildo pounds you and Vivian again and again, until finally Vivian lets out a deep, powerful scream of pleasure as another orgasm rocks her body and a wave of vaginal juices presses you against the tip of the dildo.",
            "You hear muffled voices outside you, but you are too tired to focus your ears and pick up on the conversation. Soon after the conversation ends, the dildo begins to retreat out of Vivian, but you can't muster the energy to hold on as the dildo fully exits from Vivian's pussy.",
            "Belle looks at the slick, wet dildo and notices the string she used to tie you to it has come undone and dangles from Vivian's pussy. After pulling the string from her boss and seeing that you are not attached, Belle lets Vivian know about the predicament.",
            "Vivian, nearly drunk off the pleasure of her two orgasms, waves off the bartender and tells her that she's free to go back to the bar. Vivian promises Belle that you'll be out of her by the morning and that you will be fine.",
            "DisplayCharacters",
            "2",
       "EndLoop",
            "Belle offers a wary glance at Vivian's pussy, but leaves the room after placing the strap and dildo on one of the tables in the room. Vivian remains prone on the bed for several minutes as she basks in the afterglow of her orgasm, before calling down to you.",
            "ChangeImageLayer", "Expression", "2", "Caring",
            "Speaks2",
            "Well love, that was a mighty fine performance by you and Belle. Unfortunately for you, it's left me rather tired, and I simply don't think I have the energy to fish you out of me right now. Be a dear and relax with me for the rest of the night, I promise I'll make it worth your while.",
            "However, without giving you a chance to respond, Vivian fetches a pair of panties she discarded on the bed and slides them smoothly up her voluptuous frame and hoists them snugly against herself, all but sealing your tired body inside herself.",
            "Exhausted by the relentless pounding you received, you choose to give up your struggles against the dominating, overbearing power of Vivian's pussy and lay still inside her. You bask in the warm, pulsing sensations of her pussy as the beat of her heart slowly moves her muscles in a massaging way around your body.",
            "Your pummeled body slowly recovers inside Vivian, but at no point do you feel the urge to escape her, even as you hear the gargantuan innkeeper start to snore, and you figure you may as well catch some shut-eye with her.",
            "You let your weary eyes close and slowly drift off to sleep, fully submerged in the pooled love juices that remain inside Vivian's pussy.",
            "Hours pass, and Vivian slowly rouses herself from sleep as she starts to recall what happened the night prior, and soon enough realizes her mistake and fishes your unconscious body from her pussy. The frantic motions wake you with a start as she lays you on a table and uses a wet towel to wipe the fluids from your body.",
            "ChangeImageLayer", "Expression", "2", "Worried",
            "Speaks2",
            "Oh geez, I'm so sorry [ThePlayerName], I let myself fall asleep with you still inside me! Hey listen, I know Belle already knows, but how about we keep the events of last night under wraps, alright?",
            "As she steps back to let you grow back to your normal size, Vivian starts rummaging around inside her room as she starts putting together your pay for the night.",
            "You grow back to your normal size as Vivian in her bra and panties assembles a hefty chunk of eros that she pushes into your hands. As you pocket your pay you find yourself being wheeled to the door and ejected from Vivian's room as she claims she needs to get dressed for the day.",
            "You wipe the last bit of sleep from your eyes before deciding to head out into town to start your day.",
            "ChangeEros", "10000",
            "GiveExp", "100"
            ]
        }
    ]
}
