{
    "name": "GiantJenniferBrothel",
    "CardType": "",
    "CardLimit": "0",
    "Description": "ShrinkShift",
    "requires": [ ""],
    "Speakers": [
        {
            "name": "Jennifer",
            "postName": "",
            "SpeakerType": ""
        }
    ],
    "EventText": [
        {
            "NameOfScene": "Event Start",
            "theScene": [
                "DisplayCharacters",
                "1",
            "EndLoop",
            "You hear the sound of eros clinking into the jar next to you, and your eyes settle onto one of the camping succubi Jennifer as her hands extend towards you, reaching out to grab you.",
            "Her thin, lithe fingers grab hold of you as she raises you up to her face as she studies your tiny form, and the faintest bit of a smile crosses her face.",
            "ChangeImageLayer", "Expression", "1", "Seductive",
            "Speaks",
            "Well hey there, what're the odds that the two of us are here at the same time? Guess we better get back to my room so we can have some fun before people start to get jealous of me, huh?",
            "Without missing a beat, Jennifer turns on her heel and skips up the steps of the inn to her room, with you firmly in her grasp. It isn't until you hear the door close behind you that Jennifer releases her grip on your body and lets you rest on her palm as she makes her way over to her bed.",
            "As she makes it to the bed, Jennifer turns around to sit down and looks down at you, considering what she should do to you, before she perks up as if she's had an idea.",
            "Jennifer's eyes light up as she quickly swings her hand towards her chest, and deposits you into the gaping chasm of her breasts.",
            "Speaks",
            "I know just the way for the two of us to have fun tonight!♥ You're gonna get the chance of a lifetime to really explore my body.♥",
            "As you tumbled down the giant breasts of the busty succubus you found yourself wedged firmly into her bountiful cleavage. You tried to wiggle your body in an attempt to loosen yourself, but found that Jennifer's tight shirt holds her breasts, and you, in place quite nicely.",
            "Jen laughs at your momentary struggles, and compounds the pressure on you by bringing her hands up to the sides of her breasts and pressing inwards, forcing her breasts to collapse onto you, instantly covering the rest of your exposed body in her tanned breasts.",
            "Jen revels in the feeling of your tiny form between her large breasts as she giggles to herself as she uses her hands to slide her breasts up and down, causing them to rub against your captive body.",
            "You felt bombarded on all sides by the insanely soft flesh, as it is massaged and rubbed into every last part of your body.",
            "It didn't take long for this constant teasing and contact to get a reaction from you, and soon enough you could feel your erect member poking into the rolling mass of Jennifer's breasts, and you could feel the constant massaging on your cock send shivers of pleasure through your body.",
            "You try to let out a moan, but it's swallowed up by the vast, bouncy prison of Jen's breasts and muted entirely as the giant succubus continues to giggle at you, now feeling your tiny member poking into her giant breasts.",
            "The intense heat and smell of Jen's breasts also begin to seep into your mind, and soon enough you find yourself losing a battle against the intoxicating charms of Jennifer's body as her breasts already manage to bring you to the edge.",
            "With one last moment of applying pressure onto your body, Jen manages to make you cum inside the valley of her cleavage, causing you to fire onto her tanned breasts and watch as your pitifully small load is instantly absorbed into the titanic succubus.",
            "Jen lets out a contented sigh as if she had just finished a snack, and fishes you from her breasts as she swiftly undoes her top and brings you back down to her breasts, but holding you in her palm as she brings you level with her nipple.",
            "ChangeImageLayer", "Expression", "1", "Excited",
            "Speaks",
            "Well go on, you clearly like my breasts so you should just let yourself cut loose with them.♥",
            "Still intoxicated by Jen's body, you reach forward and take hold of the pink-ish flesh of her nipple and use it to steady yourself as you bring your cock level with it, and slowly you begin to insert yourself into Jen's nipple.",
            "The feeling of penetrating her nipple sends a shudder of pleasure through you as you immediately push yourself to the hilt into her nipple, and you feel through Jen's breathing her breasts contracting around your dick.",
            "You start to thrust your hips back and forth, feeling the unique sensation of your member fucking the nipple of a succubus. You moan softly as you continue to thrust into Jen, who watches you with a look of content and glee on her face.",
            "The pleasure that courses through you continues to build as you continue to thrust your hips, and with each thrust you lose yourself more and more to the overwhelming charms of Jen's body.",
            "As you continue to thrust you move forward bit by bit, until your body presses up against Jen's nipple and you begin to do quick, short humps in Jen's nipple to pleasure yourself.",
            "Seeing this, Jen laughs as she brings a slender finger to your body and begins to lightly stroke your back as you continue to quickly hump her nipple as you fire yet another load off to Jen's gigantic tits.",
            "The cum is quickly absorbed inside her milk ducts and into her body as you try to disengage from Jen's breast, but the finger that is stroking your back keeps you firmly planted against her nipple. You then hear the voice of Jen boom out down towards you.",
            "Speaks",
            "My my, I hope we aren't tired already.♥ There's still one last thing I want to do with you.♥",
            "As Jen says this, she grips you by the sides with her fingers and slowly disengages you from her nipple, before tossing you into the air high above her. You flail for a few moments before you begin to descend, and land directly in Jen's waiting mouth.",
            "You panic and begin to struggle for a moment, before Jen uses her tongue to push your head and most of your upper body out past her lips. She lets out a giggle as she keeps her lips tight around your body, and you soon feel her tongue press into your still hard member.",
            "At this size, her enormous tongue easily dominates and batters your diminutive cock with ease. Every movement her tongue makes runs the length of your member several times over, and elicits a weak moan from you.",
            "Alternating with the movements of her tongue, Jen applies a small bit of suction to your body, threatening to pull you in occasionally. To stop you from moving as she does so, Jen lightly bites down on your body to hold you in place.",
            "As Jen's teeth come down on you to hold you still, you can't help but feel aroused as her teeth rub against your chest. The enchantment that nullifies your pain replaces the would be sensation with pleasure and bliss, which is further magnified by the powerfully arousing effect of Jen's body.",
            "Jen continues to let her tongue dominate your lower body, as she delicately uses the tip of her tongue to occasionally fondle your balls as she lets your lower body rest in the warm, comforting cave of her mouth.",
            "Your moans are amplified as you feel her tongue dance and explore your body, and soon enough you feel yourself releasing yet another wave of cum into her mouth, directly onto her tongue.",
            "Jen makes an over-exaggerated gulping noise as the cum follows the rest of her saliva and travels down her throat as she giggles at you again.",
            "As you recover from the orgasm, you let your head lay back and you try to catch your breath, but Jen quickly pulls the entirety of your body into her mouth and starts to move you around between her cheeks and the center of her mouth as if you were a piece of hard candy.",
            "Jen's tongue rolls over your entire body several times as she does this, coating you thoroughly in her saliva before she finally purses her lips and spits you out into her palm.",
            "She looks down at your saliva covered form and laughs at you, and grabs a small towel from her bedside table and begins to clean you off.",
            "Speaks",
            "There we go, good as new! Thanks again for the dinner and playtime, [ThePlayerName].♥ I'll have to come into town more often if it means I get to see you.♥",
            "She sets you down on the ground next to her bed and allows you to grow back to normal before she waves you off, content with herself and her meal.",
            "You leave her room and go back to your to sleep the rest of the night away, and wake up to find a bag of eros from Belle, described as your payment for the shift.",
            "ChangeEros", "2000",
            "GiveExp", "100"
            ]
        }
    ]
}
