{
    "name": "GiantTabithaBrothel",
    "CardType": "",
    "CardLimit": "0",
    "Description": "ShrinkShift",
    "requires": [ ""],
    "Speakers": [
        {
            "name": "Tabitha",
            "postName": "",
            "SpeakerType": ""
        }
    ],
    "EventText": [
        {
            "NameOfScene": "Event Start",
            "theScene": [
                "DisplayCharacters",
                    "1",
                "EndLoop",
            "After nearly an hour of waiting you feel a sneaky presence slink up to the platter where you are resting, and you see the payment clink into the cup next to you as a pair of slender black hands snatch you up, and you come face to chest with Tabitha, the shy bat-girl.",
            "She clutches you closely to her chest as she slinks away from the noise of the bar and retreats into a dimly-lit room of the inn and slowly makes her way to the bed, before gently setting you down and sitting next to you. She pauses for a few seconds, as if scared to say anything to you in your shrunken state.",
            "Eventually she manages to gather her courage and speaks in the gentlest, most restrained way she can.",
            "Speaks",
            "H-Hello there... u-um [ThePlayerName], I'm terribly sorry for renting you out but I just happened to be in time grabbing something and I felt compelled to enter the bar and then I saw you sitting there and...",
            "Her voice trails off as her cheeks continue to grow redder and redder, until her entire face looks like that of a tomato. She takes a moment to fan herself and gather her nerves as she finally reveals why she rented you out.",
            "Speaks",
            "I-If it's n-not too much trouble, could I spend the night holding you? It's been a while since I've clutched someone dearly, and it would be nice to have it be with something small and cute, like you are right now.",
            "You nod and flash a reassuring smile up at the giant bat girl, whose face lights up in joy as she scoops you up and brings you to her face, nuzzling you against her cheek as she whispers 'thank you' over and over again.",
            "After a moment more of her rubbing you against her cheek passes, Tabitha pulls you away and lifts the blanket of the bed up and over herself as she lays down into the bed. She clasps her arms around your diminutive form as she brings you close to her modest chest as she closes her eyes and starts to slow her breathing as she tries to fall asleep.",
            "You can feel Tabitha's heartbeat as you are held against her chest and as the minutes pass by in the dark room you can feel what at first was an erratic and nervous heart slowly turn to a calm, steady beat as the timid batgirl finally settles down and begins to truly enjoy holding you.",
            "With her newfound comfort in the situation, Tabitha takes the thumb of one of her hands and slowly moves it up to your head, and starts to stroke you with very gentle motions, as if you were a fragile pet she had clutched in her arms.",
            "Tabitha begins to lull herself to sleep more and more with each passing breath, and soon you can hear the faintest traces of a snore coming from her as her arms relax, and you move from up near her chest to her midriff as her arms extend outward.",
            "The warmth of Tabitha's hands and the petting from earlier seems to have tired you out as you let out a deep yawn to yourself, and you decide to get some rest in Tabitha's grip as you snuggle up against the space between her thumb and index finger and try to nod off.",
            "Her hand smells wonderful, and the soft texture of her skin makes the situation you are in pleasant enough that you find yourself drifting off to sleep, unaware that Tabitha's curled hand is moving further down her body.",
            "You are startled to feel yourself collide with a large fleshy surface, and realize far too late as you realize that Tabitha has moved her hand containing you down to her pubic mound, and has started to press you into the hairless mound of flesh just above her pussy.",
            "Strangely, you still hear Tabitha snoring as her hand continues to massage you into her body, and you feel a twinge of ironic pleasure thinking how for once she's doing lewd things that she won't remember. You can't bask in it for long as Tabitha continues to roll your body across her lower regions.",
            "After a few minutes of this, you manage to roll out from underneath Tabitha's hand and slide forward, accidentally flinging yourself off of her body and onto the bed between her legs. You stand up in the darkness underneath her blanket and turn back towards her body.",
            "You consider your options for a moment before deciding that since Tabitha paid for a partner for the night, it would be rude of you to leave now, and you make your way to one of her thighs and begin to scale her pale form.",
            "Once you reach the top of her thigh you are forced to army crawl underneath the blanket until you return to her hands, which now lay dormant just below her waist. You make your way back to them and muscle your way back into her grip.",
            "The hands react to your touch by latching onto you, and you feel the familiar, comforting grip slowly press into you.",
            "For a few moments, everything goes back to standing still, and the rhythmic breathing of Tabitha brings a sense of calm to you as your tired body lets out another yawn.",
            "Just before you can try to go back to sleep again, the hands start inching their way further down Tabitha's frame. You find yourself in her hands right in front of her pussy, and as you brace for something extreme, you are surprised as Tabitha's sleeping form simply gently presses you into one of the lips of her pussy.",
            "Tabitha's pussy is mildly wet, and carries a deep, floral scent that immediately washes over your whole body as Tabitha gently rubs you against herself. Feeling blissful and at ease in her hands, you give in to your urges and extend your tongue and lap against her pussy.",
            "Tabitha stirs for just a moment as she feels your tongue against her body, but settles back into her slumber as she continues to hold you in this position.",
            "For the rest of the night you occasionally let your tongue poke through and lick at Tabitha's smooth, finely groomed pussy, savoring the taste of her body with each stroke of your dextrous tongue.",
            "Eventually, the heat and humidity of being underneath the blanket overwhelms you, and you find yourself nodding off for real this time with Tabitha.",
            "Hours pass and just before dawn breaks you feel Tabitha start to move, jolting you awake. The awkward batgirl seems like she's in a jolly mood as she sits up and stretches, sending you far into the air above her head as her hands race upward.",
            "As she finishes stretching she pauses for a moment as she looks at you in her hand, and a looming realization hits her that she still has possession of you.",
            "Speaks",
            "O-O-Ohmigosh I'm so so so so sorry [ThePlayerName], I totally forgot about you! Are you okay? I hope I didn't do anything too out of line last night...",
            "Her blush comes out in full force as you strain your voice to reassure her that last night was lovely and she has nothing to worry about. Tabitha instantly seems to calm down at your reassurance and flashes a nervous smile as she sees the sun start to crest over the horizon.",
            "Speaks",
            "I'm glad last night was as good for you as it was for me, but I reallllly need to get going before people start to be everywhere around here. I'm gonna head back to the Caverns now, but I'll try and visit again sometime, okay?",
            "You nod and wave farewell to Tabitha as she swiftly gets dressed and departs from the room, giving you a chance to grow back to normal and head down to Belle to collect your payment for the cuddle session of the night.",
            "ChangeEros", "2000"
            ]
        },
        {
            "NameOfScene": "Repeat",
            "theScene": [
            "",
            "",
            "",
            "",
            "",
            "",
            "",
            "",
            "",
            "",
            "",
            "",
            "",
            "",
            "",
            "",
            "",
            "",
            "",
            "",
            "",
            "",
            "",
            "",
            "",
            "",
            "",
            "",
            "",
            "",
            "",
            "",
            "",
            "",
            "",
            "",
            "",
            "",
            "",
            ""
            ]
        }
    ]
}
