{
    "name": "GiantElenaBrothel",
    "CardType": "",
    "CardLimit": "0",
    "Description": "ShrinkShift",
    "requires": [ ""],
    "Speakers": [
        {
            "name": "Elena",
            "postName": "",
            "SpeakerType": ""
        },
        {
            "name": "Belle",
            "postName": "",
            "SpeakerType": ""
        }
    ],
    "EventText": [
        {
            "NameOfScene": "Event Start",
            "theScene": [
            "You look up at the figure that is standing over you to see an incredibly tipsy Elena standing over you, her face stuck in a deep blush from her intoxication as her eyes try to fixate upon you.",
            "DisplayCharacters",
                "1",
            "EndLoop",
            "ChangeImageLayer", "Expression", "1", "DrunkFlirt",
            "Speaks",
            "Well, what do we have here? Are you some kinda new service Belle is offering? Eh, what the hell, I'll rent you for the night.",
            "Elena then heads over to Belle and pays the fee for renting you out for the night, before she returns to you and picks you up off the platter you were sitting on and brings you up to her face.",
            "The scent of booze washes over you as Elena breathes out over you, the heat and stench of her breath is stifling as you try and remain stable on her palm.",
            "As Elena starts to walk away from where you were displayed, you can see her thinking deeply about something as her eyes continue to glance down at you, before she decides on what she's going to do with you.",
            "Menu",
            "Elena keeps you as a drinking buddy for the rest of the night.",
            "Elena decides to retire to her room for the night, taking you along with her.",
            "EndLoop"
            ]
        },
        {
            "NameOfScene": "RepeatIntro",
            "theScene": [
            "As you are waiting around for a client you see Elena approaching your stand again, having already paid Belle to rent you out for the night.",
            "DisplayCharacters",
            "1",
        "EndLoop",
            "Speaks",
            "Alright buddy, it's you and me again tonight. Be sure to have some fun, 'kay?",
            "She lifts you up and starts to walk away with you on her palm as:",
            "Menu",
            "Elena keeps you as a drinking buddy for the rest of the night.",
            "Elena decides to retire to her room for the night, taking you along with her.",
            "EndLoop"
            ]
        },
        {
            "NameOfScene": "Elena keeps you as a drinking buddy for the rest of the night.",
            "theScene": [
            "Speaks",
            "Yeah, I know what to do with you! You and I are gonna keep drinking all night long!",
            "Elena's hand closes around your shrunken form as she makes her way back to her stool at the far end of the bar counter. It takes just over a minute of stumbling and using her free hand to catch herself, but Elena eventually makes the trip back to her seat and releases her hand around you to let you rest on the counter, surrounded by empty shot glasses and beer bottles.",
            "You turn and look up at Elena as she flags down a waiter and orders two shots and another beer, which are promptly delivered to her.",
            "The shot glasses that get delivered stand just about as tall as you are, and you look nervously at Elena as she grabs one and quickly knocks back the contents of the shot glass before slamming it on the countertop, causing you to fall over onto your ass as Elena laughs to herself.",
            "Speaks",
            "C'monnnn kid, lighten up wouldja? Can't handle a bit of roughness?",
            "As she asks you this, she lifts up the other shot glass and knocks that one out too. As she finishes swallowing she also slams this second shot glass onto the table as her face contorts from the intoxicating effects of the alcohol running through her system before she seems to recover and shoots you a lazy grin.",
            "As the second shot glass hits the table, you stumble backwards slightly and trip over your own feet, landing on your ass as the shockwave of the glass startles you. Elena tries to hold back her laughter as you fall over, but bursts into laughter that is eventually interrupted by some hiccups that cause her to jump in her seat.",
            "Speaks",
            "Pfft, look at you, falling over from that -Hic-. Ugh, these stools are so uncomfortable.",
            "Elena squirms in her seat for a few moments, grinding her ass into the padded cushions of the stool before raising herself a little before sitting back down with great force as she tries to get comfortable on the stool. After a few moments of trying she sighs and turns her focus to her beer, before her eyes land on you and you see an idea form in her mind.",
            "ChangeImageLayer", "Expression", "1", "Drunk",
            "Speaks",
            "Sayyyy, what do you say to helping me out a little? I need this seat to be wayyy more comfortable and I think you're just the guy for the job. Don't be shy now, do a good job down there.",
            "Elena grabs you and starts to move you down to the stool she is sitting on.",
            "She lets go of you and lets you down onto the seat where butt was, as she hovers it menacingly over you.",
            "With a drunk grin she uses one hand to move her skirt out of the way, revealing lacy black panties that are wedged deep into her rather large butt.",
            "Speaks",
            "You can stare, but I'm gonna make sure you get real close and personal with that view.",
            "Elena stops holding herself up any longer as her ass descends on top of you, pressing you deep into the padded cushion of the stool.",
            "With her weight firmly on top of you, Elena starts to grind her ass into the seat, making sure you are centered underneath her ass as your face is ground into it.",
            "As she settles down, you find now that your arms are pinned to your side, and you can hardly move a muscle.",
            "Despite all the weight on you, you attempt to wiggle against the massive drunk giantess to break free of the situation you find yourself in, to rather disappointing results.",
            "Elena seemingly notices your movements and lets out a snicker that you manage to hear even from underneath her mighty ass.",
            "You don't have a moment to be frustrated with her laughter as she rubs her ass back and forth against the seat again, rubbing her panty clad ass all over your body as she does so.",
            "Minutes start to pass by as Elena continues to drink, occasionally rubbing her ass against the seat to further torment you. Meanwhile, the heat underneath her ass continues to build as she continues to drink.",
            "Elena finishes another large glass of ale and has a brilliant idea, and she whispers down to you that she wants to give you a more personal experience with her ass.",
            "She lifts her ass up and off the seat momentarily as her hand comes down and swipes you up, before she quickly uses her free hand to grab at the waistband of the back of her skirt and tugs it just enough to deposit you into the back of her panties.",
            "You quickly impact against the massive trail of fabric and quickly tumble down to the base of her panties, directly underneath her asshole.",
            "Elena sits down again, trapping you directly against her asshole as she grinds her ass once again onto the seat, barraging you with her hot ass cheeks and asshole. With a laugh, Elena calls down to you in your new position.",
            "Speaks",
            "Hey, how's about we cut a deal, I'm gonna keep you down there until I finish drinking or until you give my ass a nice kiss.",
            "What will you do?",
            "Menu",
            "Submit and kiss her ass.",
            "Hold out and let her finish drinking.",
            "EndLoop"
            ]
        },
        {
            "NameOfScene": "Submit and kiss her ass.",
            "theScene": [
            "You spend a few moments pondering Elena's ultimatum before deciding that getting out from under her ass would be for the best.",
            "Swallowing your pride, you strain your head forward and press your lips against the drunk Elena's ass and give it a kiss.",
            "Moments pass by, but Elena seemingly does nothing as she seems to not feel your actions.",
            "You give her another kiss, and as you do, Elena starts to laugh,",
            "Speaks",
            "Good job, but unfortunately I lied, and you're gonna come upstairs with me now that I'm done drinking and I've had my fun down here.",
            "Elena shifts in her seat before standing up and walking upstairs in the inn, with you still trapped in her tight black panties.",
            "Elena makes it to her room and throws herself belly first onto the bed of the room she's renting, tossing you onto her asshole as she crawls around to make herself more comfortable.",
            "You try to scurry around to escape, but Elena clenches her ass on your body, sealing you in place in close proximity to her asshole.",
            "Speaks",
            "Hey, no moving back there, I'm trying to get comfortable.",
            "Elena releases her ass, but as you stay still in the darkness under her skirt you hear a rumbling coming from her ass.",
            "Elena pays this no mind as she straightens her legs out, causing her ass to tighten on you as she pulls the blankets up, getting rid of any remaining lights that managed to break through her skirt and panties.",
            "Trapped between the cheeks of a drunk giantess, you have no choice but hope she remembers you before something awful happens to you, and you are forced to bear it all night long.",
            "Your prayers aren't answered, however, as a massive blast of wretched air bursts from Elena's asshole, causing your lungs to burn as the acrid air invades your lungs and would drop you to your knees if you weren't held in place by Elena's mighty buns.",
            "Worse yet, the clothing and blankets layered over top of Elena's body traps in the heat and stench of the fart, causing it to linger for far longer around you, forcing you to endure the smell over and over with each breath.",
            "Tears form in your eyes as you endure the stench for what feels like forever, until finally the stench dissipates enough that you can get a semblance of normal air into your lungs.",
            "Elena's ass finally shifts as she rolls to her side, and the pressure changes just enough that you can escape to the fabric of her panties and start to force your way underneath, before sliding down the side of her massive ass.",
            "You reach the bed but find yourself in darkness. Cautiously, you start to advance in one direction, hopeful that you'll find an exit soon.",
            "Regretfully, your movements were too slow as Elena shifts again in her stupor, and rolls onto her back as her massive ass falls toward the bed. Without any lights you only hear the rustling of the bed sheets before you are squashed into the bed by the massive cheeks of Elena.",
            "You struggle and wiggle under the weight of the massive guild clerk, but to no avail. You pray that Elena will feel your squirms and get off of you, but to your dismay you hear the giantess start to snore, and it dawns on you that you're gonna be stuck under this ass for a while.",
            "While resting under the weight of Elena, you begin to feel the effects of both the pressure and heat she is exerting onto you, and you can feel your body slowly falling asleep underneath the world's drunkest weighted blanket.",
            "Your heavy eyes start to close, ready to fall asleep, but then you are jolted back awake as another fart escapes from Elena, causing her ass to shake for a moment before the same deadly stench creeps to where you are under her ass.",
            "The stench this time around is subdued thanks to the fact you are not in the direct blast zone, but you still retch from being forced to endure the stench of Elena's ass until it once again subsides.",
            "The next hour of the night is dominated by the cycle of calm being shattered thoroughly by one of Elena's putrid farts. You eventually feel like you are becoming desensitized to her awful stench as they finally start to subside.",
            "Worn out by the constant barrage of noxious air, you pass out underneath the colossal desk worker and sleep until you feel her stirring the next morning. Elena mutters to herself about her drinking habits as she sits up, forcing more of her weight directly onto you as it wakes you up fully.",
            "Elena does a few seated stretches as she tries to piece together what happened the previous night, but does not remember you as she stands up out of the bed.",
            "As she stands up, you expect for the weight on top of you to lessen and for the light to shine in on you, but you realize as she starts moving that you are stuck to her ass cheek from the sweat and pressure of her body resting on you for so long.",
            "Elena makes her way to the bathroom and starts to check herself out in the mirror, before she finally notices you. Her confused look is replaced with embarrassment as she quickly peels you off of her butt and sets you on the countertop of the bathroom sink and squats down to eye level with you.",
            "ChangeImageLayer", "Expression", "1", "Disgust",
            "Speaks",
            "Oh crap, are you alright? D-Did I sleep on you? Oh crap that's so embarrassing! Please forget this night happened I'm so so sorry. I hope I didn't do anything too weird.",
            "Seeing the sorrowful look on Elena's face is enough that you don't have the heart to tell her the truth about last night, and instead you tell her everything is fine. With a sigh of relief Elena addresses you again.",
            "ChangeImageLayer", "Expression", "1", "Smile",
            "Speaks",
            "That's such a relief to hear, thanks so much [ThePlayerName]. I'll set you down outside the bathroom door and you can head off, alright?",
            "You agree and after Elena sets you down you grow back to your normal size and head downstairs to where Belle is. Belle doesn't meet your gaze as she hands you your pay for the night and the bonus commission for shrinking down for your shift before sending you home.",
            "ChangeEros", "2000",
            "GiveExp", "100"
            ]
        },
        {
            "NameOfScene": "Hold out and let her finish drinking.",
            "theScene": [
            "Deciding that you aren't gonna let this drunkard win over you, you hold yourself back and refuse to comply with her request. As a few minutes pass Elena seems to realize that you aren't gonna acquiesce with her request she starts to get belligerent.",
            "Speaks",
            "So, that's how its gonna be, ey tough guy? Alright, guess we're turning this into an endurance match.",
            "Elena demonstrates her point by grinding her ass hard against the seat, rubbing your face into her ass for several moments before she lets up, and you get a chance to catch your breath.",
            "You hear far above you the sounds of Elena drinking heavily again before another glass slams onto the table, and Elena suddenly tenses up.",
            "Speaks",
            "Uh oh. Hey bartender! Save my spot, I'll be back in a bit.",
            "Elena then stands up and starts to stagger her way to the bathroom, and immediately dodging into a stall as she sinks onto the toilet seat. She lowers her panties, lowering you between her legs as she does, and you try to rise to your feet as the sounds of Elena pissing echoes through the otherwise quiet bathroom.",
            "As this happens, you think about this being your chance to escape as you make your way to the edge of Elena's panties while she's finishing up, and as a last ditch attempt to save yourself from being trapped with the drunk desk worker you try and leap from the black panties she's wearing.",
            "You hang in the air for what feels like an eternity, before Elena somehow manages to snatch you out of mid-air with her free hand as she finishes using the toilet and flushes. She looks down at you with the meanest expression her drunk self can muster, as she tightens her grip on you.",
            "Speaks",
            "Ohhhh nooo you don't, you can't get away that easy. This time, I'll make sure our stay at the bar is a lot worse for you now.",
            "Elena stands up with her panties still around her ankles and starts to bring you around to her backside, and as she does so she uses her free hand to grab at her ass cheeks, spreading them to give you a clear view of her asshole.",
            "With all the grace a drunkard can assemble, Elena brings your head towards her asshole, but bumps your head into the walls of her ass cheeks several times before she finally manages to press your face against the smelly hole.",
            "You struggle in her grasp as she exerts a bit more force, and gets your head to pass through her asshole and buries it into her anal cavity. Not content with just that, Elena slowly feeds more and more of your body into her ass until nothing but your feet remains outside of her.",
            "Elena lets out a content sigh as she bends over and grabs her panties and pulls them up snug against her ass, and gives herself a small wedgie as she ensures that you'll remain stuck inside her for the remainder of her bender.",
            "With you snugly inside her, Elena makes her way back to her seat at the bar counter, and orders a few more beers for herself as she sits back down.",
            "Inside Elena, you are subject to the powerful, rancid stench of Elena's ass directly. The giantess' ass clenches on you as she sits down, and you get the feeling that you may be here for quite a while.",
            "Minutes turn to hours as Elena continues to drink her problems away, occasionally flexing the muscles in her hips and butt to tighten the prison you find yourself in around you, and giggles to herself every time she does so. After the first few times you would struggle and fight your way to try and escape, but you could not move even an inch inside the tight walls of Elena's ass.",
            "As Elena laughs and enjoys your torment inside her ass, Belle eventually makes her way over and asks what's so funny, to which Elena explains your circumstances in between gasping fits of laughter. Belle looks concerned but tells Elena she should get some rest soon, and Elena laughs her off.",
            "Belle walks away as Elena grinds her ass into her seat some more, grinding the interior walls of her ass all over your body as she does so. To make matters worse for you, you hear a deep rumbling from up above you, and your worst fears are realized as a wave of hot, stinky gas washes over you and forces its way into your nose and mouth.",
            "As Elena releases this fart she can't help but burst into uncontrollable, raucous laughter that lasts for several minutes. As she finally calms down from her laughing fit she lets out a deep yawn and lowers her head to the counter of the bar, and soon after falls into a deep sleep with you still squarely inside her.",
            "You start to panic as the snores of your giant captor echo through her body, but strangely enough you feel Elena moving around despite her snores. A few minutes of Elena's body moving go by before you feel something grab onto your feet and pull you from your smelly captivity.",
            "Light washes over you as you find yourself in the back rooms of the bar, and gaze up at your manager Belle holding you upside down by your feet. She sets you down next to a passed out Elena and walks away, leaving your money nearby as she tells you to take the rest of the night off and get some rest away from Elena.",
            "Belle makes her way back out to the bar and starts to clean some glasses that have piled up on the countertop as you grow back to normal size and collect your belongings.",
            "You head up to your room and collapse into bed, and groggily try to forget the events that just happened to you as you fall asleep.",
            "ChangeEros", "2000",
            "GiveExp", "100"
            ]
        },
        {
            "NameOfScene": "Elena decides to retire to her room for the night, taking you along with her.",
            "theScene": [
            "Elena deposits you into her cleavage as she closes out her tab for the night, and ascends the staircase to find a room to stay in for the night. With each step up the steps you feel her breasts bounce in place as her bra and blouse tries to contain them, but the bouncing still assaults you as you are stuck between her titanic breasts.",
            "Eventually Elena makes her way to her room, and as she locks the door behind her she pulls you from her chest and collapses onto the bed with you in hand. She soon pulls herself into a sitting position and looks at you in the darkness, her eyes struggling to focus on you as she racks her head for an idea on what to do with you.",
            "A few moments pass, before you can make out on Elena's face a sign that she has had an idea, as she lays on her back and starts to move you down towards her skirt, as she pulls it up with her free hand, giving you an ample opportunity to look at her lacy black panties covering her lower body.",
            "As Elena keeps moving you towards her panties, her free hand moves down to her panties and reveals her pink, wet pussy to you as she attempts to ram your head directly into it. But, with her amount of intoxication, she misses the first time and rams you through the forest of her pubic hair. Elena course corrects and this time manages to shove you all the way up to your waist into her dripping wet pussy.",
            "A moan escapes Elena as she releases you for a moment, but she quickly regains a hold on your legs and starts to slide your body in and out of her pussy several times, slowly building up speed with each pass deep into her pussy.",
            "Elena gently bites down on her lip as she holds you deep inside her, only making small movements as she uses your body to continue stimulating the deepest parts of her pussy. As the action around you slows down, you take the chance when Elena stops to stick out your tongue and lick at the walls of Elena's pussy, causing the drunk giantess to quiver in pleasure with each stroke of your tiny tongue.",
            "The walls of Elena's pussy pulse around you gently, and with each twitch of your body and stroke of your tongue you can feel her tense up and quickly relax from the stimulation. Elena's breathing slowly begins to pick up, and her breaths start to become shorter and more frantic as she continues to pleasure herself with your body.",
            "Elena starts to piston you inside of herself again, sending you deep in and out of her pussy with great speed as her breaths are frequently interrupted by incoherent, drunk moans that spell that she's barely holding back her pleasure.",
            "After a few more moments Elena's pussy clamps down hard on you as she lets out a deep, bellowing moan as she cums all over you, soaking you to the bone in her love juices as you are forced to remain in her pussy for the moments after her orgasm as Elena recovers.",
            "Once Elena has caught her breath again she pulls you from her pussy and sees you dripping in her pussy juices. With a drunken giggle she pulls you up to her mouth and quickly brings your entire body into her mouth, licking every inch of your body as she licks you clean of her cum.",
            "Elena then pulls you from her mouth with a loud 'pop' noise, and with a seductive look on her face brings you down to the chasm of her cleavage where she drops you in between her breasts that are barely restrained by her black, lacy bra.",
            "You find yourself secured in between the bountiful breasts of Elena, and look up to find her blushing, drunken face staring back down at you with a lazy, warm smile.",
            "Elena grabs onto her breasts from the side and starts to press inwards, forcing her breasts to squeeze together around you. The pressure of her breasts bears down on your invincible body, and you feel the intense heat of her body radiate into you as her breasts start to envelop you.",
            "The rubbing sensation of Elena's breasts crushing around you fills you with pleasure and you struggle to keep your erection under control as Elena continues to assault you with her enormous breasts.",
            "Elena seems to notice something hard poking her breasts eventually, as she finally pulls you from her cleavage and takes notice of your erection and giggles as she pulls one of her breasts free and places you in front of her nipple.",
            "Your lust over takes your ability to think rationally, and you take handfuls of Elena's breast into your hand as you start to guide your dick into the opening of her nipple. It's a spacious fit at first but Elena uses her fingers to pinch around her nipple to tighten the passageway as you thrust into her nipple.",
            "The tightened length of her nipple feels good on your cock, and your hips start to form a mind of their own as you start to pick up speed as your dick pumps in and out of Elena's nipple.",
            "Elena laughs as she watches you continuously hump her nipple, but you aren't paying attention to her as you moan under your breath as you continue to fuck her nipple.",
            "Your grip on her breast tightens as you continue to pump your dick deep into her nipple. As you continue to moan you lean forward and bury your face into the warm, soft flesh of Elena's tit to muffle your moans.",
            "The sensation of her nipple feels great around your cock, and you can feel your balls start to build up from the prolonged pleasure of the last few minutes but you try to hold yourself back from cumming into the milk ducts of the giantess guild clerk.",
            "Elena has other ideas as she lazily brings her index finger to your lower back and presses you as deep into her breast as you can go, and the sensation of pushing this deep into the breast of a giantess overloads your brain with a new sense of pleasure.",
            "This new level of pleasure floods your brain thoroughly as you release a wave of cum into the nipple of Elena, and as you spasm and release this burst of cum into her you can feel yourself losing a bit of steam as you collapse onto her tit.",
            "Elena, however, does not give you this moment to rest. Instead, she pulls you away from her exposed breast as she drops you onto the floor of her room and quickly hovers a stockinged foot over your body.",
            "You barely have time to register Elena's foot hanging over your body before it comes barreling down towards you, smashing you flat to the ground as your body is buried beneath the massive stockinged sole.",
            "The foot weighs down on your body, and as you recover from the impact of being crushed into the ground you are hit with the earthy, sweaty scent of Elena's foot. Her stockings are damp from being on her feet all day, and the stench of their wear comes through as you are smothered by the scent.",
            "Elena slowly starts to rub her foot against your body, rolling you around and covering you in a thin sheen of her foot sweat. After a few moments of this pass, Elena shifts her foot until her big toe covers over your face, and she then presses that toe down onto you as she slowly grinds it onto your face.",
            "The grinding motion on your face causes your mouth to part for just a moment, letting some sweat slip from Elena's foot and into your mouth. Your body struggles and revolts against the acrid, salty liquid but the overwhelming pressure of Elena's foot keeps you firmly in place.",
            "Your struggles do catch Elena's attention however, but instead of lifting her foot off of your body, she instead uses her toes to grip your head and lift your body into the air. As you dangle there, your head sandwiched between her stocking-clad toes, her other foot comes in and presses down hard on your back, caging you between the titanic feet of the giantess guild worker.",
            "Elena releases the grip of her toes on your head, but you remain trapped in the crushing cage of her feet, surrounded by the hot, stuffy sensation of her sweaty stockings slowly rubbing all over your body. The overload of your senses from the smell starts to overload your brain, but before anything else happens you feel Elena's feet move upwards, and you are plucked from your sweaty prison.",
            "Speaks",
            "Alright bud, you've done real great, but I'm gonna get ready for bed now, so how's about you and I get some rest, eh?",
            "Elena does not wait for your response, and instead slides her jacket top off and brings you up to her armpit. She lowers her arm against you and seals you into a hot, sweaty prison as she continues to undress herself.",
            "Every action of Elena's causes her arm to rub you deeper and deeper against her armpit, causing the previous buildup of sweat on your body to look like nothing compared to now. The heat and stench of her armpit bears on your mind as every prior experience tonight coalesces and you finally break down in a weird display of lust and reach out your tongue to lick Elena's sweaty armpit.",
            "Elena seizes up as she is taking off her skirt as she feels your tongue brush against her armpit, but instead of doing anything she remains still and focuses on enjoying the minute sensations of your tongue touching such a place on her body.",
            "Your mind is too wracked by lust and Elena's scent to notice the taste of Elena's armpit, and instead all you can do is continue to lick and move your hips as your erection comes back to life and rubs against Elena's slick, sweaty skin.",
            "As Elena finishes getting undressed, she retrieves you from her armpit and holds you in her lap. You gaze up at the titanic desk worker's naked body in awe as she ponders what to do with you as she goes to bed.",
            "Silently, Elena seems to reach a conclusion as she retrieves one of her discarded stockings, and she holds the mouth of the long sock open as she deposits you inside, letting you tumble down the long fabric tunnel until you finally hit the bottom. The sock is still damp from being worn and carries a slightly less intense smell of Elena's foot.",
            "Elena then loosely rolls up the sock and drops it on the ground as she promises to wake up in the morning to have more fun with you, before she climbs into bed and quickly pulls the blankets up over herself.",
            "Indignant at being stuck inside a damp sock and being discarded, you get to work at freeing yourself. Elena failed to secure the sock with anything heavy or even tie a knot to keep you in place, so you manage to escape quite easily after a minute or two.",
            "Exhausted and covered in Elena's foot sweat you decide to return to your room and take a long shower and sleep off this whole night. You grow back to normal in the center of Elena's room and slip out without disturbing the drunken woman, and return to your room before anything else happens.",
            "The night passes and outside your door you find a sack of eros and a note from Belle that reads 'Hey champ, Elena never returned you to end your shift, so I'm dropping off your payment for the night. Hope she wasn't too rough with you, she claims she doesn't remember anything about last night. See you for your next shift. - Belle'",
            "You pocket the eros and go about your day.",
            "ChangeEros", "2000",
            "GiveExp", "100"
            ]
        }
    ]
}
