{
    "name": "Arousing Thrust",
    "costType": "ep",
        "cost": "1",
    "requiredLevel": "0",
    "learningCost": "0",
    "skillType": "attack",
    "statType": "Intelligence",
    "requiredStat": "0",

    "skillTags": [ "Magic"],
    "fetishTags": [ "Cock"],

    "startsStance": [""],
    "requiresStance": "Anal - Phantom",
    "unusableIfStance": ["Titfuck"],
    "requiresTargetStance": ["Anal - Phantom"],
    "unusableIfTarget": ["Titfuck"],
    "removesStance": ["None"],

    "requiresPerk": [""],
    "requiresOnePerk": "",
    "unusableIfPerk": [""],
    "requiresPerkSelf": [""],
    "requiresOnePerkSelf": "",
    "unusableIfPerkSelf": [""],

    "requiresStatusEffect": "None",
    "requiresStatusPotency": "0",
    "unusableIfStatusEffect": ["None"],
        "requiresStatusEffectSelf": "None",
        "requiresStatusPotencySelf": "0",
        "unusableIfStatusEffectSelf": ["None"],

        "scalesWithStatusEffect": "",
        "flatDamageSF-FlatScaling": "0",
        "flatDamageSF-PercentScaling": "0",
        "totalDamageSF-PercentScaling": "0",

    "targetType": "single",
        "accuracy": "0",
        "initiative": "0",

    "power": "10",
        "minRange": "100",
        "maxRange": "100",
    "recoil": "0",
    "critDamage": "0",
    "critChance": "50",

    "statusEffect": "None",
        "statusPotency": "0",
        "statusEffectScaling": "0",
        "statusDuration": "0",
        "statusChance": "0",
        "statusResistedBy": "",

    "statusText": "",
    "descrip": "High-Crit thrust attack",
    "outcome": "[AttackerName]'s cock thrusts into [TargetName]'s ass, seeking to strike a sensitive part of [TargetHisOrHer] anal cavity with their long cock and to leave [TargetName] gasping for air.",
    "miss": "[AttackerName] tries to thrust deep into [TargetName]'s ass to hit a weakpoint, but can't seem to find it.",
    "statusOutcome": "",
    "statusMiss": "",

    "restraintStruggle": [""],
    "restraintStruggleCharmed": [""],
    "restraintEscaped": [""],
    "restraintEscapedFail": [""]
}
