{
    "name": "Phantom Penetration",
    "cost": "1",
    "costType": "ep",
    "requiredLevel": "0",
    "learningCost": "50",
    "skillType": "attack",
    "statType": "Core",
    "requiredStat": "0",

    "skillTags": [ "Magic"],
    "fetishTags": [ "Cock"],

    "startsStance": "Anal - Phantom",
    "requiresStance": "Any",
    "unusableIfStance": [ "Any"],
    "requiresTargetStance": [ "Any"],
    "unusableIfTarget": [ "Anal - Futa", "Blowjob", "Sex", "Anal", "Face Sit", "Titfuck", "Footjob", "Tailjob", "Tail Fuck", "Anal - Phantom"],
    "removesStance": ["None"],

    "requiresPerk": [""],
    "requiresOnePerk": "",
    "unusableIfPerk": [""],
    "requiresPerkSelf": [""],
    "requiresOnePerkSelf": "",
    "unusableIfPerkSelf": [""],

    "requiresStatusEffect": "None",
    "requiresStatusPotency": "0",
    "unusableIfStatusEffect": ["None"],
        "requiresStatusEffectSelf": "None",
        "requiresStatusPotencySelf": "0",
        "unusableIfStatusEffectSelf": ["None"],

        "scalesWithStatusEffect": "",
        "flatDamageSF-FlatScaling": "0",
        "flatDamageSF-PercentScaling": "0",
        "totalDamageSF-PercentScaling": "0",

    "targetType": "single",
        "accuracy": "0",
        "initiative": "0",

        "power": "20",
        "minRange": "90",
        "maxRange": "110",
        "recoil": "0",
    "critDamage": "0",
    "critChance": "0",

    "statusEffect": "None",
        "statusPotency": "0",
        "statusEffectScaling": "0",
        "statusDuration": "0",
        "statusChance": "0",
        "statusResistedBy": "",

    "statusText": "",
    "descrip": "Start fucking an opponent's ass. Inflicts moderate arousal, but will also arouse you.",
    "outcome": "Gwen's phantom starts to fuck you",
    "miss": "[AttackerName] tries to push into [TargetName]'s asshole but [TargetHeOrShe] stays just out of reach!",
    "statusOutcome": "",
    "statusMiss": "",

    "restraintStruggle": [""],
    "restraintStruggleCharmed": [""],
    "restraintEscaped": [""],
    "restraintEscapedFail": [""]
}
