{
    "name": "Phantom Spitroast",
    "costType": "ep",
        "cost": "10",
    "requiredLevel": "0",
    "learningCost": "0",
    "skillType": "attack",
    "statType": "Intelligence",
    "requiredStat": "0",

    "skillTags": [ "Penetration", "Magic"],
    "fetishTags": [ "Penetration", "Cock"],

    "startsStance": ["Spitroast"],
    "requiresStance": ["Anal - Phantom"],
    "unusableIfStance": ["Any"],
    "requiresTargetStance": ["Anal - Phantom", "Irrumatio"],
    "unusableIfTarget": [""],
    "removesStance": ["Anal - Phantom", "Irrumatio"],

    "requiresPerk": [""],
    "requiresOnePerk": "",
    "unusableIfPerk": [""],
    "requiresPerkSelf": [""],
    "requiresOnePerkSelf": "",
    "unusableIfPerkSelf": [""],

    "requiresStatusEffect": "None",
    "requiresStatusPotency": "0",
    "unusableIfStatusEffect": ["None"],
        "requiresStatusEffectSelf": "None",
        "requiresStatusPotencySelf": "0",
        "unusableIfStatusEffectSelf": ["None"],

        "scalesWithStatusEffect": "",
        "flatDamageSF-FlatScaling": "0",
        "flatDamageSF-PercentScaling": "0",
        "totalDamageSF-PercentScaling": "0",

    "targetType": "single",
        "accuracy": "999",
        "initiative": "0",

    "power": "10",
        "minRange": "100",
        "maxRange": "100",
    "recoil": "0",
    "critDamage": "0",
    "critChance": "0",

    "statusEffect": "None",
        "statusPotency": "0",
        "statusEffectScaling": "0",
        "statusDuration": "0",
        "statusChance": "0",
        "statusResistedBy": "",

    "statusText": "",
    "descrip": "The phantom fucking your ass in the spitroast",
    "outcome": "|f|CallCombatEventAndScene|/|Gwen2CombatEvents|/|Spitroast",
    "miss": "",
    "statusOutcome": "",
    "statusMiss": "",

    "restraintStruggle": [""],
    "restraintStruggleCharmed": [""],
    "restraintEscaped": [""],
    "restraintEscapedFail": [""]
}
