{
    "name": "Phantom Double",
    "costType": "ep",
        "cost": "1",
    "requiredLevel": "0",
    "learningCost": "0",
    "skillType": "attack",
    "statType": "Intelligence",
    "requiredStat": "0",

    "skillTags": [ "Magic"],
    "fetishTags": [ "Cock"],

    "startsStance": [""],
    "requiresStance": "Anal - Phantom",
    "unusableIfStance": ["Titfuck"],
    "requiresTargetStance": ["Anal - Phantom"],
    "unusableIfTarget": ["Titfuck"],
    "removesStance": ["None"],

    "requiresStatusEffect": "None",
    "requiresStatusPotency": "0",
    "unusableIfStatusEffect": ["None"],
        "requiresStatusEffectSelf": "None",
        "requiresStatusPotencySelf": "0",
        "unusableIfStatusEffectSelf": ["None"],

    "targetType": "2Hits",
        "accuracy": "0",
        "initiative": "0",

    "power": "10",
        "minRange": "100",
        "maxRange": "100",
    "recoil": "0",
    "critDamage": "0",
    "critChance": "0",

    "statusEffect": "None",
        "statusPotency": "0",
        "statusEffectScaling": "0",
        "statusDuration": "0",
        "statusChance": "0",
        "statusResistedBy": "",

    "statusText": "",
    "descrip": "The Phantom fucks you so fast you feel double dicks",
    "outcome": "[AttackerName] deftly fucks [TargetName]'s ass at a rapid, intense tempo, each hilting strike working to flood them with pleasure.",
    "miss": "[AttackerName] deftly fucks [TargetName]'s ass at a rapid, intense tempo, each hilting strike working to flood them with pleasure, but [TargetHeOrShe] seems unaffected!",
    "statusOutcome": "",
    "statusMiss": "",

    "restraintStruggle": [""],
    "restraintStruggleCharmed": [""],
    "restraintEscaped": [""],
    "restraintEscapedFail": [""]
}
