{
    "name": "Sword-Swallower",
    "costType": "ep",
        "cost": "5",
    "requiredLevel": "0",
    "learningCost": "0",
    "skillType": "attack",
    "statType": "Core",
    "requiredStat": "0",

    "skillTags": ["Penetration"],
    "fetishTags": ["Monstrous"],

    "startsStance": [""],
    "requiresStance": "Spitroast",
    "unusableIfStance": ["Titfuck"],
    "requiresTargetStance": ["Spitroast"],
    "unusableIfTarget": ["Titfuck"],
    "removesStance": ["None"],

    "requiresStatusEffect": "None",
    "requiresStatusPotency": "0",
    "unusableIfStatusEffect": ["None"],
        "requiresStatusEffectSelf": "None",
        "requiresStatusPotencySelf": "0",
        "unusableIfStatusEffectSelf": ["None"],

    "targetType": "single",
        "accuracy": "0",
        "initiative": "0",

    "power": "37",
        "minRange": "90",
        "maxRange": "115",
    "recoil": "25",
    "critDamage": "0",
    "critChance": "0",

    "statusEffect": "None",
        "statusPotency": "0",
        "statusEffectScaling": "0",
        "statusDuration": "0",
        "statusChance": "0",
        "statusResistedBy": "",

    "statusText": "",
    "descrip": "",
    "outcome": "[AttackerName] plunges her cock deep into [TargetName]'s throat, feeling the sensation of [TargetHimOrHer] gagging on her meaty cock as it deprives [TargetHimOrHer] of oxygen.",
    "miss": "[AttackerName] tries to hold her cock inside of [TargetName]'s throat, but can't stop thrusting.",
    "statusOutcome": "",
    "statusMiss": "",

    "restraintStruggle": [""],
    "restraintStruggleCharmed": [""],
    "restraintEscaped": [""],
    "restraintEscapedFail": [""]
}
