{
    "name": "Plunging to the Depths",
    "costType": "ep",
        "cost": "5",
    "requiredLevel": "0",
    "learningCost": "0",
    "skillType": "attack",
    "statType": "Core",
    "requiredStat": "0",

    "skillTags": ["Penetration"],
    "fetishTags": ["Monstrous"],

    "startsStance": [""],
    "requiresStance": "Spitroast",
    "unusableIfStance": ["Titfuck"],
    "requiresTargetStance": ["Spitroast"],
    "unusableIfTarget": ["Titfuck"],
    "removesStance": ["None"],

    "requiresStatusEffect": "None",
    "requiresStatusPotency": "0",
    "unusableIfStatusEffect": ["None"],
        "requiresStatusEffectSelf": "None",
        "requiresStatusPotencySelf": "0",
        "unusableIfStatusEffectSelf": ["None"],

    "targetType": "single",
        "accuracy": "0",
        "initiative": "0",

    "power": "40",
        "minRange": "80",
        "maxRange": "110",
    "recoil": "0",
    "critDamage": "0",
    "critChance": "0",

    "statusEffect": "None",
        "statusPotency": "0",
        "statusEffectScaling": "0",
        "statusDuration": "0",
        "statusChance": "0",
        "statusResistedBy": "",

    "statusText": "",
    "descrip": "",
    "outcome": "[AttackerName] thrusts her cock as deep into [TargetName] as it will go, causing a huge ripple of pleasure to rip through the captive target.",
    "miss": "[TargetName] endures the intense thrusting of [AttackerName]",
    "statusOutcome": "",
    "statusMiss": "",

    "restraintStruggle": [""],
    "restraintStruggleCharmed": [""],
    "restraintEscaped": [""],
    "restraintEscapedFail": [""]
}
