{
    "name": "SpitChains",
    "costType": "",
        "cost": "0",
    "requiredLevel": "0",
    "learningCost": "0",
    "skillType": "",
    "statType": "",
    "requiredStat": "0",

    "skillTags": [""],
    "fetishTags": [""],

    "startsStance": [""],
    "requiresStance": ["Any"],
    "unusableIfStance": ["Any"],
    "requiresTargetStance": ["Any"],
    "unusableIfTarget": [""],
    "removesStance": ["None"],

    "requiresStatusEffect": "None",
    "requiresStatusPotency": "0",
    "unusableIfStatusEffect": ["None"],
        "requiresStatusEffectSelf": "None",
        "requiresStatusPotencySelf": "0",
        "unusableIfStatusEffectSelf": ["None"],

    "targetType": "single",
        "accuracy": "0",
        "initiative": "0",

    "power": "10",
        "minRange": "100",
        "maxRange": "100",
    "recoil": "0",
    "critDamage": "0",
    "critChance": "0",

    "statusEffect": "Restrain",
        "statusPotency": "50",
        "statusEffectScaling": "0",
        "statusDuration": "0",
        "statusChance": "999",
        "statusResistedBy": "",

    "statusText": "",
    "descrip": "",
    "outcome": "",
    "miss": "",
    "statusOutcome": "",
    "statusMiss": "",

    "restraintStruggle": [""],
    "restraintStruggleCharmed": [""],
    "restraintEscaped": [""],
    "restraintEscapedFail": [""]
}
