{
    "name": "Barraging Cock",
    "costType": "ep",
        "cost": "5",
    "requiredLevel": "0",
    "learningCost": "0",
    "skillType": "attack",
    "statType": "Core",
    "requiredStat": "0",

    "skillTags": ["Penetration"],
    "fetishTags": ["Monstrous"],

    "startsStance": [""],
    "requiresStance": "Spitroast",
    "unusableIfStance": ["Titfuck"],
    "requiresTargetStance": ["Spitroast"],
    "unusableIfTarget": ["Titfuck"],
    "removesStance": ["None"],

    "requiresStatusEffect": "None",
    "requiresStatusPotency": "0",
    "unusableIfStatusEffect": ["None"],
        "requiresStatusEffectSelf": "None",
        "requiresStatusPotencySelf": "0",
        "unusableIfStatusEffectSelf": ["None"],

    "targetType": "3Hits",
        "accuracy": "0",
        "initiative": "0",

    "power": "21",
        "minRange": "75",
        "maxRange": "125",
    "recoil": "0",
    "critDamage": "0",
    "critChance": "0",

    "statusEffect": "None",
        "statusPotency": "0",
        "statusEffectScaling": "0",
        "statusDuration": "0",
        "statusChance": "0",
        "statusResistedBy": "",

    "statusText": "",
    "descrip": "",
    "outcome": "[AttackerName] rapidly begins to thrust her hips into the ass of [TargetName], barraging them in their spitroasted state with a flurry of thrusting cocks.",
    "miss": "[AttackerName]'s rapid thrusts don't seem to have much effect on [TargetName].",
    "statusOutcome": "",
    "statusMiss": "",

    "restraintStruggle": [""],
    "restraintStruggleCharmed": [""],
    "restraintEscaped": [""],
    "restraintEscapedFail": [""]
}
