{
    "name": "Ayla Choice",
    "CardType": "",
    "CardLimit": "0",
    "Description": "",
    "requires": [""],
    "Speakers": [
        {
            "name": "Elf",
            "postName": "",
            "SpeakerType": ""
        }
    ],
    "EventText": [
        {
            "NameOfScene": "ChoiceMenuDay",
            "theScene": [
                "As you stand atop Ayla's bedside table, lost in thought, the elven giantess approaches you with an idea first, what is it?",
                "Menu",
                "Ayla has to run to town to grab some supplies, and wants to take you with her.",
                "Ayla wants to feel you squirm inside her while she does chores.",
                "EndLoop"
            ]
        },
        {
            "NameOfScene": "ChoiceMenuNight",
            "theScene": [
                "As you let out a yawn at the approach of nighttime, you begin to think about curling up in the makeshift bed that Ayla has prepared for you. Your thoughts are interrupted by Ayla looming over you as she asks you a question, what does she ask you?",
                "Menu",
                "Ayla wants a cuddle partner.",
                "Ayla has prepared a new bed for you.",
                "EndLoop"
            ]
        },
        {
            "NameOfScene": "Ayla has to run to town to grab some supplies, and wants to take you with her.",
            "theScene": [
                "ChangeImageLayer", "Expression", "1", "Smile",
            "Ayla bounds over to the nightstand where you are lost in thought. Her hands are hidden behind her back as she stands in place and swishes her hips as she looks down at you with a pleasant smile.",
            "Speaks",
                "Soooo turns out I need to stop into town and pick up some supplies, but I know the forest has had some {i}unpleasant{/i} characters roaming around the forest as of late so I'd rather not be leaving you here to fend for yourself, okay?",
            "You tilt your head and think for a second before looking up at Ayla and giving her a big nod, showing you are okay with going with her to the town. Ayla's smile widens as she reaches down and grabs you off the nightstand. It's at this moment that you realize that Ayla's standard attire does not include pockets, and you wonder where exactly you'll be placed for this adventure.",
            "You don't have to worry for long as Ayla starts to lower you down underneath her skirt, and you realize at this exact moment that Ayla is moving you towards her asshole with great speed. You brace yourself and after a few moments you find yourself entirely shoved within Ayla's ass.",
            "Ayla hums to herself cheerily as she taps on your feet to ensure that you've been properly inserted into her ass as she begins to walk around her house to collect everything that she needs for her shopping trip, and then she departs with you in tow.",
            "Ayla makes her way through the thick forest, leaping over felled trees and weaving through thicker parts of the foliage until she makes her way onto a main road. Thanks to her magical nature, the road before her eventually straightens out and quickly gets her to town.",
            "The trip to town doesn't take much longer than an hour, but trapped within the dark, hot confines of Ayla's ass it certainly feels much longer to you. With each step causing her muscles to grind and mash your body, you feel disoriented by the time she reaches the outer walls of the town and speaks with one of the guards.",
            "Ayla promises no funny business while she is in town, and the guards wave her through as she cheerily begins to skip her way towards the nearest market.",
            "Over the course of a couple of hours, Ayla methodically makes her way through her shopping list and picks up a bunch of groceries and through magic has them sent back to her house so she doesn't have to carry them all the way home.",
            "While there, Ayla stops and considers purchasing a collar and leash to put on you, but decides against it due to how malleable your size is, and buying multiple collars at such increasingly small sizes wouldn't make a lot of sense.",
            "Shrugging to herself, Ayla leaves the shop and brings her arms up over her head as she stretches, before leaving town and heading back to the forest to make it home.",
            "ChangeImageLayer", "Expression", "1", "Flustered",
            "As Ayla is making her way through the forest, she disregards a thin piece of string connecting two trees that flank the road. As her foot sails through the string and breaks it, Ayla is surprised as ropes fly out from the trees and catch her by her arms and legs, quickly wrapping them together as she falls over.",
            "Ayla struggles against the restraints as some leaves rustle, Ayla demands that whoever is hiding show themselves, but all she sees is two Lizard Girls peering out from the bushes who quickly take off, disinterested in taking Ayla as a prize. Ayla continues to struggle for a bit until voices are heard from further down the road.",
            "ChangeImageLayer", "Expression", "1", "Tsun",
            "Two adventurers, both of them tall, muscular men with stubble running along their chins, come across the prone Ayla with the ropes binding her hands and feet. They both laugh, thinking she's another hapless Elf who got caught up in her own rope trap. Ayla tries to explain the situation but the two men have already begun to drag her over to a nearby stump.",
            "Meanwhile, you are still trapped firmly inside Ayla's ass, feeling worthless as you feel these two men carry off Ayla and set her down. Her pleadings are interrupted as one of the men grabs her by the throat while he whips his dick out, and the other man takes a finger and runs it along the length of her pussy while she fights back a whimper.",
            "Ayla's words of defiance are cut off as the adventurer in front of her forces his cock deep into her mouth, poking into the back of her throat with his member as she gags at the sudden invasion of her mouth. She has no time to register what is happening as the rear adventurer thrusts deep into her pussy as well, with his hands firmly on her hips to allow him to thrust as deep as possible.",
            "You feel the world around you shrink and tighten as the lengthy member of Adventurer #2 pounds into Ayla's pussy, and the sensation of being squeezed by her ass as she is fucked vigorously only serves to humiliate further as these two men have their way with your goddess.",
            "Ayla is rocked back and forth as these men thrust in a rhythm that sends her from choking on one cock to reaching the hilt of the other constantly in a tug of war with her in the center of it. Her mind is going blank from the humiliation but she cannot undo the binds no matter how hard she tries.",
            "After a while, the rear adventurer pulls his cock out of Ayla's pussy, and instead of the two being done with Ayla, the rear one presses the tip of his dick against Ayla's asshole and rams it in with ease. The slick member invades the tight space of Ayla's ass and you offer no resistance to the cock that thrusts against your tiny body.",
            "This massive penis slams into your body, pressing you deeper into Ayla's ass as it retreats and just as suddenly slams back into you with force. You are struck by this cock over and over again as the adventurer continues to ram deep into Ayla's ass, slapping her ass roughly with each passing thrust.",
            "The combination of his pre-cum and Ayla's juices rub onto your body, and you feel sticky and gross as you hear the two men grunting as their use of Ayla continues.",
            "After what feels like an eternity, both adventurers lean in and press their members as deep into Ayla as possible as the two of them fire their loads into her. Ayla chokes and gags from the cock filling her throat as it pumps cum down into her stomach, and the other fires ropes of cum into her ass that coats you thoroughly.",
            "ChangeImageLayer", "Expression", "1", "Angry",
            "The two men laugh as their dicks retreat, with cum oozing out of Ayla's mouth and ass as they cut the ropes binding her and leaving her to disappear. Ayla lays on the stump as her body slowly absorbs the cum of the two men, leaving you with trace amounts of cum that were not absorbed as Ayla fixes her outfit and rises to her feet, not defeated in battle or by orgasm.",
            "Ayla travels for a few minutes longer before making it back to the house, thoroughly exhausted and humiliated to have been used in such a way. She draws a bath and lowers herself into the tub, working hard to forget the events of the day. It is not until much later into the evening that you muster the strength to move again and in a moment of shock Ayla retrieves you from her ass.",
            "ChangeImageLayer", "Expression", "1", "Flustered",
            "Speaks",
                "Oh my goodness, I'm so sorry I forgot you in there [ThePlayerName]! So much happened and those brutes accosted me and you're so filthy! Here, let me help you get cleaned up.",
            "Ayla brings you to the sink and gives you a gentle, yet thorough cleansing of your body to remove the scent of her ass the adventurer's cum from your body. By the time she is done, night has come and Ayla leaves you on the nightstand to prepare for bed.",
            "AdvanceTime", "1",
            "AdvanceTime", "1",
            "JumpToEventThenScene", "ElvenPet", "StartMenu"
            ]
        },
        {
            "NameOfScene": "Ayla wants to feel you squirm inside her while she does chores.",
            "theScene": [
                "ChangeImageLayer", "Expression", "1", "Smile",
                "Speak", "Ayla",
                "So little guy, how would you feel about helping to make my day go by a whole lot faster?",
            "Ayla bites her lip as she looks at you with a devious look as her eyes flick between staring at you intently and down to her pants. You catch on pretty fast what her idea is without her saying it and you stand up to give your response to her.",
            "However, in her excitement, Ayla mistakes your body language and approach for agreement and she quickly and excitedly snatches you up and brings you close to her panties. Using her free hand she moves them aside as she reveals her already wet pussy, glistening and looking like it is expecting you.",
            "Ayla uses as much restraint as she can manage as she brings your face against her pussy as she starts to massage you around her entrance, letting soft, gasping moans escape her body. Not content to merely being used in this moment, you try your best to apply your tongue to being driven around Ayla's pussy, hoping to enhance her pleasure in this moment.",
            "ChangeArousalByPercent", "15",
            "Whether it works or not, Ayla continues to moan as your face glides around the entrance to her pussy. Unable to hold back her lustings any further, Ayla slowly feeds more and more of your body into her wet, slick pussy. You can feel your body easily slide in as Ayla slowly presses on the bottoms of your feet until you can feel that you have been entirely brought into her pussy.",
            "ChangeImageLayer", "Expression", "1", "Lewd",
            "Ayla rubs the outside of her pelvis as she feels you fill up her insides, basking in the sensation of holding you inside her again as her her pussy throbs and pulses around you with a calming warmth.",
            "ChangeArousalByPercent", "15",
            "Ayla slowly stands to her full height and begins to try and walk around her house to continue her day, but finds that walking with you inside her to be such a powerfully pleasurable experience that she is reconsidering how she'll ever get anything done with you around.",
            "Meanwhile, as you feel the walls of Ayla's pussy massage and dance all over your naked body, you figure now is a good time to return the sensations to Ayla as you begin to squirm and writhe inside her pussy. Your movements elicit an immediate reaction as Ayla tenses up and doubles over from the pleasure of your movements inside of her.",
            "You bring your hands out from beside you and use them to expertly massage all over Ayla's pussy, enjoying as you hear her moans come out unabated, as she is not shy to show her enjoyment of your actions.",
            "ChangeArousalByPercent", "15",
            "As you continue to squirm, Ayla fights to make it over to a chair and once she makes it over there, she slumps down into it as she spreads her legs and begins to masturbate by rubbing the lips of her pussy while she lets you continue to squirm inside her.",
            "The act of Ayla sitting down has shunted you ever deeper into her pussy, and at this depth you can feel the contractions of her pussy and the beat of her blood quicken as the excitement caused by you continues to increase.",
            "In your actions, you have the idea to try your tongue again, and as you bring your diminutive tongue against Ayla's sensitive pussy, you feel her squirm as you make contact with her, with her senses raised to an extreme as she focuses on the pleasure you are bringing her.",
            "ChangeArousalByPercent", "15",
            "You dutifully and worshipfully lick at Ayla's luxurious, sweet tasting walls as the taste of her pussy fills your mouth. Her taste is wonderfully sweet and draws you to bury your face deeper into her muscles as you lick and rub your face deep into her.",
            "You feel Ayla's whole body go tense as you continue to lick and squirm inside her. Knowing that she might be close to cumming, you redouble your efforts and use your whole body to struggle and squirm inside her as her pants and moans quicken.",
            "ChangeImageLayer", "Expression", "1", "Ahegao",
            "Finally, Ayla can't take it any longer as she lets out a deep, pleasured moan as she finally cums. A wave of her juices comes flooding out into you, battering and forcing you down into her waiting fingers which keep you trapped inside her for a moment longer as Ayla basks in her afterglow.",
            "Several moments pass before Ayla grabs hold of your feet and draws you out of her pussy, she gives you a sheepish look as she sets you on the table and starts to dry you off with a towel.",
            "Speak", "Ayla",
                "I, uh, I guess I didn't actually get a whole lot done with you inside me... But I still really enjoyed it so that's something, right?",
            "You agree with Ayla as she nods with an embarrassed look on her face before she picks you up and drops you off back at the nightstand.",
            "AdvanceTime", "1",
            "JumpToEventThenScene", "ElvenPet", "StartMenu"
            ]
        },
        {
            "NameOfScene": "Ayla wants a cuddle partner.",
            "theScene": [
            "Ayla holds her hand out and lets you walk aboard as she brings you in close under her covers and lets you fall asleep with her to the sound of her gentle breathing.",
            "The two of you yawn in short succession as Ayla curls up and brings her legs close to her body, her eyes fall closed as the soft and serene sounds of the forest echo out around the two of you.",
            "You remain cupped in the hands of Ayla, safe in the knowledge that nothing can hurt you in this form and in such close proximity to her. You begin to focus on exactly how soft and rich her hands feel as you lie down against her palm. You find that you have no need for a blanket as Ayla's radiant body heat washes over you and begins to lull you to sleep.",
            "You let your eyes slowly close as you are pulled closer and closer to sleep, the gentle sounds of Ayla's peaceful breathing and short, present sounds of her heart beating provides an excellent rhythm for you to fall asleep to.",
            "With all this soothing and luxurious comforts afforded to you, you quickly fall asleep.",
            "The night passes peacefully and you wake up the next day feeling rested and refreshed in a unique way!",
            "SleepPlayer",
            "GivePerk", "Loving Rest",
            "JumpToEventThenScene", "ElvenPet", "StartMenu"
            ]
        },
                        {
            "NameOfScene": "Ayla has prepared a new bed for you.",
            "theScene": [
            "Ayla thinks you are such a great pet that she has prepared a special bed just for you as she opens an unused drawer in her nightstand and reveals that she prepared a little bed for you and some small knickknacks that she has turned into furniture for you. A bottlecap has become a table and old pieces of cloth have become your blanket now.",
            "SleepPlayer",
            "GivePerk", "Excellent Rest",
            "JumpToEventThenScene", "ElvenPet", "StartMenu"
            ]
        }
    ]
}
