{
    "name": "Ayla Bathroom",
    "CardType": "",
    "CardLimit": "0",
    "Description": "",
    "requires": [""],
    "Speakers": [
        {
            "name": "Elf",
            "postName": "",
            "SpeakerType": ""
        }
    ],
    "EventText": [
        {
            "NameOfScene": "BathroomMenuDay",
            "theScene": [
                "As you slide down the side of Ayla's bedside table, you wander her house before soon wandering directly into Ayla's bathroom, a pair of discarded white socks, a pair of pink panties with frills, and one of Ayla's tight-fitting shirts lay out around the messy bathroom. What do you choose to do in here?",
                "Menu",
                "Sneak into a piece of discarded clothing!",
                "Sneak into her shower while she's using it!",
                "EndLoop"
            ]
        },
        {
            "NameOfScene": "BathroomMenuNight",
            "theScene": [
                "Ayla has finished her shower for the day and is getting ready for bed, you've wandered in here to watch your giantess go about her routine when you notice her brushing her teeth while nude. Her post-shower clothes wait just outside the door, what do you do?",
                "Menu",
                "Ayla mouthplay!",
                "Slip into her pajamas",
                "EndLoop"
            ]
        },
        {
            "NameOfScene": "Sneak into a piece of discarded clothing!",
            "theScene": [
            "Taking a chance while Ayla finishes up her shower, you quickly make your way towards the pile of clothing that she left outside the shower curtains and slip into a garment. Where did you end up?",
            "Menu",
                "Sock",
                "Bra",
            "EndLoop"
            ]
        },
        {
            "NameOfScene": "Sock",
            "theScene": [
            "Noticing one of her white socks has been left on the floor in just such a way to allow the opening to be big enough for you to crawl in, you seize your chance and make your way into the slightly worn piece of fabric.",
            "The sock is remarkably clean, the scent of Ayla's body is not strong enough to overpower the scent of lavender and freshly cleaned clothes that washes over you. You are entranced by the lovely combination of scents as you make your way deeper into the sock.",
            "You have become so entranced that you don't even register the cessation of Ayla's shower as the water stops hitting the floor and the foggy glass door swings open. Ayla dries herself off and makes her way over to the collection of discarded clothes.",
            "As Ayla lifts her sock up into the air, and dangles her foot over the opening, you fall head over ass as you tumble all the way to the toe section of Ayla's sock. She stretches the mouth of the sock wide before sliding her foot through the fabric down until it covers her whole foot.",
            "ChangeArousalByPercent", "15",
            "You recover from the spill you took all the way down to the bottom of the sock, and as you look up at the looming darkness of Ayla's foot baring down on you, you are struck with the realization that there is nowhere to go as Ayla's toes press you into the fabric.",
            "Ayla pulls the sock snug against her foot, before realizing that there is a weird lump at the bottom of sock underneath her toes. She wiggles and taps her toes against the foreign object, before finally putting the pieces together that you crawled into her sock.",
            "As Ayla wiggles and taps her toes against your body, trapped in the space underneath her toes, you are battered and barraged by the constant pressure of her body being pressed against you, and the heat of her freshly washed body. Ayla's clean scent washes over you and helps to take the edge off the situation.",
            "ChangeArousalByPercent", "15",
            "Ayla giggles to herself mischievously as she puts on her other sock and stands up to finish getting dressed. Her full weight lands on top of you and you groan as your body is crushed under her putting her weight onto her toes as she stands onto her tip-toes, playfully bouncing on them as she thinks about you.",
            "ChangeArousalByPercent", "15",
            "The air is thoroughly knocked from your lungs before long and every breath you take is one of the scent of Ayla's feet. The sweet scent of her clean sock and her freshly bathed foot fills your head and you are overcome with a desire to worship the foot crushing your body.",
            "You struggle as Ayla walks around the bathroom while keeping you in her sock, trying to get your body in a position where you can do anything for Ayla's foot or even just to start kissing Ayla's foot. Ayla feels this happening and stifles a giggle as she makes her way over to her kitchen table and sits down.",
            "ChangeArousalByPercent", "15",
            "The stomping and crushing of your body stops as Ayla props her foot up onto a chair and you get a few seconds to reorient your body around Ayla's foot so that you are positioned directly under her big toe. You throw away any regard for your physical self as you begin to fervently kiss at your giantess owner's big toe.",
            "Ayla continues to stifle her laughter as she feels your tiny tongue lapping against her skin, feeling the tiny tickles that come her way as if you were a bug struggling against her skin. After a few moments pass you feel her pull the sock away from her foot and you tumble back into the white fabric as Ayla dangles the sock in front of her face.",
            "ChangeImageLayer", "Expression", "1", "Smug",
            "Speaks",
                "Well well, looks like my little troublemaker can't keep himself away from me. I'm flattered my little pet, but maybe I'll have time to play with you later.",
            "As Ayla dismisses you by putting her sock back on without you inside, she wanders over to the nightstand and drops you off, leaving you to your devices.",
            "AdvanceTime", "1",
            "JumpToEventThenScene", "ElvenPet", "StartMenu"
            ]
        },
        {
            "NameOfScene": "Bra",
            "theScene": [
            "You notice Ayla's clothes give you the perfect chance to crawl into the cups of Ayla's bra, and you scurry over and walk into one of the large craters, many times the size of your body as you rapidly shrink down below even one inch in height.",
            "The fabric and padding of the bra feels soft and spongy underneath your feet, and you think for a moment how nice it would be to lay down and get some rest inside of Ayla's bra for just a little bit.",
            "You have become so entranced that you don't even register the cessation of Ayla's shower as the water stops hitting the floor and the foggy glass door swings open. Ayla dries herself off and makes her way over to the collection of discarded clothes.",
            "Grabbing the loops of her bra, Ayla raises the piece of clothing straight up into the air without knowing that you are currently in there. The speed presses you flat against the bra, leaving you face up as you see the moon-sized breasts of Ayla speeding towards you.",
            "ChangeArousalByPercent", "15",
            "Ayla presses the cups of the bar against her breasts as she sends the straps of the bra up her shoulders and she quickly fastens it into place. After adjusting and fiddling with the bands of the bra she is satisfied and continues getting dressed.",
            "As Ayla puts on the rest of her outfit, you are hopelessly smushed under such an enormity of flesh you struggle to wonder if Ayla could even feel you or not, likening yourself more to a crumb at this point than anything else. A mix of panic and exhilaration overtakes your body as the thought of Ayla not knowing that you are so close to her without her knowing fills your body.",
            "ChangeArousalByPercent", "15",
            "Ayla changes into the rest of her outfit and moves into the rest of the house as she continues on her day. With each step she takes, her breasts move ever so slightly within her bra, but to you and your tiny form it feels like being struck by mountains that raise up and slam down onto your body again and again.",
            "The pressure put upon you by Ayla's body is intense, and combined with her fresh and clean scent you feel your body's resistances slowly fade away as a lust begins to creep and spread throughout your body. You muster what strength you have to cling firmly to Ayla's bouncing breasts and you nuzzle your entire body against the massive tits.",
            "The heat Ayla is giving off in this moment floods into your body, driving your mind further from reason as you lovingly kiss and nuzzle into the tit that has momentarily become your world. Meanwhile, outside of Ayla's bra, the giantess notices that you are not on the nightstand where she left you, and she has begun scouring her house for your location.",
            "ChangeArousalByPercent", "15",
            "Despite looking everywhere in her home, Ayla can't find you no matter how hard she looks. At that moment she feels an itch on her breast and absentmindedly goes to scratch it. As her fingernail scratches against the outside of her bra you are squished from behind deeper into the flesh of Ayla's underboob, a lost and insignificant creature who can only worship his giantess owner.",
            "Ayla scratching herself did reveal something, however, and that is that she did feel something in her bra similar to a crumb and she curses herself for eating in bed again as she fishes into her shirt looking for where she was scratching her breast just now.",
            "As Ayla does this, the world around you shifts and shakes as light breaks through the darkness you've been trapped in, and Ayla's massive fingers come through the sky looking for whatever has been trapped in her bra for the past few minutes.",
            "Snapping out of your doldrum, you peel yourself off of Ayla's breast and leap onto Ayla's finger, which retreats as she feels you land inbetween her searching fingers. As her fingers pull out of her shirt and she takes a closer look at you, she gasps and exclaims",
            "ChangeImageLayer", "Expression", "1", "Flustered",
            "Speaks",
                "What the- [ThePlayerName]! How did you get so small?! You need to be more careful at sizes like that! What would happen if I didn't find you? You would've been lost as a speck on my body for who knows how long?",
            "She sets you down on the nightstand and watches intently as your body slowly changes back to your standard size of only a couple inches in height. Ayla breathes a sigh of relief and scolds you again quickly before going back about her day.",
            "AdvanceTime", "1",
            "JumpToEventThenScene", "ElvenPet", "StartMenu"
            ]
        },
        {
            "NameOfScene": "Sneak into her shower while she's using it!",
            "theScene": [
            "Never one to miss a chance to see a beautiful woman naked, you clamber as best you can under Ayla's shower curtains and immediately find yourself barraged with the water rolling off her body. The droplets of water falling off her body strike you square in the face and sends you to the ground from the impact.",
            "Ayla notices this movement and sees you sprawled out on the floor of her shower as she lets out a giggle at your struggles. She bends down and picks up your tiny body before bringing it to the bar of soap she has in her hands and she presses you back-first into the soap.",
            "ChangeImageLayer", "Expression", "1", "Smile",
            "Speak", "Ayla",
                "How nice of you to volunteer to be my soap [ThePlayerName]! I already have some but that doesn't mean I don't enjoy feeling you rubbing against my body.",
            "Ayla then brings the bar of soap with you firmly attached to it over to her breasts. Her massive tits bend around the bar of soap as you are rubbed all over them, getting everywhere soapy as Ayla brings you to her nipples and begins to rub you against them in small, circular motions.",
            "ChangeArousalByPercent", "15",
            "Ayla's nipples slowly stiffen the longer you are pressed against them, and you can't help but get hard at the feeling of her nipples pressing back into your body as you are whisked and taken to Ayla's underboob, where she swiftly uses you to handle the sweat and buildup underneath her massive tits.",
            "ChangeArousalByPercent", "15",
            "Continuing downwards, Ayla brings you to her stomach. Her toned, flat stomach is easy enough to wash as Ayla does a couple of quick up and down motions using you to lather her up.",
            "As she lifts you away from her stomach you are suddenly brought closer in as she presses your face into her belly-button, swished around the shallow cavity for a few moments before she pulls you back out again and rinses off that portion of her body",
            "ChangeArousalByPercent", "15",
            "Next, Ayla lifts you back up through the air as she brings you towards her armpits, the sweat and heat of her day combines with the steam of the shower as you are subjected to cleaning her smooth, delicate pits.",
            "As Ayla rubs you deeply into this part of her body, you feel the sweat and grime wash off on your body before she pulls you away and washes off the bar of soap with a quick rinse of water, before returning you to your duties.",
            "ChangeArousalByPercent", "15",
            "Ayla brings you down close to her pussy and delicately washes her sensitive parts, you never directly come in contact with her pussy, but you feel what is coming next.",
            "Ayla brings the bar of soap in between her asscheeks and washes it carefully, making sure to get her asshole with the soap. You know Ayla takes good care in maintaining her body, so her ass isn't quite as bad as you expected as she moves you further down.",
            "Ayla brings you to her finely toned legs as you are rubbed all along the length of her thighs and calves. She doesn't miss a single area of her body as you feel yourself breaking free from the ever-shrinking bar of soap.",
            "Finally, Ayla reaches her feet as she uses her free hand to brace herself against her shower walls as rubs you against her feet, making sure to work the soap between her toes and get every nook and cranny.",
            "Chunks of the bar of soap are coming off now, and you can feel the soap bubbles forming between you and the bar now as Ayla engages in a particularly vigorous scrubbing of her heel.",
            "At last, as Ayla pulls the bar of soap away from her foot you feel your body unseparate from the soap as you land back down on the floor of Ayla's shower.",
            "You land in the wrong spot, however, as Ayla's foot comes crashing down on you as Ayla finishes washing herself off. You are forced to endure the rest of the shower under Ayla's foot, which ends quickly as Ayla just has to rinse off the suds on her body.",
            "Ayla steps out of the shower with your face between her toes. She finally notices you as she is toweling herself off. She apologizes for getting carried away and towels you off as well.",
            "With the two of you dried off and taken back to the main part of Ayla's house, she drops you off on her nightstand again and goes about her day.",
            "AdvanceTime", "1",
            "JumpToEventThenScene", "ElvenPet", "StartMenu"
            ]
        },
        {
            "NameOfScene": "Ayla mouthplay!",
            "theScene": [
            "You clamber on top of the sink where Ayla is doing her nightly routine, and as she finishes with her toothbrush she sees you on the sink. She flashes her teeth at you and says that you'll make a good mouthwash for after her brushing her teeth.",
            "She grabs you before you have the chance to react to her statement, and you are quickly lifted straight into the air towards Ayla's gaping maw. She pops your tiny body into her mouth like a mint and closes her lips together, sealing you inside her mouth.",
            "ChangeImageLayer", "Expression", "1", "Lewd",
            "ChangeArousalByPercent", "15",
            "Immediately, you land on Ayla's tongue and as the scent of spearmint fills your nose you feel Ayla's saliva cover your body. You try to get your bearings inside of her mouth but without any light and on Ayla's slippery, moving tongue you can't make any headway.",
            "You put your hands underneath you and try to get into a comfortable position, but Ayla's tongue quickly flicks you about in her mouth, throwing you against one of Ayla's cheeks as her tongue presses into you, rubbing all over your body as you are wedged between the giant appendage and her cheek.",
            "ChangeArousalByPercent", "20",
            "Ayla's tongue continues to lick up and down the length of your body, stopping at your head to bury you in saliva as her tongue nuzzles into your face. When it moves on again you cough and sputter as Ayla's saliva is forced down your throat by the giant tongue.",
            "ChangeArousalByPercent", "15",
            "As her tongue continues to lavishly work all over your body, your member cannot stop itself from hardening as all this stimulation drives you crazy. Ayla's tongue runs over your stiffened cock several times without noticing, but you can't help but moan as her massive tongue covers and engulfs your cock in its flesh.",
            "After taking a beating from her cock like this, Ayla sucks you in from being pressed against her cheek and into the center of her mouth, before using her tongue to force your head to pop through her pursed lips. Ayla giggles as she holds your body in place using her lips as her tongue rests against your legs.",
            "ChangeArousalByPercent", "25",
            "Her massive tongue keeps licking away at you, coating in your her thick, heavy saliva as you desperately gulp in fresh air. Your gulping for air turns to a shocked cry as Ayla's tongue presses against your back door.",
            "ChangeArousalByPercent", "20",
            "The massive appendage licks at your ass a couple of times, and you feel Ayla's saliva push into your asshole as you can do nothing against her mighty tongue. The sensation leaves you feeling strange but more horny than ever as Ayla's tongue rests against your balls.",
            "ChangeArousalByPercent", "25",
            "With a sudden change in how her tongue has been moving, Ayla brings her tongue to your cock and slowly and sensually begins to lick at it while it is sandwiched between her tongue and her lip. The massive tongue covers your tiny cock completely, and its movements feel you are deep in some warm, wet pussy as it completely fucks you.",
            "You try to thrust your hips, but with Ayla's lips holding onto you still, you find that prospect challenging. Ayla's tongue moves faster and faster all the while, and your tiny grunts of pleasure turns into frenzied moans as she licks faster and faster, and you can feel the pressure reach a breaking point.",
            "PlayerOrgasm", "2",
            "Finally, you let out a long moan of pleasure as your cock twitches and you fire a rope of cum into Ayla's mouth, which is immediately washed away by mouthful of saliva.",
            "You go limp on her lips as she continues to suckle on you, drinking more and more cum out of your still twitching and cumming dick. Eventually she sucks too hard and pulls you back into her mouth.",
            "Ayla spits you back out and apologizes for pulling you in again. You pant and breathe heavily as you send a thumbs up towards Ayla who is overjoyed by your being okay as she brings you over to your bed and gently tucks you in. You quickly fall asleep from the action and wake up the next morning, feeling refreshed.",
            "SleepPlayer",
            "JumpToEventThenScene", "ElvenPet", "StartMenu"
            ]
        },
                        {
            "NameOfScene": "Slip into her pajamas",
            "theScene": [
            "Taking advantage of Ayla doing her nightly routine naked still, you sneak outside the bathroom and crawl into the neatly folded pile of clothes that Ayla will wear to bed. After a bit of squirming you hear the shower shut off and Ayla lifts up the bra you have found yourself in.",
            "Ayla doesn't pay you much mind as her bra soars through the air at high speeds before you feel the fabric around you press against Ayla's titties. Her soft, warm flesh smushes against your body as it bends around you to caress you.",
            "Ayla locks in the straps of her bra as everything tightens around you, forcing your body deeper against her breast. Ayla's scent as she is fresh out of a shower fills your thoughts as your mind races with lusting and aching for Ayla.",
            "You can feel your cock grow and prod into Ayla's pillowy tits, who seems oblivious to the sensations of your body being pressed up against hers as she finishes her nightly routine within her bathroom.",
            "The tight confines of Ayla's bra has sealed you in very effectively, as you try to struggle and wiggle around to get Ayla's attention. The incredible force of her tits weighing down on your body prevents you from moving as you start to feel Ayla's tits jiggle as she starts to walk back to her bed.",
            "It feels like an incredibly long time to you as each step Ayla takes causes her tits to shake and rock your world with reverberating jiggles. The bouncy, pillowy breasts keep bouncing against your body again and again before finally Ayla comes to a complete stop",
            "The sensation of her walking is replaced by something far worse as you feel Ayla falling through the air as she mutters about what a long day she has been having. She is beginning to fall through the air tits first onto her bed.",
            "You brace yourself as Ayla makes contact with the bed, and the weight of her body pressing down against you nearly smears you flat against her gargantuan tits. Ayla lays face down for a few moments as the weariness in her body seeps out as her body relaxes in her cozy bed.",
            "Finally, Ayla rolls over and begins to peel the blankets back in order to pull them over herself so she can get some sleep. Meanwhile, the heat and pressure has vacuum suctioned your body tightly against Ayla's breasts, and even the act of trying to pry yourself has become even harder in this state.",
            "Ayla gets her thick, heavy blanket over herself as she whispers a good night to the pet in the dresser that she is unaware is currently smeared into her breast like a tattoo. Even on her back where her tits are not as tightly confined by her bra you cannot pry yourself free, and you resign yourself to having to sleep plastered to Ayla's giant boob.",
            "As you lay face down in Ayla's breast, you can't help but notice the sensation of heat that washes over you as Ayla's body takes in and radiates such intense warmth. At first it feels great, lulling you deeper into your sleepiness, but soon you find yourself unbearably washed over by her blazingly hot tits.",
            "To make matters worse, every time that Ayla rolls onto her side, you are forced to watch as sweat droplets form high on the sides of her body and under her arms, and you watch in stuck terror as the sweat droplets roll their way down around you.",
            "Occasionally, a sweat droplet collides with your body and you are forced to endure trying to sleep while coated in the thick, slimy feel of Ayla's sweat while stuck to her boob.",
            "SleepPlayer",
            "GivePerk", "Titty Sleep",
            "The next day you wake up to Ayla's movements as she sits up in bed and lazily scratches at her breast. Feeling a bizarre bump under her clothes, Ayla pulls it back and sees your naked body firmly worked into her flesh. Her yawn is interrupted by a giggle as her fingernail fishes down into her bra and she pries you free and sets you on her nightstand.",
            "Speak", "Ayla",
                "Oops, be careful down there [ThePlayerName], wouldn't want you getting lost in my boobs. You're so tiny that if you got lost elsewhere who knows how long it would take me to find you!",
            "JumpToEventThenScene", "ElvenPet", "StartMenu"
            ]
        }
    ]
}
