{
    "name": "Ayla Bed",
    "CardType": "",
    "CardLimit": "0",
    "Description": "",
    "requires": [""],

    "Speakers": [
        {
            "name": "Elf",
            "postName": "",
            "SpeakerType": ""
        }
    ],
    "EventText": [
        {
            "NameOfScene": "BedMenuDay",
            "theScene": [
                "You peer around at the bedside table that stretches before and gaze at Ayla's freshly made bed. It is covered in a dark green blanket that has been tightly tucked in, but you are sure you could easily squeeze your way underneath the covers into the unoccupied bed. You make a quick leap and land on Ayla's bed, what do you do?",
                "Menu",
                "Sneak under her covers",
                "Start jumping on her bed",
                "EndLoop"
            ]
        },
        {
            "NameOfScene": "BedMenuNight",
            "theScene": [
                "You watch as Ayla changes into her pajamas - a pair of loose-fitting white shorts that barely cover her shapely ass, and a forest green bra that bulges and struggles against her bust - and soon she clambers into bed after wishing a peaceful night of sleep. Once she blows out the last light in the room you quickly clamber over and jump onto her bed, what do you do?",
                "Menu",
                "Sneak under her covers and explore her body.",
                "Get closer to her face",
                "Get a good night's rest",
                "EndLoop"
            ]
        },
        {
            "NameOfScene": "Sneak under her covers",
            "theScene": [
            "You sneak under her covers and soon realize that there's not much to do under here without Ayla actually in the bed with you. You mill around aimlessly as the lingering warmth of the bed causes you to yawn, but you stifle it and begin to make your way back towards the entrance.",
            "As you are walking back to the entrance to her sheets, you hear Ayla talking to herself as she makes her way around her house. Little by little she gets a bit louder until you finally realize how close to the bed she must be. You don't worry as there's little reason for her to sit on the bed.",
            "But how wrong you are, as out of nowhere the tightly tucked cover blanket of her bed collapses in on top of you as Ayla's titanic ass crashes down on top of you, sealing you beneath one of her massive cheeks.",
            "You try to struggle with all your might as Ayla traps you facedown onto her bed, but your body is pinned perfectly beneath her and your hands can't find purchase against her sheets in a way that would allow you to drag yourself out from underneath her.",
            "ChangeArousalByPercent", "15",
            "As Ayla continues to sit on you, you can feel the heat that was originally trapped in here begin to rise, as Ayla's body temperature leaks through the blanket and the sheets, and transfers directly into you as the air becomes hot and slightly too humid.",
            "Before the heat becomes too unbearable, Ayla lifts her weight away from you, allowing you a chance to recover. You try to stand and make a mad dash for the entrance, but Ayla's butt descends upon you again with no warning.",
            "ChangeArousalByPercent", "15",
            "You hear Ayla giggling to herself maniacally as she lifts her ass and drops it on her bed again and again as she bounces on her bed. Meanwhile, under the covers it's all you can do to keep your wits about you as you are mashed and bounced over and over again by Ayla's ass crashing down upon you.",
            "Finally, Ayla stops with her bouncing and rests her ass for a moment on the spot where you are, and slowly grinds her rear into the bed. You feel her weight shift and swivel on top of you, forcing you deeper and deeper into her sheets. You wonder why she's doing this before she calls down to you.",
            "ChangeImageLayer", "Expression", "1", "Extra Smug",
            "Speak", "Ayla",
                "Teehee, how does it feel [ThePlayerName]? Did you think I'd let you have a boring time under my covers?",
            "ChangeArousalByPercent", "15",
                "Ayla teases you as her butt continues to wiggle and grind on top of you, and you wonder how she even noticed you slipping into her covers in the first place. But your mind is more pre-occupied with the titanic ass battering and grinding you against the massive sheets.",
            "Ayla lets herself rest on the bed for a bit longer before she finally stands up and peels back the top blanket of her bed, and sees you face down into the sheets.",
            "Speak", "Ayla",
                "Awww, poor thing. I guess my ass was just too much for you. Why don't I put you somewhere more comfortable while I remake the bed.",
            "With a gentle touch, Ayla reaches down and plucks you between two fingers and gently raises you back up and brings you toward her chest. She turns you around so you are facing the world as she slowly and carefully positions you in her cleavage. Her tight shirt presses her tits together and gives you a chance to rest comfortably in her gargantuan tits.",
            "Having secured you tightly. Ayla sets about restoring her bed to its properly made condition and fixes the sheets and blankets atop it. She takes extra precautions to not mess with your relaxation too much, and for a short few minutes you bask in the pillowy softness of her breasts.",
            "The relaxation is short-lived as Ayla finishes up with her bed and reaches back into her shirt and fishes you from your perch between her boobs. She blows a kiss at you as she sets you back on the nightstand and wanders off to do something else.",
            "AdvanceTime", "1",
            "JumpToEventThenScene", "ElvenPet", "StartMenu"
            ]
        },
        {
            "NameOfScene": "Start jumping on her bed",
            "theScene": [
            "You start jumping on her bed and playing around with the springy softness of her bed. You spring up and down over and over again as you enjoy yourself and you fail to notice the massive looming shadow until you hear a familiar giggle.",
            "ChangeImageLayer", "Expression", "1", "Smug",
            "Speak", "Ayla",
                "Awwww, having fun on the bed without me? Well that simply won't do, now will it?",
                "ChangeArousalByPercent", "10",
                "Your jumping stops as you see Ayla turn around and the massive, pale moon of her ass begins to rocket down towards you, only covered by a thong that has slid up her asscheeks. You stand there paralyzed, knowing that you can't outrun her rear before it slams into the bed with great force, immediately forcing you onto your back as Ayla's gigantic butt cheek presses you into the soft mattress.",
            "Speak", "Ayla",
                "Awww, you didn't even try to run. Guess you must have wanted to be with my butt that badly, huh? Now let's just get you into the right spot.",
            "Ayla then begins to grind her ass in a wide arc side-to-side, rolling your tiny body underneath her as you can hear her sweet giggles as you are helpless to resist her giant whims.",
            "ChangeArousalByPercent", "15",
            "You feel discombobulated underneath the massive rear-end of Ayla, and it's all you can do to keep hold of your wits as you are rolled like a toy constantly.",
            "Ayla further complicates the matter by adding little jumps into her playful grinding, giving you brief moments of air and calm before they are replaced by the same crushing weight and overbearing sense of being ground into the soft sheets of her bed.",
            "Accidentally, Ayla grinds her ass too hard and you pop out from underneath her rear end and you land on your back. Still disoriented from the beating you just took from a giant butt, you lay there on your back as Ayla seems to take a few seconds to realize you are no longer underneath her.",
            "ChangeImageLayer", "Expression", "1", "Lewd",
            "Speak", "Ayla",
                "Huh? That's weird, where did he- Oh there you are! Trying to catch your breath, huh? I know exactly where you can go for that.",
                "ChangeArousalByPercent", "20",
                "Ayla reaches down and grabs your prone body off the bed as she rolls over and raises her ass into the air, shaking it as she begins to move the hand holding you towards it.",
            "With glee, Ayla uses one finger to move her thong out from her asscrack and hold it away and uses the rest of her hand to firmly roll your face into and against her massive ass cheeks. The heat and sweat that has built up throughout the day and her little grinding session causes a thick wave of heat and humidity to wash over you.",
            "Ayla continues to rub your face against her ass cheeks, the grimy sweat and smell of her body quickly latches onto your body as you feel it coat your face and you struggle against the smell of her body as you take a desperate gasp of air whenever you aren't pressed directly against her flesh.",
            "Suddenly, Ayla's grip on you releases and your body falls directly into the massive ravine of Ayla's ass, and as your body makes contact with the bottom of her crack, you see that Ayla is letting the thong snap back into place as it whips back and hits you across your back with great speed.",
            "ChangeArousalByPercent", "15",
            "Ayla takes her hands and grabs ahold of her ass cheeks, and applies pressure to the side of them as she begins to grind them back and forth as she enjoys the feeling of your tiny body being pressed and smushed by her powerful rear.",
            "The grinding, crushing sensation of Ayla's ass as it rubs back and forth along your body only worsens the muggy heat of being within Ayla's asscrack. It shouldn't be possible for a giantess in such skimpy clothing to be this warm and sweaty, but Ayla seems to be furnace given how blazingly hot you feel nestled in her ass like this.",
            "Compounding on this situation is the smell of her ass. The sweat that permeates along her ass crack and the earthiness of where you are has built up in your nose and you can't help but to take a breath in every now and again as you are ground inside this massive ass, taking in the strong, earthy scent of Ayla's ass in your mind.",
            "ChangeArousalByPercent", "30",
            "And just when you thought you could get used to this whole situation, you feel a rumbling permeating deep within Ayla, and you can only brace yourself as you are blasted full force by an echoing, rippling fart that forces hot, stinky gas directly down your throat as it leaves you in a massive coughing fit.",
            "Ayla feels the fart ripple out from her and an embarrassed look covers her face as she quickly reaches back and fishes you out from her crack.",
            "ChangeImageLayer", "Expression", "1", "Flustered",
            "Speak", "Ayla",
                "I-I-I'm so sorry [ThePlayerName]! That totally wasn't supposed to come out, it just snuck up on me and you were feeling so good down there and I just didn't want to move you and then it came out and, and, and-",
            "You reach a hand out in front of you and yell up to Ayla that it is all okay, but that you're a bit dizzy off the fumes of her fart. She nods and moves you back to the table.",
            "As you rest on Ayla's nightstand again, you take several deep breaths of the fresh air coming in from the window, and you resolve to not forget how fresh air smells, just in case.",
            "AdvanceTime", "1",
            "JumpToEventThenScene", "ElvenPet", "StartMenu"
            ]
        },
        {
            "NameOfScene": "Sneak under her covers and explore her body.",
            "theScene": [
                "Unable to sleep, you see that Ayla's twisting and turning during the night has loosened her sheets enough that you could slip underneath and have some alone time with her body, if you feel brave enough, that is.",
            "With more courage and recklessness than sense, you leap over onto Ayla's bed and make your way under the covers, where do you go?",
            "Menu",
                "Tits",
                "Feet",
                "Pussy",
                "Ass",
                "Armpits",
            "EndLoop"
            ]
        },
        {
            "NameOfScene": "Tits",
            "theScene": [
                "Ayla is laying on her back, and you scurry and climb up her stomach in your tiny size and come to the massive mounds that are her breasts. They dwarf your body but you don't care as you become mesmerized by the sight of them rising and falling in time with her breathing.",
                "You slowly make your way forward to not wake up the sleeping giantess and you make your way to the base of one of her giant tits. You stretch your arms wide and press your body against the massive breast and you slowly sink deeper into the squishy flesh as you revel in the sensation of pressing your body into her breasts.",
                "ChangeArousalByPercent", "15",
                "As you bask in Ayla's clean, sweet scent and the feel of her soft skin against yours, you feel your cock hardening and pressing against her tit. The sensation of it rising and pressing in against her breast feels incredible as you slowly begin to rub yourself up and down on her breast.",
                "While you please yourself with Ayla's breast, you bury your face into the soft, malleable flesh and begin to lick and kiss the massive breast that you see before you. The sensation of Ayla being completely unaware of your devotion to her tit only fuels your lust as you rub your dick against her more and more.",
                "ChangeArousalByPercent", "15",
                "In between kisses you take deep breaths of Ayla's sweet scent and soon your brain is only filled with the thought of Ayla and her beautiful body, with your dick completely stiff as you continue to grind against Ayla's breast.",
                "The heat under Ayla's sheets starts to get to both you and Ayla, and you don't even realize that in the heat you have lost yourself to your lust and that you are clinging to her underboob while thrusting your hips back and forth.",
                "A bead of sweat forms just above you and rolls down the length of Ayla's boob before landing on your face. The sweat fills your mouth as you were in the middle of slavishly kissing Ayla's skin but as you sputter and cough at the invasion of the liquid you simply resume your devoted lovemaking with Ayla's body.",
                "ChangeArousalByPercent", "15",
                "You keep thrusting over and over again, insignificant and too small to meaningfully wake up Ayla at your current size as you are an ant clinging onto her breast. The sensation of being so small and worthless that you fucking her breasts can't wake her up humiliates you, but also turns you on.",
                "In your shame and lust, you cum onto Ayla's underboob, a pitiful spray of white that is absorbed into her skin with ease as you fall off of her breast and you pant in the hot confines of her blanket, and you try to rest.",
                "During the night, Ayla rolls over in her sleep and pins you under her torso, where you remain until the morning where she finally finds you, and deposits you back on the table after warning you not to get in bed with her.",
                "Ayla gets out of bed and stretches, giving you a clear view of the incredible tits that you spent the night making love to, you feel your cheeks turn rosy for a moment as you think about what you did, but Ayla is none the wiser as she goes about her day.",
                "No rest, back to table",
                "AdvanceTime", "1",
                "AdvanceTime", "1",
                "JumpToEventThenScene", "ElvenPet", "StartMenu"
            ]
        },
        {
            "NameOfScene": "Feet",
            "theScene": [
                "After slipping under her covers, you make your way through the long trek to stand before the towering cliffs of Ayla's feet. At your current size you don't even come up to the arches in her feet, but that doesn't stop you as you approach them.",
                "You leap onto her sole, crawling up the middle of her feet before you bury your face into her sole and you take a deep breath, inhaling deeply the scent of Ayla's beautiful feet. She has bathed recently and the smell of lavender that mixes with her natural scent wraps into your mind.",
                "ChangeArousalByPercent", "15",
                "Her soles are so clean and refreshed, you can't believe how soft they are after she spends so much of her day on her feet moving around the house and the forest. You have a deep appreciation for the lengths that she goes to in order to keep herself clean and beautiful.",
                "While clinging onto Ayla's sole, you nuzzle your face against her foot and lovingly kiss at it as much as you can, and after a few moments of kissing at her feet you eventually let yourself drop off her arch and fall back onto the bed.",
                "You dust yourself off and rise back to your feet and bring yourself back to the heel of her foot. You reach your hands out and bring them against the tough, smooth skin and you begin to work your hands against her feet and massage the titanic soles of Ayla.",
                "ChangeArousalByPercent", "15",
                "While you labored away under the sheets, pressing your hands roughly into her heel to try and massage them, Ayla continued to sleep peacefully, fully unaware of your futile efforts driven by a passionate love for her feet.",
                "Minutes passed by before your hands felt sore already, and you realized that you had hardly even begun to massage Ayla's feet. You wallow in despair for a moment before approaching Ayla's feet again and bringing yourself in to kiss at them again.",
                "ChangeArousalByPercent", "15",
                "With each pass of your tongue over the smooth, supple skin of Ayla's feet, you feel your cock stiffen from the interaction, and you begin to stroke yourself as you rest your forehead against Ayla's heel, breathing in her sweet, fragrant scent.",
                "ChangeArousalByPercent", "15",
                "The air under Ayla's sheet is relatively stale, but all the same it remains Ayla's scent and as you continue to breathe it in you keep feeling the same undying lust to actually touch and caress her feet as equals, to massage and love them in a way she could appreciate. Instead, you are insignificant, a bug that can only jerk itself off while sniffing her sole.",
                "ChangeArousalByPercent", "15",
                "The humiliation and lust mix in your brain as your breathing grows faster while you jerk yourself off, and finally you cum, shooting a load that won't even stain the bedsheets that you spurted onto. With a clear head and a lighter load, you crawl out from underneath the sheets and make your way back to your bed.",
                "Ayla wakes up a while later and sits up in bed, stretching as she does so and eventually she swings her legs out from underneath the cover. You arise out of your bed too and stare at her feet as she drums her toes against the floors of her home before she goes about her day.",
                "SleepPlayer",
                "JumpToEventThenScene", "ElvenPet", "StartMenu"
            ]
        },
        {
            "NameOfScene": "Pussy",
            "theScene": [
                "While making your way under the covers with Ayla, you watch the as the sleeping titaness rolls over in her sleep, settling onto her stomach as her soft breathing is the only sound that fills the room. You make your way across her body and scale your way down her thighs and bring yourself the giant entrance of her pussy.",
                "You reach out and rest a hand against the giant wall of flesh. It's soft and ever so slightly slick. It's not wet yet but you recall all the times Ayla has put you up there in the past and how drenched you have been afterwards.",
                "ChangeArousalByPercent", "15",
                "You shake your head to wipe those memories out of your head as you bring your other hand up and you slowly begin to massage the large pussy in front of you.",
                "ChangeArousalByPercent", "15",
                "Your hands move diligently around Ayla's pussy, only ever really touching the opening to it as you know going any deeper may result in you spending the night in a cramped and wet space.",
                "After several minutes of rubbing, you notice one spot that you can touch that garners more of a reaction than the rest, and you smirk to yourself as you begin to slowly apply more and more force behind your rubbing to that area, causing Ayla's legs to twitch in her sleep.",
                "ChangeArousalByPercent", "15",
                "With her g-spot located, you bring your body closer to Ayla's pussy and you bring your face right up against it, the heat of your breath mixing with the heat radiating off her sex as you breathe in deeply.",
                "You press your face against Ayla's clit and begin to kiss at it passionately. You pull back after the first kiss when you hear Ayla's breathing stop for a moment, but as you pull back Ayla's breathing continues as normal.",
                "Knowing now that Ayla will not wake up from this moment, you bring your face back against Ayla's pussy and continue to kiss at the sensitive zone, working in your tongue to assist in your nighttime shenanigans.",
                "ChangeArousalByPercent", "15",
                "Minutes of worshipping Ayla's pussy in secrecy pass by, and just as you are about to pull your head back and take a deep breath, you hear and feel Ayla's legs twitching, and they slam together behind you and very nearly trap you against Ayla's pussy.",
                "Thankfully you managed to press yourself close to Ayla's pussy and kneel down when you were kissing her, so you eventually manage to crawl your way out from underneath her and make it back to your nightstand of safety for some rest.",
                "Eventually, Ayla wakes up and rolls over, you can hear her muttering to herself about a wet dream and you chuckle to yourself as you know the truth of what really made her wet during the night.",
                "Ayla gets up and starts her day as you also get out of bed and ponder what to do.",
                "SleepPlayer",
                "JumpToEventThenScene", "ElvenPet", "StartMenu"
            ]
        },
        {
            "NameOfScene": "Ass",
            "theScene": [
                "Ayla is sleeping on her back, with one leg crooked upwards giving you a chance to slip underneath and stand before her beautifully toned ass. Standing before her ass gives the impression of standing before a ravine with two beautiful cliffs, but instead of the cave being down near you it is up above.",
                "You place a hand on one of Ayla's cheeks and grip it tightly, taking the handful and realizing that it can support your weight. You crawl between Ayla's asscheeks and slowly begin your ascent.",
                "ChangeArousalByPercent", "15",
                "The heat of Ayla's ass trapped underneath her sheets is incredible. Ayla's body heat would be enough to make you exhausted if you were normal size, but at this size your lust and need for her body overcomes your muted physical limits.",
                "ChangeArousalByPercent", "15",
                "Finally, you have scaled the walls of Ayla's ass and for a moment you rest yourself by easily slipping an arm into her asshole and letting yourself hang off of it. You pause and run your free hand along the smooth, fine skin of her ass and admire it before you feel a rumble.",
                "Ayla has begun to shift in her sleep and as she brings her legs closer in together the previously separated cheeks of her ass smash together, pinning you between them as you are frozen in place right in front of her asshole.",
                "This is where you were trying to get to in the first place, so you make the most of it and fight against Ayla's body as it holds you in place and bring your head to Ayla's asshole.",
                "ChangeArousalByPercent", "15",
                "You press your head against the opening and begin to kiss the brown circle of Ayla's asshole, taking in the earthy, but clean smell of her body as you know that Ayla is freshly washed and takes incredible care of her body. Truly, there is no greater body on this island to worship but her",
                "You place more and more kisses onto Ayla's asshole, working your tongue into it as well as you mind races with the taste of Ayla's ass. Every last part of you is surrounded and crushed by Ayla's ass and you still manage to worship it with all your being.",
                "ChangeArousalByPercent", "15",
                "Your mind can only think of Ayla, all you can feel is Ayla's ass, and all you can see, smell, and taste is Ayla as your infatuation with her and her heavenly ass deepens more and more.",
                "Knocking you out of your doldrums is Ayla shifting her legs again, shifting her ass cheeks and letting them split apart as you tumble and fall down to the bed again. You rise to your feet and dust yourself off and scurry back to your bed to get some rest in.",
                "Ayla wakes up a while later and before turning over to sit up, you watch a hand shift under the sheets as she scratches at her butt and all you can do is recall last night and think about Ayla's ass.",
                "Ayla finally gets up out of bed and you watch her walk around for a bit, staring at her ass as she moves around, and you finally get up out of your bed on the nightstand and go about your day.",
                "SleepPlayer",
                "JumpToEventThenScene", "ElvenPet", "StartMenu"
            ]
        },
        {
            "NameOfScene": "Armpits",
            "theScene": [
                "Ayla is currently sleeping with her arms outstretched, raised way above her head and a snore that echoes in your ears as you get closer to her bed. You leap off the nightstand and begin to make your way to the underside of her arms and make your way to her armpits.",
                "As you arrive, the first thing that hits you is the intense heat that radiates from her body. The forest is usually a very temperate place on Lucidia, but for some reason Ayla's house and Ayla herself has a tendency to run far warmer than the surrounding area.",
                "ChangeArousalByPercent", "15",
                "You shrug off the heat to the best of your ability and continue your way closer to Ayla's body, and eventually find yourself within touching distance of Ayla's armpits.",
                "You can scarcely make out her body in the dim moonlight that breaks through one of the windows in the house, but you know that Ayla keeps herself clean-shaven at all times, especially for her pits.",
                "ChangeArousalByPercent", "15",
                "You bring yourself closer to them and take in a whiff of her sweat, and a mixture of her body's natural pheromones and her soap radiate off into your nostrils. The scent is intoxicating as you take deeper and deeper breaths.",
                "You press yourself into the sweaty wall of flesh and begin place sloppy, tongue-filled kisses against the folds of flesh. Ayla's salty, warm sweat fills your mouth as you happily gulp it down, knowing that Ayla is such a deep sleeper she will never know of your shameful devotion to this part of her body.",
                "ChangeArousalByPercent", "15",
                "Your shame of licking at Ayla's armpit only fuels your lust more and more, and soon you feel your erection poking into the soft flesh of Ayla's armpits. You slowly begin to thrust your hips as your cock slides into the folds of her skin easily and you glide up and down her armpit with your cock.",
                "ChangeArousalByPercent", "15",
                "You thrust more and more, grunting and moaning inbetween kisses as your body is soon slick with Ayla's sweat as you press yourself against her armpit and cling to it with reckless lust.",
                "Your cock swims in pleasure as you touch a part of Ayla's body with it that surely no other person ever has, and the thought of being the only person who can worship and fuck Ayla like this is enough to bring you over the edge, and you fire a load of cum directly into the folds of Ayla's armpit.",
                "You catch your breath for a moment before you scurry back out of the sheets and make it back to the nightstand, wiping off Ayla's sweat on a towel near the bed before you do and you finish out the rest of the night with some rest.",
                "Ayla wakes up the next morning and stretches, raising her arms high above her head as she yawns. Your eyes are fixated on her shoulders and arms as you think about last night, and how Ayla is none the wiser to your actions.",
                "Ayla finally gets out of bed and goes about her day as you stand up on the nightstand and think about what to do next.",
                "SleepPlayer",
                "JumpToEventThenScene", "ElvenPet", "StartMenu"
            ]
        },
                        {
            "NameOfScene": "Get closer to her face",
            "theScene": [
            "You begin the trek of climbing across her bed and after a short hike you make it to her face, sleeping peacefully as her mouth lays open just enough for her to breath in her sleep. Her hot, sweet breath washes over you as you listen to her in her sleep.",
            "With each passing breath, the warmth of it hitting your cock is enough to get you excited. Your rock hard erection drives you crazy enough to approach her mouth as you climb her mountainous body. At only an inch in height you feel scandalous as her bottom lip itself is big enough for you to stand on.",
            "You push those thoughts from your mind as you lower yourself onto her lip, putting yourself in a plank position as you rest your cock against the soft, supple skin of Ayla's lips and you begin to thrust your body, pleasing yourself with Ayla's unconscious mouth.",
            "ChangeArousalByPercent", "35",
            "Ayla's mouth is slick with moisture from her breathing, letting you slide along her lips with ease. You grunt and groan as you can feel the pressure building in you as Ayla's supple lips caress and pleases your cock.",
            "ChangeArousalByPercent", "35",
            "You keep going, humping faster and harder as your cock races against Ayla's lips. Your motions become frantic as your breathing gets faster and faster. You can hardly control yourself as Ayla's steady, warm breathing continues to wash over you.",
            "ChangeArousalByPercent", "45",
            "You bow your head down and kiss at Ayla's lips, desperate to feel more of her body as you continue to thrust again and again. The pressure in your groin and the pleasure that has spread throughout your body has become too much to bear as you angle your cock off to the side.",
            "PlayerOrgasm", "1",
            "Your cum fires off into the abyss of Ayla's mouth, landing on her tongue and dissolving away as you sit down and take a moment to catch your breath. As you do so, Ayla's sleeping mind activates upon feeling your semen hit her tongue.",
            "Subconsciously, Ayla feels your semen get absorbed through her mouth and as a reaction her tongue sweeps out to lick her lips. You are too small and tired at this moment to react, and can only watch as a massive pink flesh monster slams into you and pulls you into Ayla's mouth.",
            "Inside Ayla's mouth is complete pitch black save for the strands of moonlight that peak in from her slightly open mouth. You struggle and fight against her tongue for all you're worth but can't fight from being jumbled around.",
            "The massive tongue has its way with you, tossing you around Ayla's mouth with abandon as it twitches and fidgets with you on impulse. You are ground and pressed against Ayla's teeth and slammed against her cheeks as you try to find a safe place to hide and plan your escape.",
            "Unfortunately, you get caught in a larger amount of spit and in Ayla's sleepy state, she swallows automatically as she begins to pull you down into her throat. With no other option left to you, you kick off her tongue and grapple tightly to her uvula, causing her to cough and gag momentarily.",
            "You take advantage of the wind from her coughing and use that to sail out of her mouth without any further incident. You land on her covers as she rolls over to continue sleeping, and you scurry back to the night stand.",
            "Once there, you wipe yourself off of the saliva and crawl into your makeshift bed, happy to not have to spend the night in Ayla's digestive system.",
            "You fall asleep peacefully and manage to get a full night of rest in.",
            "SleepPlayer",
            "JumpToEventThenScene", "ElvenPet", "StartMenu"
            ]
        },
        {
            "NameOfScene": "Get a good night's rest",
            "theScene": [
                "You fall asleep in your tiny, prepared bed that Ayla crafted for you, and wake up the next morning feeling totally refreshed!",
            "SleepPlayer",
            "JumpToEventThenScene", "ElvenPet", "StartMenu"
            ]
        }
    ]
}
