{
    "name": "Ayla Floor",
    "CardType": "",
    "CardLimit": "0",
    "Description": "",
    "requires": [""],
    "Speakers": [
        {
            "name": "Elf",
            "postName": "",
            "SpeakerType": ""
        }
    ],
    "EventText": [
        {
            "NameOfScene": "FloorMenuDay",
            "theScene": [
                "You descend from Ayla's bedside table and begin to roam around on Ayla's floor as she goes about her day and comes in and out of the house. What do you do in this chaotic, expansive area?",
                "Menu",
                "Get close to Ayla and admire her body",
                "Try and sneak some Elven food for yourself.",
                "EndLoop"
            ]
        },
        {
            "NameOfScene": "FloorMenuNight",
            "theScene": [
                "Ayla settles down for the night and turns off the lights as she tries to get some sleep. While she does that, you make your way to the bottom of the table you sleep upon and begin to roam Ayla's floor, what happens to you?",
                "Menu",
                "You sneak into Ayla's panty drawer.",
                "Your wandering is interrupted by Ayla needing a glass of water.",
                "EndLoop"
            ]
        },
        {
            "NameOfScene": "Get close to Ayla and admire her body",
            "theScene": [
            "You cross the expansive floor and get closer to Ayla and admire her perfect, pale body from a close distance. However, your admiration quickly changes as Ayla starts to move again and her massive foot swings over top of you!",
            "StatCheck",
                "ChangeStatCheckDifficulty", "IfHasFetish", "Feet", "8",
                "Technique", "14", "PassScene1",
                "Fail", "FailScene1"
            ]
        },
        {
            "NameOfScene": "PassScene1",
            "theScene": [
            "You manage to break free of the panic of staring up at Ayla's beautiful body and dodge roll past her just in time as you watch her massive foot come crashing down on the space where you were just standing. Ayla continues forward with her walking and comes to a stop a few steps later. You sit and think and decide about what you want to do next.",
            "Menu",
                "Climb her body and mess with her as payback!",
                "Return to your perch and do something else.",
            "EndLoop"
            ]
        },
        {
            "NameOfScene": "Climb her body and mess with her as payback!",
            "theScene": [
            "You stand up straight and break into a sprint towards Ayla and throw yourself at her ankle, wrapping your arms around her as you try to scale her massive shins. You grip her tightly and begin to shimmy your way up her body.",
            "ChangeImageLayer", "Expression", "1", "Smug",
            "You don't end up making it very far before Ayla stops and looks down, and sees you just a couple of inches above her ankle, clinging firmly to her shin bone. She tries to stifle a laugh as she bends down and reaches her fingers out to pluck you off her body.",
            "Speak", "Ayla",
                "Well well well, what do we have here? A little mountaineer? Sorry little fella, but I think this adventure is too dangerous for you, but I've got a nice, safe cave for you to wriggle around in.",
            "Ayla lets out a chuckle as she begins to swing you around behind her body, and you can see her shimmying down her skirt and panties before she bends over, revealing her tight asshole to you.",
            "Speak", "Ayla",
                "Have fun in there, my little explorer.",
                "ChangeImageLayer", "Expression", "1", "Lustful",
                "She presses your face directly into her ass and rubs you against her puckered hole for a few moments before you finally slip in headfirst and she feeds the rest of your body to her hungry asshole.",
            "Once your feet slide in past her asshole, Ayla stands up straight and stretches upwards and clenches her asscheeks together, enjoying the feeling of her walls clamp and tighten around you. Sealing you in further, when Ayla brings her skirt and panties back up to their positions she wedges her panties directly into her asscrack, sealing you in through her clothing.",
            "Ayla acts like she's going to continue about her day, but as she raises her leg to take a step forward she can feel her muscles shift and her body wrap around and grind against yours. She stifles a moan as her leg slowly lowers down and a devious look spreads across her face.",
            "ChangeArousalByPercent", "15",
            "Ayla slowly begins to walk in place, dwelling on and reveling in the feeling of her body grinding you inside of her ass with every movement of her legs. She feels like she's in heaven as you struggle and writhe against the powerful forces of her ass.",
            "As for you inside of her asshole, you find yourself being battered and ground against by the walls of Ayla's ass from all sides. With every movement of her incredibly huge body, can feel yourself being battered and tossed around, disorienting you more than the heat and smell of the place you've been put inside of.",
            "ChangeArousalByPercent", "15",
            "Remembering that she still has stuff to do, Ayla puts aside how horny you make her feel and she quickly goes off to finish off some of her activities around the house.",
            "As the day goes on, you realize that Ayla really is going to leave you in here for the rest of the day, left to endure the grinding, smelly assault of her ass on your body and senses.",
            "You are tossed around constantly as Ayla goes to and fro inside her house, causing you to shift and stir constantly. You can hear Ayla stifling a moan occasionally whenever your body makes a big move inside her body, so you attempt to wiggle and stretch your body to see if you can make Ayla cum, but her ass flexes and pins you in place as you try too hard inside of her.",
            "As she releases her muscles around you, you feel her talking about being a good boy and letting her get through all her chores for the day. Knowing that there's not much you can do against her ass, you stay put and wait for Ayla to finish up with whatever she is doing.",
            "ChangeArousalByPercent", "50",
            "As time passes, you feel minutes slowly drudge on into hours as you begin to become numb to the overpowering heat and smell of Ayla's ass, and even the grinding of her body becomes normal to you as she goes about her day.",
            "Finally, after several hours, you feel Ayla stop and bend over as you feel a pair of fingers grip you tightly and pull you free from your prison. You look around and see that it has changed from daytime to nighttime as Ayla washes the scent of her ass off of you in her sink.",
            "Having cleaned you up, Ayla walks over and deposits you onto her nightstand as she prepares for bed herself.",
            "AdvanceTime", "1",
            "AdvanceTime", "1",
            "AdvanceTime", "1",
            "JumpToEventThenScene", "ElvenPet", "StartMenu"
            ]
        },
        {
            "NameOfScene": "Return to your perch and do something else.",
            "theScene": [
            "You begin to make your way up to Ayla's kitchen counter to sneak some yummy food for yourself, or see if Ayla might treat you like food.",
            "JumpToEventThenScene", "ElvenPet", "StartMenu"
            ]
        },
        {
            "NameOfScene": "FailScene1",
            "theScene": [
            "You struggle to peel your eyes away from Ayla's falling foot but you remain stuck there, entranced by her foot as it slams down on top of you. Up above, Ayla doesn't seem to notice you as you are flattened down beneath her foot and smushed into her skin.",
            "As Ayla keeps walking forward to her destination, you find yourself sealed to her foot from the trace amounts of sweat on her skin and you peel up off the floor and carried along with Ayla's foot.",
            "Ayla finally reaches her destination and you struggle to try and make yourself known to her so you can escape your predicament, but no such luck comes your way as Ayla is overwhelmingly preoccupied by her task at hand.",
            "ChangeArousalByPercent", "15",
            "She stays there, standing on top of your body as you soak in the sweat and smell of her foot for what feels like minutes. The lack of other stimulus in this moment makes you focus entirely on her foot as all you can do is breathe in her scent constantly.",
            "Her weight soon becomes an afterthought as you lose yourself in this moment, and you do your best to purse your lips and try to kiss and lick at Ayla's foot as it covers you and buries you under its weight.",
            "Ayla's foot covers you completely as you try to worship the gargantuan thing, the lack of light and the overbearing heat and scent melts your mind, and in your haze of trying to kiss and worship the massive thing, you can feel her sweat and the taste of her foot mingle in your mouth and mind.",
            "ChangeArousalByPercent", "15",
            "Ayla's foot tastes sweet, that's what your mind feels as you lick again and again, and as her sweat forces its way into your mouth as well you feel conflicting feelings as her foots drive you crazy with it's aphrodisiac scent and her magical sweat infects you.",
            "Ayla accidentally breaks you out of your trance as her foot shifts and you can feel your entire body begin to be rolled under her foot like a stone. She rolls you under the arch of her foot for a while, oblivious that it could be you that she's rolling and not a weird rock.",
            "She presses down on you with great force and occasionally lifts her foot up, sometimes bringing you up with it and sometimes not, only for her foot to come crashing back down to the floor, burying you again in her divine soles.",
            "ChangeArousalByPercent", "15",
            "Mixing in with her movements, Ayla also grind the ball of her foot back and forth over top of you, smearing and crushing you with the movements of her foot as she absentmindedly works on something.",
            "Finally, you are freed from Ayla's foot as her foot moves off and away from you, and you see her face looming over top of you as she sees you on the floor. She gasps as she realizes that in her absentmindedness she had been using you under her foot the whole time.",
            "ChangeImageLayer", "Expression", "1", "Flustered",
            "Speak", "Ayla",
                "Oh wow, I'm so sorry [ThePlayerName]! I had no clue you were down there the whole time! Let's get you back to a safe place that's not under my feet.",
            "Ayla swiftly carries you back to the nightstand and after gently patting your head she gets back to work.",
            "AdvanceTime", "1",
            "JumpToEventThenScene", "ElvenPet", "StartMenu"
            ]
        },
        {
            "NameOfScene": "Try and sneak some Elven food for yourself.",
            "theScene": [
            "You begin to make your way up to Ayla's kitchen counter to sneak some yummy food for yourself, or see if Ayla might treat you like food.",
            "You grab tight to the wooden cabinets of Ayla's kitchen counter and begin to scale their heights. Your fingers cling tight to the wood fibers with each inch you climb.",
            "StatCheck",
                "Power", "15", "PassScene2",
                "Fail", "FailScene2"
            ]
        },
        {
            "NameOfScene": "PassScene2",
            "theScene": [
            "Your hard work pays off as you crest over the top of the cabinet and stand on the sleek wooden countertop of Ayla's kitchen. You begin looking around as Ayla enjoys some tea at her dinner table and you see a few points of interest.",
            "Menu",
                "A box of crackers lays on its side, revealing its treasure to you.",
                "A cake topped with decadent frosting sits on the countertop, guarded by a thick glass topper.",
            "EndLoop"
            ]
        },
        {
            "NameOfScene": "A box of crackers lays on its side, revealing its treasure to you.",
            "theScene": [
            "A box filled with delectable baked chips lays in front of you with their alluring scent. The herbs and salt baked into them as just one of the crackers looks like an entire plate to you.",
            "You move quickly and make it to the overturned box and quickly grab a loose chip in your hands, bringing it to your mouth and eating as quickly as possible before Ayla notices you eating her food.",
            "You aren't even sure what you're afraid of in regards to Ayla finding you eating her food, but those worries soon melts away as Ayla's elven chips fills your mouth with a delightfully herby and savory flavor that is leagues better to most of the food back in town.",
            "You are so enraptured with your meal that you fail to notice Ayla approaching, who kneels down and brings her face to the level of the countertop.",
            "Having been caught, you slowly turn around and manage a sheepish wave to Ayla, who looks at you with mischief in her eyes.",
            "Speaks",
            "Oh? Having a little snack are we, my little thief? Maybe I should show you what I do with thieves in MY kitchen.",
            "Her hand reaches up onto the countertop and grabs you by the leg and lifts you up, letting you dangle upside down as the last bits of a cracker fall from your hands back onto the countertop. Ayla laughs as you reach back out towards the fallen crumbs.",
            "Speaks",
                "Even now you're only concerned with filling your belly, well how about I fill my belly with you!",
            "Ayla opens her mouth wide and begins to lower you headfirst into her mouth, letting you bask in the heat and humidity of her maw for a few seconds as you stare down her throat in fear that she might actually eat you.",
            "But instead of letting your leg go and letting you plummet down her throat, Ayla pulls you back at the last minute and sets you all the way back on the nightstand again.",
            "Speaks",
                "I'm just kidding silly, who knows what would happen to you if I actually ate you! I won't do anything that cruel to you.",
            "GivePerk", "Mini Feast",
            "Ayla blows you a kiss and leaves you on the countertop as she goes about her day.",
            "AdvanceTime", "1",
            "JumpToEventThenScene", "ElvenPet", "StartMenu"
            ]
        },
        {
            "NameOfScene": "A cake topped with decadent frosting sits on the countertop, guarded by a thick glass topper.",
            "theScene": [
            "You run up and lift with your knees and slide in under the glass barrier protecting the cake from unruly interlopers.",
            "There is a decent amount of space between the cake topper and the cake itself, giving you the ability to wander around and admire Ayla's work in creating this cake. It's coated in a beautifully pink frosting that smells of strawberries and all along the bottom are tiny, piped flowers that ring the whole cake.",
            "You run a hand along the frosting flowers and scoop it up into your mouth, a sigh escapes your body as the sugary sweetness of a good buttercream frosting hits your tongue and you are filled with an urge to gorge yourself on this cake.",
            "Unable to stop yourself, you give in to your whims and begin to excavate the actual cake out from the frosting, taking big chunks of the fluffy, vanilla cake and pairing it with the frosting as you stuff your mouth full of sweets.",
            "You slowly carve a small hole into the cake, gorging yourself full of so much sugar. You think to yourself that you really need to compliment Ayla on her cooking sometime soon.",
            "As you think that, you notice the lights above you have become obstructed, and you peer behind you to see that Ayla is standing over you and the cake, her arms crossed and her nostrils flare out as she huffs in indignation.",
            "She pulls the lid off the stand and grabs you by the back of your shirt as she pulls you up to her face as she starts yelling.",
            "ChangeImageLayer", "Expression", "1", "Angry",
            "Speaks",
            "How could you?! You didn't even think to ask for any cake and you just started to help yourself?! What kind of little rodent have you become?",
            "In her anger, she huffs back to the nightstand and without waiting for your response, locks you away in a drawer for a few hours until she calms down. Once she has done so, she unlocks the drawer and lets you out and calls the two of you even.",
            "AdvanceTime", "2",
            "GivePerk", "Cake Filled",
            "Ayla wanders off to continue your day, and you got to eat some yummy cake as you decide on what to do next.",
            "JumpToEventThenScene", "ElvenPet", "StartMenu"
            ]
        },
        {
            "NameOfScene": "FailScene2",
            "theScene": [
            "You can't hold on for long enough and your hands fail you as you let go of the counter and plummet back down to the floor. Luckily, thanks to the spell, the only thing that is hurt is your pride as you wonder if you should change your plans.",
            "AdvanceTime", "1",
            "IfTimeIs", "Day", "JumpToEventThenScene", "Ayla Floor", "FloorMenuDay",
            "IfTimeIs", "Night", "JumpToEventThenScene", "Ayla Floor", "FloorMenuNight"
            ]
        },
        {
            "NameOfScene": "You sneak into Ayla's panty drawer.",
            "theScene": [
            "Hearing Ayla's gentle breathing lets you know that she is asleep and now is the perfect time to break into her panty drawer and use that as your bed tonight.",
            "A small crack in the drawer and the wardrobe gives you enough room to slip in and drop yourself onto the neatly sorted collection of underwear that Ayla has. The light of the moon unfortunately does not shine into this place, but you can feel Ayla's comfy panties beneath your feet as you venture deeper inside.",
            "After a few moments of venturing deeper within, you feel a yawn coming and decide that it is time to curl up and finally get some rest. You snuggle into the folded comfort of a pair of panties and let the sweet scent of Ayla's perfumed underwear carry you to sleep.",
            "SleepPlayer",
            "GivePerk", "Perfumed Rest",
            "JumpToScene", "PantyMorning"
            ]
        },
        {
            "NameOfScene": "PantyMorning",
            "theScene": [
            "Your rest is interrupted by Ayla sleepily opening up her underwear drawer and reaching a lazy hand into the drawer, plucking out the exact pair that you had crawled into the night before. In your grogginess you can't pull yourself out of the pair before it unfurls and Ayla steps her legs through her panties.",
            "You roll over and see Ayla's nether region speeding towards you as Ayla hikes her underwear up to her hips. Where do you end up afterwards?",
            "Menu",
                "Pressed against her pussy.",
                "Trapped between her asscheeks.",
            "EndLoop"
            ]
        },
        {
            "NameOfScene": "Pressed against her pussy.",
            "theScene": [
            "Ayla's legs flank you on both sides and you can't jump out of her panties as her thighs fill the holes beside you, leaving you only able to look up directly at the fast approaching pussy of your giantess owner.",
            "ChangeImageLayer", "Expression", "1", "Lewd",
            "You make contact and with the speed of how fast Ayla put her panties on you are forced past her lips and are nestled just slightly inside Ayla's pussy. You hear her gasp the moment you make contact with her sex and she brings a hand down to her nether regions as her fingers trace the outline of your body.",
            "ChangeArousalByPercent", "15",
            "Ayla moans as her fingers press into your back, and she begins to rub you back and forth against her pussy. Your body fits perfectly lengthwise against her pussy and Ayla enjoys having you down there as she sits back onto her bed and leans back, reveling in this moment.",
            "You begin to struggle reflexively as Ayla presses down harder on your back, and the pleasure Ayla is feeling is causing her pussy to become slick with her juices.",
            "Finally, Ayla can't take having you just at the entrance of her pussy and she moves her panties to the side and grabs you by the legs. She barely has to reorient you at all before she has aimed your face directly at the entrance to her pussy and she rams you deep into her vagina.",
            "ChangeArousalByPercent", "15",
            "You easily slide into her body with how wet she has become, and quickly you find yourself shoved deep into her pussy, but you are so slick with her juices that Ayla loses grip on your legs and you are engulfed deep into her pussy, which pulses with a hungry need.",
            "Trapped inside Ayla's tunnel of love, you begin to squirm and wiggle inside her, trying hard to please your giantess master with your tiny body as her fingers retreat from the inside of her pussy and she starts to rub her clit instead, letting you handle the inside.",
            "With each movement of your body, Ayla responds in kind as her pussy pulses and the throbbing wall of flesh around you shifts and crushes down on you as Ayla's body shivers in pleasure. You are assaulted on all ends by her body, from the crushing weight of her body squeezing you, the heat of her body, and even the juices coating you.",
            "ChangeArousalByPercent", "15",
            "Ayla continues to use one of her hands to pleasure herself by rubbing the outsides of her pussy, but she takes her free hand and brings it up to her breasts, letting her pleasure take over completely as she forgets about you and focuses on her own pleasure.",
            "ChangeImageLayer", "Expression", "1", "Ahegao",
            "The moans that shake the world around you begin to intensify, and you know from experiences past inside Ayla that as the throbbing and pulses of her pussy begin to quicken what is going to happen next. As you anticipate Ayla's orgasm you try to intensify your movements, and hasten Ayla to orgasm.",
            "Ayla lets out a long and slow moan as her body shakes with an orgasm, as a wave of her juices flow from her body and carries you directly into her waiting fingers as she continues to rub against herself.",
            "Her orgasm dies down and as she lays on her bed, catching her breath, she brings you closer to her face as she plants a big kiss on you.",
            "ChangeImageLayer", "Expression", "1", "Smile",
            "Speaks",
                "Well well, what a welcome surprise this morning. Thank you for the wake-up present, [ThePlayerName].",
            "With that, Ayla grabs a wet cloth and wipes you and herself down before she grabs a different pair of panties and she sets about finishing getting dressed for the day. Once Ayla is prepared, she sets about her day and leaves you on the nightstand to do your own thing.",
            "JumpToEventThenScene", "ElvenPet", "StartMenu"
            ]
        },
        {
            "NameOfScene": "Trapped between her asscheeks.",
            "theScene": [
            "Ayla's legs flank you on both sides and you can't jump out of her panties as her thighs fill the holes beside you, leaving you only able to look up directly at the fast approaching ass cheeks of your giantess owner.",
            "As Ayla's panties hit her ass, your body is rocketed up into Ayla's cheeks as her panties bunch up from your presence and briefly buries themselves in her ass in the form of a wedgie. Ayla clicks her tongue against her teeth in frustration about her panties.",
            "Ayla reaches a hand back and plucks at the edges of her panties to pull on them back out to their normal state. By the time Ayla has gotten her panties unstuck from her ass though, you still remain firmly wedged between her ass cheeks with your head positioned close to her anus.",
            "Ayla flexes the muscles in her ass for a moment, perplexed by the foreign object still stuck back there before recalling your existence and realizing your predicament.",
            "ChangeImageLayer", "Expression", "1", "Lewd",
            "Speaks",
                "Well [ThePlayerName], I knew you had a thing for my butt, but I guess it truly is hard to separate you from it.",
                "ChangeArousalByPercent", "15",
            "Ayla places her hands on the sides of her ass and gradually applies more and more pressure onto them sandwiching you perfectly between her ass as she starts to grind her cheeks up and down across your body.",
            "ChangeArousalByPercent", "15",
            "Ayla's giant ass wraps and surrounds your body. Her ass is finely toned from the sheer amount of walking and moving around she does, and it offers no path for you to escape as the pressure from Ayla's hands pressing on the sides perfectly holds you in place.",
            "More concerning, your face still hangs directly in front of Ayla's asshole, which quivers and moves with the motions from Ayla's hands as her cheeks continue to grind on your body.",
            "In a move to taunt you, Ayla pulls a hand away from her ass and places a finger on the back of your head. You struggle for a moment as you know what will happen next but you aren't strong enough to stop Ayla from pushing your head through her asshole and into her ass itself.",
            "ChangeArousalByPercent", "15",
            "Your body is removed from being ground between Ayla's cheeks as Ayla forces you up to your arms into her ass, as she lays on her bed with her ass wiggling in the air, your legs sticking out of her ass as you kick and struggle to break free.",
            "Your struggles don't make any progress, they only serve to please Ayla more as you slide deeper and deeper into her ass. You spread your legs as far as you can and manage to catch yourself waist deep in Ayla's ass without falling any further.",
            "Ayla giggles as she feels you press your arms against the dank tunnel of her ass, and gives a teasing shake of her ass that nearly ruins your bracing inside of her body. You slowly begin to extract yourself from her ass before something worse happens.",
            "Unfortunately, you didn't move quite fast enough as a gurgle emanates from deep within, prompting you to try and pull yourself out faster before a heinously smelly rush of wind strikes your body with great force, sending you backwards until you pop out of Ayla's ass and sending you tumbling onto her bed.",
            "ChangeImageLayer", "Expression", "1", "Flustered",
            "You gag and cough from the fumes of Ayla's fart being forced into your body from the high pressure and wind speed, and all Ayla offers is a sheepish smile as she tries to contain her laughter as she picks you up off the bed.",
            "Ayla sets you down onto the nightstand as she prepares for the day and finishes getting dressed, leaving you to decide on what you will do for the day.",
            "JumpToEventThenScene", "ElvenPet", "StartMenu"
            ]
        },
                        {
            "NameOfScene": "Your wandering is interrupted by Ayla needing a glass of water.",
            "theScene": [
            "You wander around the floor and take in all the sights of Ayla's house in the pale light of the moon before you hear Ayla rising from her bed, muttering about her need for a glass of water. You turn and see that she has already crossed a considerable portion of the floor and is approaching you in her half-asleep state.",
            "But you end up being too slow to react as the lumbering foot of Ayla comes slamming down on top of your tiny body and burying you under the massive flesh of her foot.",
            "You are forced to the floor as your face is buried in Ayla's foot, the thin beads of sweat from her sleeping under such a thick blanket forces a tiny bit of sweat into your mouth.",
            "As Ayla keeps stepping forward, you find yourself brought along for the ride as her slightly sticky from sweat foot brings you along with her. You are forced to endure the swinging motions of her foot for another couple of steps before she makes it to the counter.",
            "The pressure of Ayla's weight bears down onto you as you hear her faucet disperse water into her cup. She stands there, slowly drinking down the entire cup as you are forced to endure.",
            "Ayla lowers the cup from her mouth, and lets out a huge yawn as she slowly grinds her foot in place, smearing her sole across your face as you are ground down into the floor. You feel your body be mashed and rolled against the floor but Ayla never seems to take notice of your plight.",
            "Ayla lifts her foot off you for a moment and in trying to seize this chance you try to scramble back to your feet and make a break for it, only for Ayla's big to crash down onto your face and send you sprawling back onto the ground as her foot buries you again.",
            "With you unknowingly trapped under her foot, the slumbering titaness carries you back to her bed, courtesy of her foot.",
            "Each step she takes feels like it takes a minute to complete, as you groan each time you are lifted into the air and brought hurtling back down onto the floor.",
            "Finally, Ayla makes it back into her bed as she lazily and messily climbs back into it and pulls her blankets tight over her body, with you still plastered to her foot. You feel the heat of her bed slowly begin to seep into your body and you see how her foot got so sweaty in the first place.",
            "You struggle for a moment to see if you can free yourself from her sweat, but your body is lacking the strength and willpower necessary to pry yourself away from her this late at night.",
            "Instead, you let a yawn escape from your body and you figure that if you can't break free from your bonds right now, you might as well make the most of it and get some sleep. You let your exhaustion overtake you as the scent of Ayla's foot fills your brain.",
            "SleepPlayer",
            "GivePerk", "Foot Sleep",
            "JumpToEventThenScene", "ElvenPet", "StartMenu"
            ]
        }
    ]
}
