{
    "name": "Ayla Surprise",
    "CardType": "",
    "CardLimit": "0",
    "Description": "",
    "requires": [""],
    "Speakers": [
        {
            "name": "Elf",
            "postName": "",
            "SpeakerType": ""
        },
        {
            "name": "Intruder",
            "postName": "",
            "SpeakerType": ""
        },
        {
            "name": "Lizard Girl",
            "postName": "",
            "SpeakerType": ""
        }
    ],
    "EventText": [
        {
            "NameOfScene": "SurpriseMenuDay",
            "theScene": [
                "While going about your day inside Ayla's house, something random happens to you, what is it?",
                "Menu",
                "A lizard girl invades the house and leaps towards you!",
                "Ayla accidentally steps on you and you spend the rest of the day under her foot.",
                "EndLoop"
            ]
        },
        {
            "NameOfScene": "SurpriseMenuNight",
            "theScene": [
                "While getting ready for bed, something random happens to you, what is it?",
                "Menu",
                "While Ayla is getting undressed, she haphazardly tosses a piece of clothing onto you and traps you in it.",
                "A burglar slips into the house as you and Ayla are resting and you are burgled.",
                "EndLoop"
            ]
        },
        {
            "NameOfScene": "A lizard girl invades the house and leaps towards you!",
            "theScene": [
            "DisplayCharacters",
                "1",
                "3",
            "EndLoop",
            "You turn your attention towards the open window and try to admire a view of the forest outside, but instead what catches your eye is the emerald green eyes of a predator, as a Lizard Girl stares into the house looking directly at you with a devious hunger.",
            "ChangeImageLayer", "Expression", "1", "Shock",
            "ChangeImageLayer", "Expression", "Lizard Girl", "Annoyed",
            "You try and yell out to Ayla for help as the Lizard Girl deftly leaps over the windowsill and arrives at the nightstand where you are standing in only a few bounds. She reaches a scaly hand out towards you and has nearly closed her fist around you before Ayla bonks her over the head with the wide end of a broom, distracting the Lizard Girl.",
            "The Lizard Girl swings her attention to Ayla, annoyed that she has been stopped from taking her prey freely. As the Lizard Girl's body turns to face Ayla, you see out of the corner of your eye the furiously swishing tail of the Lizard Girl coming straight at you. You attempt to press yourself low to the nightstand but are caught by the tail and you scatter to the floor with the rest of Ayla's belongings on the nightstand.",
            "Ayla yells in anger at the Lizard Girl for her actions in trying to steal you and making a mess of her home, and the two women lunge at each other, wrestling one another to the ground. Surprisingly, Ayla manages to get the upper hand and is the one who sends the Lizard Girl onto the ground, right next to where you landed.",
            "Ayla quickly mounts the Lizard Girl and begins to massage the huge breasts of the Lizard Girl, since conventional combat is pointless and making the Lizard Girl orgasm will force her to respawn away from the house. The Lizard Girl struggles against the pin and attempts to grope Ayla, but is unsuccessful for the moment.",
            "Relying upon your knowledge of Monster Girls, you realize that while Ayla's attacks may be working, they aren't targeting the correct body parts to win this fight faster. In order to give Ayla the best chance of winning, you sprint your way down the length of the tussling giantesses and soon you reach their hips, and your true target, the ass of the Lizard Girl.",
            "You take a breath to steady yourself and then use a moment where the Lizard Girl lifts her leg up in one of her struggles to slide past and get inbetween her legs. You just barely make it through before the leg behind you crashes down again as the Lizard Girl begins to try and flip Ayla over.",
            "Time is running out as Ayla begins to sweat, clearly not used to having to engage a Monster Girl who is more prepared for battle. You climb the Lizard Girl's tail and quickly follow it to its base, and you see that her loin cloth has fallen between her legs and is wedged inbetween her ass cheeks amongst all the chaos.",
            "ChangeArousalByPercent", "5",
            "You curse your tiny luck and slip underneath the loin cloth and scale the muscular cliff-walls of this Lizard Girl's ass and soon reach her asshole. The heat coming off her body is intense, and the smell of her unwashed body fills your nose as you bring your face closer to her asshole.",
            "ChangeArousalByPercent", "15",
            "Suddenly, you feel the Lizard Girl's body tense up and you think she is going to try and buck Ayla off of herself again. You grip tightly to the flesh of her ass and prepare yourself, only for a devastatingly loud fart to rip from the Lizard Girl's ass, blasting directly into your face.",
            "The heat and stench races over you in a moment, and your eyes well up with tears reflexively upon inhaling the foul-smelling gas. You nearly lose your grip on the Lizard Girl's ass as your head swims from the assault on your senses but you hold fast, shaking your head clear as you steel yourself and bring your face in close to the freshly opened asshole of the Lizard Girl.",
            "ChangeImageLayer", "Expression", "1", "Lewd",
            "ChangeImageLayer", "Expression", "Lizard Girl", "Lewd",
            "The fight between the giantesses has grown more passionate and dangerous around you, as the horny tendencies of both women take over and they have begun to make out fiercely as Ayla continues to massage and fondle the breasts of the Lizard Girl. Ayla's panting moans and quickened breaths makes you worried that she may not be long for this fight and so you take a desperate gamble to give her the upper hand.",
            "ChangeArousalByPercent", "10",
            "You take a deep breath of fresher air and ram your head and outstretched arms into the asshole of the Lizard Girl, eliciting a shocked gasp from the Lizard Girl as her body momentarily goes limp from the pleasure and shock, letting Ayla re-establish the pin and quickly bound the hands of the Lizard Girl.",
            "Having contributed to the fight and helped Ayla out, you let out a sigh of relief and try to retreat from the Lizard Girl's body, but find the tight grasp of her asshole is too much, and your arms are stretched over your head deeper into her ass and prevents you from trying to pull yourself free.",
            "ChangeArousalByPercent", "20",
            "Running solely off of instinct, the Lizard Girl's asshole begins to flex continuously, pulling your diminutive body deeper and deeper into herself as Ayla continues the struggle from atop the Lizard Girl's waist. Your struggles seem to be effective in wearing down the Lizard Girl, but soon you feel the air around your lower body vanish as you are pulled entirely into the smelly sphincter of the Lizard Girl.",
            "ChangeArousalByPercent", "8",
            "The Lizard Girl's body is hot with pleasure and from the struggles of her fight with Ayla, and as her legs continue to kick and squirm you are battered and squeezed by her powerful anal muscles. It's all you can do to bring your arms back close to your body and attempt to press them into the walls around you and try to massage them to distract the Lizard Girl.",
            "Ayla secures the ropes binding the Lizard Girl to the frame of her bed and Ayla quickly readjusts herself to the midsection of the Lizard Girl, leaning back and running her delicate, sensitive fingers over the wet pussy of the Lizard Girl, who hisses in pleasure upon Ayla's touch.",
            "Ayla dips her fingers into the warm and waiting pussy of the Lizard Girl, who stops her struggles to escape and shivers in pleasure as her pussy and rear are pleasured by you and Ayla.",
            "ChangeArousalByPercent", "19",
            "Meanwhile in the ass of the Lizard Girl, you enjoy feeling the Lizard Girl stop struggling, just in time for the walls of her ass to squeeze and crush down on you again as Ayla's fingers invade the pussy above you, and displace and press down onto you from a different orifice.",
            "ChangeImageLayer", "Expression", "1", "Dominant",
            "ChangeImageLayer", "Expression", "Lizard Girl", "Ahegao",
            "ChangeArousalByPercent", "15",
            "You struggle and squirm for as much as you are, contrasted to Ayla's easy and graceful gliding motions. The Lizard Girl is assaulted by two very different forms of pleasure and it does not take much longer for her to let out a long, wailing moan in pleasure as her juices flow and coat Ayla's fingers thoroughly.",
            "Ayla pulls her fingers back and dismounts off the shivering Lizard Girl, leaving her to vanish back to wherever she came from. Instead, Ayla sets about looking for you, not knowing that you've been trying your best to help her out during that fight.",
            "In her panting and moaning, the Lizard Girl chuckles as she realizes that she still has you inside her ass, but can't move enough to escape from her restraints and bring you home. Instead, she focuses what little strength she has on her ass and grinds her powerful muscles on you for just a little bit longer.",
            "ChangeArousalByPercent", "15",
            "The sudden battering surprises you, almost as much as it does to Ayla as the Lizard Girl uses her last few moments to break out into a deep laughter. As Ayla goes over to investigate, the Lizard Girl finally disappears and you land on the ground where she was with a tiny thud.",
            "DisplayCharacters",
            "1",
        "EndLoop",
            "ChangeImageLayer", "Expression", "1", "Flustered",
            "Speaks",
                "Oh my goodness! [ThePlayerName], is that you?! What happened to you that put you all the way down there?",
            "Ayla exclaims in shock as she rushes over to you and brings you to the bathroom to wash you off. In between rinsings to rid you of the stench of a Lizard Girl's ass you explain to Ayla getting knocked off the night stand and trying to help the only way you knew how. Ayla shakes her head as she offers a soft chuckle at your behavior.",
            "Speaks",
                "Well, I guess that's just how you adventuring types are. You must be pretty glad I ended up winning with your help otherwise you'd still be butt food for some Lizard Girl out there.",
            "You shudder at the thought as Ayla playfully pats your head with her fingertip and she carries you back to the nightstand and drops you off.",
            "AdvanceTime", "2",
            "JumpToEventThenScene", "ElvenPet", "StartMenu"
            ]
        },
        {
            "NameOfScene": "Ayla accidentally steps on you and you spend the rest of the day under her foot.",
            "theScene": [
            "While Ayla busily moves around her house you accidentally fall from your perch high up in the house and land on the floor with a weak thud. You are about to recover from your embarrassing fall but not fast enough as you notice Ayla on the move. Her massive sole hangs over you for a brief moment as the world enters slow-motion before her foot slams down onto you and presses you into the floor.",
            "Her soft, slightly sweaty sole compresses around you for what feels like an eternity as her weight presses down on you as her other foot continues walking and you are soon given the sensation of being lifted with her barefoot and carried along through her chores as you can feel the wind rushing along your back.",
            "The rushing of the wind does not last forever, however, and you are soon squished underneath Ayla's foot again. This pattern continues for several minutes as you are trodden on by Ayla's foot, who is so wrapped up in cleaning the house and going about her daily life that she has either failed to notice you or simply enjoys having you down there.",
            "ChangeArousalByPercent", "15",
            "Finally, as Ayla's foot comes down and puts its pressure onto you again, you feel her heavy, titanic body relaxing as her weight settles onto you for real as she stands at the kitchen counter, preparing to make herself a meal.",
            "While Ayla stands around preparing her food, you finally have a moment to recover from the constant swinging of her foot and can reorient yourself, not that there's much to orient yourself to besides the smell of her foot and the feel of her soft flesh compressing around and burying you.",
            "As Ayla is finishing the last bits of her meal, the foot that is trapping you begins to absentmindedly grind against the floor, twisting and crushing you as the ball of her foot slowly swivels and bounces as Ayla hums a small tune to herself and dances without lifting her feet much.",
            "ChangeArousalByPercent", "15",
            "The swishing, grinding motions of her foot batter and crush you against her floor, and you are thankful enough for the enchantment reinforcing your body otherwise this moment of playful enjoyment would have ended with you as a red blotch on her sole.",
            "With her food ready Ayla goes on the move again and sits at her kitchen table and begins to dig in, letting her feet rest against the floor for a moment as she savors the moment and enjoys her food. While she does so, her feet tap off the floor constantly and you are subjected to the fast movements of an elf who is unable to sit still for very long.",
            "Compounding this, Ayla begins to knock her feet against each other, letting her soles clap together as you feel your body be battered by the constant force of her feet colliding and grinding against each other.",
            "Still oblivious to your plight, Ayla finishes her meal and takes a look outside, and notices that some of the plants in her garden could use some attention. She leaps back to her feet and makes her way over to the door and sets about putting her gardening shoes on. As she does so, she finally notices your tiny body pressed against her sole.",
            "ChangeImageLayer", "Expression", "1", "Flustered",
            "Speak", "Ayla",
                "Oh my goodness, [ThePlayerName]? What are you doing against my foot? I could've sworn I left you on top of my nightstand. If you wanted to accompany me so much all you had to do was ask!",
                "ChangeArousalByPercent", "15",
                "You are too weak and still pressed face first against her sole to respond and let her know this was an accident, but you never get the chance to tell her as Ayla's foot descends into the stale, rank depths of her leathery gardening shoes that completely cover her feet. As her foot rests in the shoe and she quickly laces it closed you can feel the old, sweaty air settling in your lungs.",
            "Rising back to her feet, Ayla makes her way out to her garden to do some sprucing up. She fills up a watering can and tends to some of her thirstier plants that require special care, then she trims the excess off her flowering herbs and vegetables, and some of her edible plants have produced some lovely harvests as she goes about picking what she can.",
            "Meanwhile, with every step Ayla takes you can feel the old sweat in her shoe come to life as her every step grinds you into the worn insole of the shoe, coating you with the scent of her hard working feet before long.",
            "In addition to the old scent of sweat, you can feel the heat of the island and Ayla's own feet making the shoe unbearable warm as beads of sweat begin to form on Ayla's foot, soaking you to the bone as Ayla continues to garden for what feels like hours. Your only solace is that you are so thoroughly compressed to her foot her sweat doesn't get into your face much.",
            "By the time Ayla has finished her work and is ready to come inside, you have been thoroughly washed in her sweat, and the only thing that dominates your mind is Ayla's foot. You feel her start moving again after her stood still to drink some water and you can feel her stepping back into the cooler, fresher house from the outside.",
            "Ayla sits down on a chair and brings her feet up onto her knees as she undoes her laces for her shoes and takes them off, recoiling at the sweaty scent of her own feet. She lets out a laugh as she sees you plastered against her sole still.",
            "ChangeImageLayer", "Expression", "1", "Smile",
            "Speak", "Ayla",
                "Wow, [ThePlayerName], I guess you must be a real foot fanatic if you're still clinging tight after everything my foot put you through!",
            "She wedges a fingernail against your midsection and the sole of her foot and peels you off her foot like a sticker before walking back over to the nightstand that she leaves you on and deposits you back onto it.",
            "AdvanceTime", "2",
            "JumpToEventThenScene", "ElvenPet", "StartMenu"
            ]
        },
        {
            "NameOfScene": "While Ayla is getting undressed, she haphazardly tosses a piece of clothing onto you and traps you in it.",
            "theScene": [
            "Ayla begins getting changed for the night and throws a sweaty, white sock onto you haphazardly and scoops the rest of her clothes up and throws them into her laundry hamper for the night.",
            "You find yourself tumbled up and buried deeper inside of Ayla's old sock and once Ayla carelessly tosses her clothes down into the hamper you begin to try and crawl your way back to freedom.",
            "ChangeArousalByPercent", "15",
            "Your crawling is interrupted as more and more of Ayla's clothes fall on top of you, and your fate is sealed as the small amounts of light that shown through her sock vanish as she closes the lid to her laundry hamper, sealing you in to this dank, sweat-filled prison.",
            "ChangeArousalByPercent", "12",
            "You try to make yourself comfortable in the sock that you have found yourself in, but the pervasive, encompassing smell of sweat keeps you up. You can't help but associate this scent with Ayla when you are close to her body, and the scent of it alone is enough to raise your erection.",
            "ChangeArousalByPercent", "10",
            "You try to make your way through the fields of Ayla's white sock in hopes of breaking out into a part of the hamper where the scent is less strong in hopes of getting a good night's rest, but as you fight and claw your way through the scrunched up sock, you find out that your struggles have placed you in the toe section of Ayla's old sock.",
            "You collapse onto your ass in exhaustion, just wanting a good night's rest. As you place your hands behind yourself in order to prop up your sitting position the clothes you are on give way and you tumble backwards pitifully as you fall ass over head, coating yourself thoroughly in the sweat that permeates this sock.",
            "ChangeArousalByPercent", "25",
            "You lay there, pride wounded and your body coated and reeking of Ayla's sweaty foot as you try to let the feelings of exhaustion and sleepiness overtake you.",
            "ChangeArousalByPercent", "15",
            "But it is no use as the uncomfortable, slimy sensation of Ayla's sweat coats your body and you begin to feel slightly gross. You continue your journey to find a cleaner bit of cloth to sleep on.",
            "However, as you make your way to the exit of Ayla's sock, you find that most of her clothes around you are either socks or more underwear, which bears the brunt of her sweatiness. Feeling it might be better than her old socks, you clamber into one of Ayla's deep green bras and curl up and try to get some rest.",
            "You shiver as you lack the ability to pull her clothes closer to use as a blanket, and sleep does not come for you as you languish and toss and turn on Ayla's bra.",
            "ChangeArousalByPercent", "15",
            "One of the reasons stopping you from getting a good night's rest is the still pervasive smell of sweat, but now mixed with the erotic and powerful scent of Ayla's perfume. It coats her non-sock clothes and forces its way into your brain as you pull it in with every breath.",
            "Your mind can't help but race at the sensation of Ayla's perfume hitting you at this small size, and your erection starts to throb in a desire for Ayla.",
            "ChangeArousalByPercent", "15",
            "Shamefully, amidst a collection of Ayla's sweaty old clothes, you lay on your back and begin to touch yourself, at first gently stroking your cock as you think of Ayla and her perfect body. You picture yourself being thrust into her pussy constantly as she fucks herself with you.",
            "Your motions become faster and faster, picturing Ayla's tits pressing and massaging into you, licking at her feet or being crushed underneath them as she enjoys her breakfast, your mind races with thoughts of being her tiny pet forever and having to dedicate your life to worshipping a giant elf.",
            "PlayerOrgasm", "1",
            "These thoughts continue and bury themselves in you as you finally cum and blow a tiny load in the massive valley of Ayla's bra, so minute and pointless she'll never notice the stain that is washed away by her sweat.",
            "Having satisfied your urges you roll over and groggily gain some sleep.",
            "SleepPlayer",
            "GivePerk", "Laundry Sleep",
            "At some point early in the morning, Ayla notices that you never made it back to the night stand and searches her laundry for you, and she apologizes deeply for not noticing you.",
            "ChangeImageLayer", "Expression", "1", "Flustered",
            "Speak", "Ayla",
                "Uwaahhh, I'm so sorry [ThePlayerName]! I'm so clumsy and left you there overnight. I hope you can forgive me!",
            "Ayla washes the stink of her sweat off of you and leaves you on her nightstand as she goes about her morning.",
            "JumpToEventThenScene", "ElvenPet", "StartMenu"
            ]
        },
                        {
            "NameOfScene": "A burglar slips into the house as you and Ayla are resting and you are burgled.",
            "theScene": [
            "As you try and get a full night's sleep in, you and Ayla are unaware to the dangers of the forest as someone deftly undoes the lock guarding Ayla's home and a sinister figure sneaks in and snatches you, the most interesting thing in Ayla's house.",
            "DisplayCharacters",
                "2",
            "EndLoop",
            "A tanned woman with ojou-styled blonde drill hair sneaks up on the sleeping form of your body and snatches you into her hands before she slips you directly into her latex bra and lets the stretched fabric snap back into place on your body.",
            "She easily sneaks back out through the window she came in through and leaves Ayla to worry about you in the morning. You are subjected to her bouncing breasts constantly as she makes her way back to her hideout.",
            "You finally see light after what feels like an hour and see a dark room surrounds you. The only thing you can make out around you is the bed you are currently standing on and the giant woman kneeling above you.",
            "Speaks2",
                "Well well well, I was wondering if you were actually unconscious or just a heavy sleeper, but that doesn't matter anymore. You're all mine, and my bitch sister won't stop me from having some fun with you.",
                "ChangeArousalByPercent", "9",
                "The scantily clad figure reveals herself to be Ayla's sister. Your mind races trying to understand what is happening here, but you push that to the back of your mind as you try to think of ways to escape from this woman.",
            "As you try to think and strain your eyes in the darkness, Amarille gives you a cruel look as her fingers reach down and grips you harshly, putting great pressure on you as she holds you in a pinch.",
            "Speaks2",
            "Don't even try to think of escaping, I know exactly how your spell works from Ayla and I won't be letting you off my body for even a second.",
            "ChangeArousalByPercent", "15",
            "With her threat made, she pulls on the tight fabric of her bra and once again exposes you to the tight, sweaty confines of her gargantuan breasts. She deposits you on the bottom of her bra and lets it snap back into place, sealing you against her sweaty underboob.",
            "The pressure is intense as the humongous breasts of Ayla's sister weighs down on your body, suffocating and burying you in their flesh as she laughs at you immediately vanishing into the depths of her underboob.",
            "ChangeArousalByPercent", "18",
            "Her laughter shakes her breasts slightly, even as they are being held by the tight black fabric, and you are subjected to the onslaught of her bouncing, jiggling flesh as it moves and slams down onto you again and again through her suit.",
            "To make matters worse, Amarille brings hers hands up to her breasts and begins to fondle herself, letting her hands run over her well-endowed breasts several times before she takes them in her hands, cupping them from the bottom and giving them firm and powerful squeezes.",
            "ChangeArousalByPercent", "20",
            "You feel her hands squeeze and compress her breasts, forcing more pressure onto your body as her sticky sweat begins to glue you to her breast. The heat and pressure in this moment is unbearable and your mind slowly begins to degrade as you struggle to fight against the boner that is pressing into Amarille's tits.",
            "Amarille, however, is unable to feel your microcock in this moment as she revels in the sensation of forcing you to be trapped against her sweaty tits and as she rubs and gropes her tits a bit more, her face lights up with a different idea.",
            "Speaks2",
                "Heh, I bet you love being trapped in my sweat so much, well it's good for you that running back here from Ayla's place has given me the chance to work up such a sweat! Here, let's have you clean me up, you little rag!",
            "You feel the pressure from Amarille's hands vanish as they slides open the bottom of her bra and fishes you out from where you were glued to her breasts. You take a deep breath to get any air back in your body, but in the midst of your breath you are pressed deep into the folds of her armpit.",
            "ChangeArousalByPercent", "12",
            "The wall of slimy, greasy sweat hits your body immediately and coats you thoroughly as Amarille glides you around her armpit, laughing uproariously as she imagines what you must be feeling.",
            "ChangeArousalByPercent", "15",
            "Amarille releases her grip off of your body for a moment and brings her arm close to her side, letting the folds of her armpit surround and crush around you, encasing you deep in her hellish pit. The pressure is unbearable as she presses down with all her might, before grinding her arm back and forth as you are rolled around in her sweat.",
            "Speaks2",
            "Ohohoho, you must feel so pathetic, being unable to free yourself from a woman's armpit! At this point I don't even know what else I could do to break you...",
            "Speaks2",
            "Kidding! There's no end to the shameful places I can put you and the acts I could put you through! But let's see how you survive this...",
            "Amarille lifts her arm over her head, sneaking her head past her raised arm as she sees you stuck fast against her skin by the glistening sweat. Her own smell wafts into her nose and she recoils in disgust and laughter. She reaches her fingers over to you and plucks you from your prison and holds you out in front of her.",
            "She laughs in delight as you squirm between her fingers, wiping at the thick layer of sweat on your face as you try to get an untainted breath of air into your lungs. You are interrupted too quickly as Amarille starts to move you around again, your eyes not able to see through the grime and sweat covering your body as you are whisked through the air to an unknown destination.",
            "Unbeknownst to you, Amarille has slipped her feet out of her high heeled shoes and has began to stretch her tired, worn-out feet. The location of where you are being carried becomes obvious all too quickly as you soon are pressed into the overwhelmingly hot material covering her sole.",
            "ChangeArousalByPercent", "15",
            "Amarille's foot reeks of sweat that has been marinating inside of her latex thigh-highs, strong enough that it penetrates the material and wafts into your nose with ease as you are rubbed against her sole with ease. Amarille uses one finger to hold you down and retracts it at the perfect time have her other foot barrel in and collide against your back, slamming her feet together.",
            "You cry out as the pressure and speed of her feet coming together knocks all the wind out of you, but no pain is ever registered in your body as your mind is burdened with the scent of Amarille's sweat, and the oppressive heat of her body slows and bogs down your brain.",
            "Amarille continues to giggle at your position as she rolls onto her back, keeping her feet steepled together as your body is pressed between the balls of her feet and your face is bombarded with the tapping of her toes as she presses them together to squeeze your head.",
            "PlayerOrgasm", "2",
            "You have nothing left to fight with in the tank, exhaustion took hold long ago and at this point all you can do is give in as you feel the rubbery feel of Amarille's stockings batter your body, grinding and mashing your cock as pleasure forces itself through your body and another insignificant spurt of cum is lost on the body of your captor.",
            "Done tormenting you with her feet, Amarille spreads them apart and extends her legs far to the side, giving you a full view of her crotch, your intended destination. As you plummet through the air, you only have the strength left in you to close your eyes and tuck your head down.",
            "Surprisingly, you land against Amarille's pussy and since she never took off her panties, you feel yourself hit the rubbery material and bounce off of her, tossing you under her dresser. She screams in frustration and demands that you return to her at once, she rises to her feet and stomps over, but by the time she has crossed the room you are already on the verge of blacking out from exhaustion.",
            "Unable to handle it any longer, you pass out and hope that the curse will take you back to town...",
            "GameOver"
            ]
        }
    ]
}
