{
    "name": "Crushing Cavern",
    "cost": "0",
    "costType": "ep",
    "requiredLevel": "0",
    "learningCost": "0",
    "skillType": "attack",
    "statType": "Power",
    "requiredStat": "0",
    "skillTags": ["Sex"],
    "fetishTags": ["Ass"],
    "startsStance": "",
    "requiresStance": "Anal Vore",
    "unusableIfStance": [ ""],
    "requiresTargetStance": [ "Any"],
    "unusableIfTarget": [ ""],
    "removesStance": "None",
    "requiresStatusEffect": "None",
    "requiresStatusPotency": "0",
    "unusableIfStatusEffect": [ "None"],
    "targetType": "single",
        "accuracy": "100",
        "initiative": "0",
    "power": "25",
        "minRange": "90",
        "maxRange": "120",
    "recoil": "5",
    "critDamage": "0",
    "critChance": "0",
    "statusEffect": "Stun",
        "statusPotency": "0",
        "statusEffectScaling": "0",
        "statusDuration": "2",
        "statusChance": "90",
        "statusResistedBy": "",
    "statusText": "",
    "descrip": "",
    "outcome": "Mika's ass crushes down on you from every side, the walls discombobulate you as she wiggles her butt around.",
    "miss": "",
    "statusOutcome": "The strength of Mika's ass combined with her movements stuns you, and you struggle to gather yourself.",
    "statusMiss": "You keep a hold of yourself as the swaying motions of Mika's ass nauseates you, and you manage to keep fighting.",
    "restraintStruggle": [""],
    "restraintStruggleCharmed": [""],
    "restraintEscaped": [""],
    "restraintEscapedFail": [""]
}
