{
    "name": "Invading Dildo",
    "cost": "0",
    "costType": "ep",
    "requiredLevel": "0",
    "learningCost": "0",
    "skillType": "attack",
    "statType": "Technique",
    "requiredStat": "0",
    "skillTags": ["Sex"],
    "fetishTags": ["Ass"],
    "startsStance": "",
    "requiresStance": "Anal Vore",
    "unusableIfStance": [ ""],
    "requiresTargetStance": [ "Any"],
    "unusableIfTarget": [ ""],
    "removesStance": "None",
    "requiresStatusEffect": "None",
    "requiresStatusPotency": "0",
    "unusableIfStatusEffect": [ "None"],
    "targetType": "3Hits",
        "accuracy": "100",
        "initiative": "0",
    "power": "20",
        "minRange": "90",
        "maxRange": "120",
    "recoil": "5",
    "critDamage": "0",
    "critChance": "0",
    "statusEffect": "None",
        "statusPotency": "0",
        "statusEffectScaling": "0",
        "statusDuration": "0",
        "statusChance": "0",
        "statusResistedBy": "",
    "statusText": "",
    "descrip": "",
    "outcome": "A dildo suddenly penetrates into Mika's rear end, crushing you into her walls as it effortlessly slides past you. As it pushes through her several times you feel Mika's moaning echo through her body.",
    "miss": "",
    "statusOutcome": "",
    "statusMiss": "",
    "restraintStruggle": [""],
    "restraintStruggleCharmed": [""],
    "restraintEscaped": [""],
    "restraintEscapedFail": [""]
}
