{
    "name": "Unleashed Gas",
    "cost": "0",
    "costType": "ep",
    "requiredLevel": "0",
    "learningCost": "0",
    "skillType": "attack",
    "statType": "Power",
    "requiredStat": "0",
    "skillTags": ["Sex"],
    "fetishTags": ["Ass"],
    "startsStance": "",
    "requiresStance": "Gas 66%",
    "unusableIfStance": [ ""],
    "requiresTargetStance": [ "Any"],
    "unusableIfTarget": [ ""],
    "removesStance": "Gas 66%",
    "requiresStatusEffect": "None",
    "requiresStatusPotency": "0",
    "unusableIfStatusEffect": [ "None"],
    "targetType": "single",
        "accuracy": "100",
        "initiative": "0",
    "power": "999",
        "minRange": "100",
        "maxRange": "120",
    "recoil": "-5",
    "critDamage": "0",
    "critChance": "0",
    "statusEffect": "None",
        "statusPotency": "0",
        "statusEffectScaling": "0",
        "statusDuration": "0",
        "statusChance": "0",
        "statusResistedBy": "",
    "statusText": "",
    "descrip": "",
    "outcome": "The smell that is built up in Mika's reaches a breaking point, as hot, rushing winds breeze past you as she lets loose a fart that jostles you around her colon. The smell barrages you as you are forced to breathe in her scent, and you feel your struggles weaken from the blast.",
    "miss": "",
    "statusOutcome": "",
    "statusMiss": "",
    "restraintStruggle": [""],
    "restraintStruggleCharmed": [""],
    "restraintEscaped": [""],
    "restraintEscapedFail": [""]
}
