{
    "name": "Armpit Rub",
    "cost": "0",
    "costType": "ep",
    "requiredLevel": "0",
    "learningCost": "0",
    "skillType": "attack",
    "statType": "Core",
    "requiredStat": "0",
    "skillTags": ["Sex"],
    "fetishTags": ["Sex"],
    "startsStance": "",
    "requiresStance": "Handheld",
    "unusableIfStance": [ ""],
    "requiresTargetStance": [ "Handheld"],
    "unusableIfTarget": [ ""],
    "removesStance": "None",
    "requiresStatusEffect": "None",
    "requiresStatusPotency": "0",
    "unusableIfStatusEffect": [ "None"],
    "targetType": "single",
        "accuracy": "100",
        "initiative": "0",
    "power": "30",
        "minRange": "90",
        "maxRange": "120",
    "recoil": "0",
    "critDamage": "0",
    "critChance": "20",
    "statusEffect": "Aphrodisiac",
        "statusPotency": "10",
        "statusEffectScaling": "0",
        "statusDuration": "5",
        "statusChance": "90",
        "statusResistedBy": "WillPower",
    "statusText": "",
    "descrip": "",
    "outcome": "Allynna raises you up to her armpit and starts to rub you into the sweaty wall of flesh.",
    "miss": "",
    "statusOutcome": "Her intense odor penetrates into your mind and continuously arouses you!",
    "statusMiss": "You manage to hold your breath against her sweat soaked odor and keep your mind.",
    "restraintStruggle": [""],
    "restraintStruggleCharmed": [""],
    "restraintEscaped": [""],
    "restraintEscapedFail": [""]
}
