{
    "name": "Crushing Grip",
    "cost": "0",
    "costType": "ep",
    "requiredLevel": "0",
    "learningCost": "0",
    "skillType": "attack",
    "statType": "Power",
    "requiredStat": "0",
    "skillTags": ["Sex"],
    "fetishTags": ["Sex"],
    "startsStance": "",
    "requiresStance": "Handheld",
    "unusableIfStance": [ ""],
    "requiresTargetStance": [ "Handheld"],
    "unusableIfTarget": [ ""],
    "removesStance": "None",
    "requiresStatusEffect": "None",
    "requiresStatusPotency": "0",
    "unusableIfStatusEffect": [ "None"],
    "targetType": "2Hits",
        "accuracy": "100",
        "initiative": "0",
    "power": "5",
        "minRange": "90",
        "maxRange": "120",
    "recoil": "0",
    "critDamage": "0",
    "critChance": "0",
    "statusEffect": "Stun",
        "statusPotency": "2",
        "statusEffectScaling": "0",
        "statusDuration": "0",
        "statusChance": "115",
        "statusResistedBy": "Power",
    "statusText": "",
    "descrip": "",
    "outcome": "Allynna clenches her hand with all her might, forcing all the wind from your lungs as  you try to keep your mind on the fight.",
    "miss": "",
    "statusOutcome": "The sudden lack of wind as Allynna forces the air from you keep you dazed and disoriented.",
    "statusMiss": "You manage to keep enough air inside yourself and stay focused.",
    "restraintStruggle": [""],
    "restraintStruggleCharmed": [""],
    "restraintEscaped": [""],
    "restraintEscapedFail": [""]
}
