{
    "name": "Pussy Rub",
    "cost": "0",
    "costType": "ep",
    "requiredLevel": "0",
    "learningCost": "0",
    "skillType": "attack",
    "statType": "Core",
    "requiredStat": "0",
    "skillTags": ["Sex"],
    "fetishTags": ["Sex"],
    "startsStance": "",
    "requiresStance": "Handheld",
    "unusableIfStance": [ ""],
    "requiresTargetStance": [ "Handheld"],
    "unusableIfTarget": [ ""],
    "removesStance": "None",
    "requiresStatusEffect": "None",
    "requiresStatusPotency": "0",
    "unusableIfStatusEffect": [ "None"],
    "targetType": "single",
        "accuracy": "100",
        "initiative": "0",
    "power": "30",
        "minRange": "90",
        "maxRange": "120",
    "recoil": "0",
    "critDamage": "0",
    "critChance": "0",
    "statusEffect": "Charm",
        "statusPotency": "0",
        "statusEffectScaling": "0",
        "statusDuration": "0",
        "statusChance": "0",
        "statusResistedBy": "WillPower",
    "statusText": "",
    "descrip": "",
    "outcome": "Allynna lowers you down to her pussy, and slowly uses your face to caress the lips of her wet sex. She rubs you around for several seconds before dipping you deeper inside her before she pulls you back out.",
    "miss": "",
    "statusOutcome": "The sensation of her pussy grinding across your face tingles your mind, and you find yourself infatuated with the giantess.",
    "statusMiss": "You push the feeling of her pussy from your mind, and resist Allynna's charming ways.",
    "restraintStruggle": [""],
    "restraintStruggleCharmed": [""],
    "restraintEscaped": [""],
    "restraintEscapedFail": [""]
}
