{
    "name": "Spit Shot",
    "cost": "0",
    "costType": "ep",
    "requiredLevel": "0",
    "learningCost": "0",
    "skillType": "attack",
    "statType": "Technique",
    "requiredStat": "0",
    "skillTags": ["Sex"],
    "fetishTags": ["Sex"],
    "startsStance": "",
    "requiresStance": "Miniature",
    "unusableIfStance": [ "Handheld"],
    "requiresTargetStance": [ "Miniature"],
    "unusableIfTarget": [ ""],
    "removesStance": "None",
    "requiresStatusEffect": "None",
    "requiresStatusPotency": "0",
    "unusableIfStatusEffect": [ "None"],
    "targetType": "single",
        "accuracy": "50",
        "initiative": "0",
    "power": "10",
        "minRange": "80",
        "maxRange": "100",
    "recoil": "0",
    "critDamage": "0",
    "critChance": "0",
    "statusEffect": "Technique",
        "statusPotency": "-3",
        "statusEffectScaling": "0",
        "statusDuration": "3",
        "statusChance": "70",
        "statusResistedBy": "Technique",
    "statusText": "",
    "descrip": "",
    "outcome": "Allynna swishes her mouth for a second before she purses her lips and fires a mouthful of spit at you. The saliva lands on your body and you can feel the thick liquid coat your body",
    "miss": "",
    "statusOutcome": "The saliva coats you entirely and starts to drag you down, lowering your technique.",
    "statusMiss": "You manage to immediately wipe off the saliva and get ready for the next attack.",
    "restraintStruggle": [""],
    "restraintStruggleCharmed": [""],
    "restraintEscaped": [""],
    "restraintEscapedFail": [""]
}
