{
    "name": "Stomp",
    "cost": "0",
    "costType": "ep",
    "requiredLevel": "0",
    "learningCost": "0",
    "skillType": "attack",
    "statType": "Power",
    "requiredStat": "0",
    "skillTags": ["Sex"],
    "fetishTags": ["Feet"],
    "startsStance": "",
    "requiresStance": "Miniature",
    "unusableIfStance": [ "Handheld"],
    "requiresTargetStance": [ "Miniature"],
    "unusableIfTarget": [ ""],
    "removesStance": "None",
    "requiresStatusEffect": "None",
    "requiresStatusPotency": "0",
    "unusableIfStatusEffect": [ "None"],
    "targetType": "single",
        "accuracy": "100",
        "initiative": "0",
    "power": "25",
        "minRange": "90",
        "maxRange": "120",
    "recoil": "0",
    "critDamage": "0",
    "critChance": "0",
    "statusEffect": "Stun",
        "statusPotency": "0",
        "statusEffectScaling": "0",
        "statusDuration": "0",
        "statusChance": "90",
        "statusResistedBy": "Power",
    "statusText": "",
    "descrip": "",
    "outcome": "Allynna suddenly and powerfully stomps her foot directly on top of you, knocking you flat onto the ground with one powerful strike.",
    "miss": "",
    "statusOutcome": "The sudden impact knocks you around and you can't act.",
    "statusMiss": "You keep a hold of yourself and don't get stunned by the massive foot",
    "restraintStruggle": [""],
    "restraintStruggleCharmed": [""],
    "restraintEscaped": [""],
    "restraintEscapedFail": [""]
}
