{
    "name": "Sole Grind",
    "cost": "0",
    "costType": "ep",
    "requiredLevel": "0",
    "learningCost": "0",
    "skillType": "attack",
    "statType": "Technique",
    "requiredStat": "0",
    "skillTags": ["Sex"],
    "fetishTags": ["Feet"],
    "startsStance": [""],
    "requiresStance": "Between Feet",
    "unusableIfStance": [""],
    "requiresTargetStance": ["Any"],
    "unusableIfTarget": [""],
    "removesStance": ["None"],
    "requiresStatusEffect": "None",
    "requiresStatusPotency": "0",
    "unusableIfStatusEffect": ["None"],
    "targetType": "2Hits",
        "accuracy": "100",
        "initiative": "0",
    "power": "20",
        "minRange": "80",
        "maxRange": "110",
    "recoil": "0",
    "critDamage": "0",
    "critChance": "0",
    "statusEffect": "None",
        "statusPotency": "0",
        "statusEffectScaling": "0",
        "statusDuration": "0",
        "statusChance": "0",
        "statusResistedBy": "",
    "statusText": "",
    "descrip": "",
    "outcome": "Feng slams her foot into the ground, covering your body with her sole as she grinds you back and forth, before lifting you back up and sandwiching you between her feet again.",
    "miss": "",
    "statusOutcome": "",
    "statusMiss": "",
    "restraintStruggle": [""],
    "restraintStruggleCharmed": [""],
    "restraintEscaped": [""],
    "restraintEscapedFail": [""]
}
