{
    "name": "Stomp",
    "cost": "0",
    "costType": "ep",
    "requiredLevel": "0",
    "learningCost": "0",
    "skillType": "attack",
    "statType": "Power",
    "requiredStat": "0",
    "skillTags": ["Sex"],
    "fetishTags": ["Feet"],
    "startsStance": [""],
    "requiresStance": "Between Feet",
    "unusableIfStance": [""],
    "requiresTargetStance": ["Any"],
    "unusableIfTarget": [""],
    "removesStance": ["None"],
    "requiresStatusEffect": "None",
    "requiresStatusPotency": "0",
    "unusableIfStatusEffect": ["None"],
    "targetType": "single",
        "accuracy": "100",
        "initiative": "0",
    "power": "40",
        "minRange": "90",
        "maxRange": "120",
    "recoil": "0",
    "critDamage": "0",
    "critChance": "0",
    "statusEffect": "Stun",
        "statusPotency": "0",
        "statusEffectScaling": "0",
        "statusDuration": "0",
        "statusChance": "0",
        "statusResistedBy": "",
    "statusText": "",
    "descrip": "",
    "outcome": "Feng releases you from her foothold momentarily, but just before you hit the ground she brings her foot full force onto your miniature form. As she brings her feet together you find yourself stuck to the bottom of her sole.",
    "miss": "",
    "statusOutcome": "The impact of being stomped onto the ground leaves you dazed.",
    "statusMiss": "",
    "restraintStruggle": [""],
    "restraintStruggleCharmed": [""],
    "restraintEscaped": [""],
    "restraintEscapedFail": [""]
}
