{
    "name": "Sweat Stench",
    "cost": "0",
    "costType": "ep",
    "requiredLevel": "0",
    "learningCost": "0",
    "skillType": "attack",
    "statType": "Allure",
    "requiredStat": "0",
    "skillTags": ["Sex"],
    "fetishTags": ["Feet"],
    "startsStance": [""],
    "requiresStance": "Between Feet",
    "unusableIfStance": [""],
    "requiresTargetStance": ["Any"],
    "unusableIfTarget": [""],
    "removesStance": ["None"],
    "requiresStatusEffect": "None",
    "requiresStatusPotency": "0",
    "unusableIfStatusEffect": ["None"],
    "targetType": "single",
        "accuracy": "100",
        "initiative": "0",
    "power": "15",
        "minRange": "90",
        "maxRange": "110",
    "recoil": "0",
    "critDamage": "0",
    "critChance": "0",
    "statusEffect": "Aphrodisiac",
        "statusPotency": "12",
        "statusEffectScaling": "0",
        "statusDuration": "4",
        "statusChance": "100",
        "statusResistedBy": "",
    "statusText": "",
    "descrip": "",
    "outcome": "The aroma of Feng's sweat wafts through her stockings, as she keeps you suspended between her feet.",
    "miss": "",
    "statusOutcome": "The scent of her sweat fills your mind, and continuously arouses you.",
    "statusMiss": "",
    "restraintStruggle": [""],
    "restraintStruggleCharmed": [""],
    "restraintEscaped": [""],
    "restraintEscapedFail": [""]
}
