{
    "name": "AllynnaLoss",
    "CardType": "",
    "CardLimit": "0",
    "Description": "",
    "requires": [""],
    "Speakers": [
        {
            "name": "Allynna",
            "postName": "",
            "SpeakerType": ""
        }
    ],
    "EventText": [
        {
            "NameOfScene": "EventStart",
            "theScene": [
            "Allynna walks with you in her hands back to her bed, and sits down as she lets you rest atop her palm.",
            "She stares at you as she ponders all the things in the world she could do to you.",
            "Her eyes narrow on you as her lips curl up into a devious smile as she decides upon a course of action.",
            "Speaks",
            "For your failure to defeat me today, I will subject you to utter humiliation! Come with me, my new slave.",
            "She rises up off her bed and makes her way through a door you hadn't noticed previously, and enters into a tidy, white-tiled bathroom with a grand bathtub inside.",
            "She places you on the countertop of the sink and starts fiddling with a crystal that controls her bathtub, and you notice that as she walks away you aren't growing back to normal.",
            "You are brought back to reality by the sound of rushing water as Allynna starts to fill the tub, and she looks back at you and laughs at your confusion.",
            "Speaks",
            "Thought you would grow back? Don't be silly, as long as I'm focusing on my magic you will continue to be shrunk. So just accept your place and come here.",
            "As she walks over to you, her clothes start to glow as they float around her and slowly fall off her with each step, until she stands before you completely nude.",
            "Before you can react to the giant beauty her hand darts out and grabs you off the countertop, and she brings you up to her face. Her smiling face can't hide the heat of her breath, and the lustful thoughts in her head.",
            "She slowly wanders back to the bathtub with you in hand, and she turns off the water. She slowly dips one foot at a time into the water and slowly sits down and reclines into the bathtub, setting you down on a small dish with a partially used bar of soap.",
            "You stand there, torn between feeling confused and scared so you end up not moving. After a few seconds Allynna looks back at you and notices you haven't noticed.",
            "Speaks",
            "Well? I'm waiting.",
            "You look around at the dish you are standing on and at the water's surface, and you can't quite make out what you are to do.",
            "Speaks",
            "Come one already! We're in a bathtub and you're standing next to a bar of soap! Figure it out!",
            "With a clear goal and afraid of the giantess' wrath you try to pick up the bar of soap, but it is stuck to the soap dish and in your struggles you slip and fall into the bathtub.",
            "Allynna's laugh causes waves to crash about the tub, as she mocks your struggles to get back to the surface of the water.",
            "Speaks",
            "You poor fool, you can't even lift a bar of soap! How pathetic!",
            "Her hand starts to move through the water as you are barely keeping yourself afloat. You start to swim in a direction but the hand breaches the water just beside you and you tumble around as water crashes onto you.",
            "Head over ass, you surface after a few seconds only to be grabbed by the giantess and are pressed onto a bar of soap by her thumb.",
            "Allynna picks up the bar of soap and uses a simple spell to summon magical ropes that bind you to your soapy prison.",
            "She dunks the soap into the water and starts to rub her fingers into the soap, sudsing you up.",
            "She reclines into the bath and slowly starts to drag you underwater across her body.",
            "Allynna brings you to her collarbones, rubbing you up and down her arms and shoulders before she starts to bring you back to center, as if she were about to bring you down to her breasts.",
            "She swerves at the last minute and drags you across her chest before rubbing your face into her armpit. She works you into every inch of skin of her armpit, laughing the entire time before pulling you away.",
            "You instinctively take a deep breath as you are pulled away from Allynna's pits, but she immediately presses you into her breasts and rubs you in a circular motion around her breasts.",
            "She brings you to one of her nipples and holds you against her nipple, gently rubbing you back and forth as you hear her moan.",
            "You are lowered from her nipples to the underside of her breasts, scrubbing away constantly as she lowers you down her body to the plains of her stomach, where she momentarily presses your face into her bellybutton.",
            "Before she continues further down her body she uses magic to levitate the bar of soap and have it scrub all around her back, working her shoulder blades, her spinal column, and stopping just at her ass as she grabs the soap again and brings it to her legs.",
            "She slowly works you across her thighs, pressing you into the soft flesh as she moves you from one leg to the other, before repeating the process with her calves.",
            "She brings you back up her body instead of bringing you to her feet, and as she removes the bindings from your body you collapse, ragged and weary, onto her hand.",
            "The bar of soap travels and starts to scrub her feet as she brings you under the waters surface and starts to scrub you against her ass cheeks.",
            "Her soft ass doesn't feel bad, and under the water you simply choose to not breathe as she starts to rub you against the inside of her ass crack. Not content with that, Allynna brings your head up to her asshole, and presses your face into it to push you up to your shoulders inside her ass.",
            "She laughs at you again as you reflexively start kicking your legs to try and break free from her tightly constricting asshole. You make no progress and Allynna recovers from her laughing fit as she pulls your head out of her smelly hole.",
            "As she pulls you out she passes you by her pussy, but doesn't have you interact with it as she brings you to her freshly washed feet, and she starts to use her hands to rub you into her feet.",
            "She presses your body into her heel, working you into the flesh of her foot and slowly scrubbing you up into the arch of her feet",
            "Moving on, she works you across the balls of her feet, pressing and rubbing you constantly against the tough muscles before she brings you to her toes.",
            "She individually scrubs you between each toes, stopping to occasionally let her toes wiggle and scrunch on your body.",
            "As she brings you to the final space between her toes she brings her big and second toe together, holding you between them.",
            "Speaks",
            "What a wonderful addition to my bath you were! You'll have to come around for bathtime more often!",
            "She props her feet up on the lip of the tub, and reclines in the water. You look at her and notice that as her eyes close and she soaks in the warm, steamy water that her focus is no longer on you and you struggle against her toes.",
            "You struggle for a while against her feet, before realizing that even in her relaxed state Allynna's feet are too strong for you, and you stop as you bask in the steam rising off the bath.",
            "What feels like a long time passes before Allynna starts to move again, as she starts to sit up in the tub. As she sits up she pulls her feet into the water to sit with her legs crossed.",
            "You are plunged back into the pleasantly warm water, with Allynna's toes continuing their vice grip on you. You struggle for a few seconds before you realize that you don't feel the need to breathe, and you can relax as the water soaks into your tired body.",
            "Allynna stretches for a bit now that she's sat up and goes to drain the water. As she does so she stands up and steps out of the tub, bringing you and her foot onto a large, plush rug.",
            "She dries herself off from the top down, and when she gets to her feet she plucks you from between her toes and sets you on the countertop once again.",
            "You can do nothing as you watch the giantess dry herself off and slowly get dressed. Once she is clothed again she turns to you and knocks you to the floor.",
            "Speaks",
            "This was fun, we'll need to work on your service and worship skills in the future, but I'll always appreciate a bath buddy.",
            "She starts to walk away from you, as you recover from your sudden fall. You notice that as she leaves the bathroom she dismissively flicks her wrist at you, ending the shrinking spell and growing you back to normal.",
            "An immediate wave of exhaustion hits you, and you collapse and pass out right on her bath rug...",
            "ChangeFetish", "Feet", "5",
            "ChangeFetish", "Sex", "5",
            "ChangeFetish", "Ass", "5",
            "GameOver"
            ]
        }
    ]
}
