{
    "name": "DiminuendaLoss",
    "CardType": "",
    "CardLimit": "0",
    "Description": "",
    "requires": [""],
    "Speakers": [
        {
            "name": "Diminuenda",
            "postName": "",
            "SpeakerType": ""
        }
    ],
    "EventText": [
        {
            "NameOfScene": "EventStart",
            "theScene": [
              "Speaks",
              "But y'know, it just wouldn't feel as good if I picked out your punishment. So instead I'll have you select your own horrible punishment!",
              "Menu",
              "1. Armpit",
              "2. Feet",
              "3. Ass",
              "EndLoop"
            ]
        },
        {
            "NameOfScene": "1. Armpit",
            "theScene": [
            "Nervously, you try and point at Diminuenda's breasts, but as you do so she moves you around and starts to bring you up to her shoulder.",
            "You start to struggle and panic as she raises her arm, and holds you in front of her armpit. You can feel the heat radiating off of it as you catch a whiff of the sweaty scent coming from it.",
            "Diminuenda recoils at the scent of her own armpit, and starts to inch you closer and closer to the sweaty wall of flesh.",
            "Speaks",
            "Your punishment for this encounter will be to clean my armpits, my new deodorant stick.",
            "As she finishes giving you your task you find yourself near physically pressed into her armpit. The smell is overwhelming and causes you to gag as it invades your lungs and swirls in your mind.",
            "You hesitate for a second, but before Diminuenda gets aggravated at your slow pace you finally accept your role and extend your tongue and press it against her armpit.",
            "The salty taste of her sweat overwhelms you immediately, and you recoil in disgust as your sense are set upon by Diminuenda's armpit.",
            "You gag and cough as you take another lick, and Diminuenda laughs at effect her powerful scent is having upon you.",
            "Speaks",
            "What's wrong? Bit off more than you could chew? Well I won't let you off so easily!",
            "She laughs as she presses your face into her moist armpit, savoring the feeling as she slowly rubs your face in a circle.",
            "The motion of being rubbed ends up moving your head so much that your mouth is opens and allows the sweat from Diminuenda's armpits to force its way into your mouth and down your throat.",
            "You gag and fight against Diminuenda's grip, but her hand's grip is too tight and you can't focus as you are dragged across the horrendously smelling surface of her skin.",
            "Eventually, Diminuenda pulls you away from her armpit and revels as you cough and sputter, trying to recover from the experience you just endured.",
            "Speaks",
            "Chuuu, do you think you've learned your lesson yet, little bug? Because I think you still have a few things to learn, so I'll give you a few more minutes to dwell on your choices.",
            "You despair as you feel the hand holding you start to move again, and through the sweat on your face and in your eyes you see yet another wall of flesh approaching you, as Diminuenda rams your face into her other armpit.",
            "The experience is worsened as the moment you had to recover is abruptly ended. The smell that was lingering on your nose is replaced with the fresh, intense smell of Diminuenda's other armpit.",
            "Diminuenda continues to smear you across her armpit, laughing as she feels you shudder and recoil as bits of sweat fall into your mouth, causing you to rebel against the giantess.",
            "You feel for a moment the hand of Diminuenda loosen and you hope for a second that you can escape, but then a thumb presses you into the corner of Diminuenda's armpit. She then lowers her arm, sealing you within the sweaty prison.",
            "The heat, humidity, and stench are intensified as the light vanishes, replaced only by the darkness and the feeling of Diminuenda surrounding you.",
            "Any hope of fresh air dissipates as the only thing you can smell is Diminuenda's sweat, and you feel your body start to stick to the enormous body.",
            "Diminuenda starts to move her arm back and forth, tightly rolling your body across her armpit with glee.",
            "You feel like you are about to pass out from the exhaustion and her stench, but just before you lose consciousness Diminuenda raises her arm and lets you fall out into her hand.",
            "She looks at your with a smirk, before letting you fall out of her hand and you hit the floor with a thud.",
            "Speaks",
            "Fufufu, I hope you learned a valuable lesson about the dangers of challenging me. If you come around again I'll be more than happy to give you another lesson.",
            "As she finishes speaking she sits back down onto her chair to watch as you grow back to your normal size. The toll on your body is too much and instantly you pass out, warping safely back to town...",
            "ChangeSensitivity", "Sex", "10",
            "GameOver"
            ]
        },
        {
            "NameOfScene": "2. Feet",
            "theScene": [
            "As you point down at Diminuenda's feet she lets go of her grip on you and you find yourself in a free fall.",
            "You fall past her long, black stocking clad feet and land on the ground with a quiet thud. You start to stand back up but find yourself pinned to the ground by the socked foot of Diminuenda.",
            "Diminuenda's big toe presses against your face, with the ball of her foot crushing against the rest of your body, forcing you to endure the sweaty, humid scent of her feet.",
            "You start to struggle against Dimi's foot, and even with the lazy amount of weight she's keeping on you, you cannot break free. In fact, your struggles seem to be amusing to the powerful giantess.",
            "Speaks",
            "Tsk tsk tsk, for all your efforts in stopping me, is my foot alone really too much for you to handle? Then perhaps I will break your spirit with my foot.",
            "As she says this, Diminuenda begins to rub her big toe against your face, covering you with the dampness of her sock and forcing your mouth open just enough to allow you to taste the sweat on her sock.",
            "You gag as the sweat is forced into your mouth. You can't spit it out in your situation so you force yourself to gulp down the salty liquid. The sensation sends a shiver down your body and causes you to physically shake in disgust. Diminuenda starts to laugh at your suffering.",
            "Speaks",
            "Ho? Is the taste of my feet really that bad? Or perhaps you simply need to taste it more to really appreciate their flavor and fragrance? One second, and then you can start to lick to your heart's content.",
            "You can't see what's happening beyond the large black sock covering your vision, but soon you feel the foot lift off you, only to be swiftly replaced by a nude foot, lightly coated in a layer of sweat from being in a thick sock all day.",
            "Rather than trap you under the ball of her foot again, Diminuenda traps you under both of her feet, connecting her toes and the balls of her feet so they form a dome around most of your body.",
            "You begin to slowly stand up, making your way through the gap between the arches of her feet, and you make eye contact with Diminuenda as she shoots you a satisfied smirk.",
            "Looking around, you can tell she's prepared for any actions you might make. Resigned to your fate, you crouch down beneath her domed feet and start to lick her soles.",
            "The smell may have been bad underneath a single foot, but the combination of her feet surrounding you keeps in more of the smell, and the taste of her barefoot on your tongue is enough to make you gag again.",
            "Instead of retching, you manage to push on and continue licking her foot, desperate to avoid a crueler fate.",
            "Her sweat completely coats your tongue and face, and you slow down at this point as your throat starts to dry up and your exhaustion starts to overwhelm you.",
            "Speaks",
            "Is this really all you're good for? You can't even satisfy one foot!",
            "Afraid of the giantess, you weakly bring your hands up to her sole and start to massage the giant wall of flesh, coating your hands in the layer of sweat immediately.",
            "Diminuenda scoffs at this gesture, and stands you up with her feet before crushing your body between the balls of her feet, and holding you aloft.",
            "Your chest and lower body is being crushed by the hold of Diminuenda's feet, while your head is sandwiched by her big toes.",
            "Diminuenda grinds her big toes back and forth across your head, depriving you of air, and what little air you do receive is infected with the powerful scent of her feet.",
            "Your mind starts to swirl, you can't even resist anymore as you start to go limp. All you can do is perceive the feet of the giant woman.",
            "The effects of the curse won't let you pass out, or even feel pain as Diminuenda keeps the pressure on you, and at this point you just wish you could end this by passing out.",
            "Speaks",
            "Hit your limit? Then I guess we will call it here for the day. I don't need my research interrupted by people trying to get revenge for you.",
            "You feel the pressure relent on you as the toes stop pressing down on your head, and you can finally take a breath.",
            "This is short-lived as Dimi tosses you into the air with her feet, and as you descend from the throw Diminuenda lazily swings her foot into your falling body, sending you sailing across the room.",
            "You skid and bounce across the floor before coming to a stop, and can feel the enchantment end on you as you see Diminuenda look at you with derision as you pass out...",
            "ChangeFetish", "Feet", "10",
            "GameOver"
            ]
        },
        {
            "NameOfScene": "3. Ass",
            "theScene": [
            "You point at Diminuenda's pelvis, hoping that she'll just masturbate with you and let you go, but your hopes sink as she starts to bring you around to her rear, showing off her sizable ass to you with a smirk.",
            "Speaks",
            "Fufufu, well I hope you enjoy this one as much as I do.",
            "She uses her free hand to move aside her black panties and pull on her ass cheeks, revealing her tight asshole to you.",
            "Diminuenda starts to move you towards her asshole, filling you with a growing sense of dread as her asshole twitches and moves with anticipation.",
            "You start to struggle against her hands, but the exhaustion throughout your body ensures you can't beat her hands.",
            "Speaks",
            "Hey now, you chose this fair and square, just relax and I will give you your punishment.",
            "Your head makes contact with her asshole, the smell of her ass starts to invade your nose and makes you cough at the intensity of the smell.",
            "Diminuenda starts to press your head against her asshole, but it's tight enough that you don't easily push through on her first try.",
            "She starts to push harder, smearing your face into the tight, slightly oily flesh. You wish you could gag at the feeling on your skin, but don't want a mouthful of her ass flesh.",
            "With one final push, Diminuenda manages to push your head through the opening of her asshole, and the world goes dark around you as you are forced to endure a smell that's worse than the outside.",
            "Diminuenda shivers and moans gently as she feels you push through her asshole, which results in her already tight asshole constricting around you.",
            "The motion of her asshole tightening against you causes more of your body to be fed into her hungry ass, and you end up with your shoulders and most of your arms inside her.",
            "With enough of your body inside her, Diminuenda releases your body, letting your legs dangle from her asshole as she lets her other hand let go of her ass cheeks.",
            "Speaks",
            "How pitiful, I thought I would have to push you the rest of the way in, but it seems my ass will be able to devour the rest of you on its own.",
            "As she says this, her asshole flexes again and you can feel more of your body start to be dragged inside of the cavernous space.",
            "You feel your torso fully slide past her asshole, and start kicking your legs to keep yourself from being completely devoured by Diminuenda's ass.",
            "Your struggles only serve to pleasure the giantess further, as she moans again before flexing a few more times to pull the rest of your shrunken form into her ass.",
            "As you are pulled into the ass of Diminuenda, you stop and try to regain your strength inside the smelly prison.",
            "Speaks",
            "I don't feel you moving in there... You better start worshipping my ass before your punishment really begins.",
            "Wearily, you gather yourself and start to reach out and start to massage the tight, pulsating walls that reek with a horrid stench.",
            "Your efforts are short-lived as Diminuenda flexes her ass, constricting the tunnel you are inside and sealing your arms against your body, you hear a booming voice echo around you telling you to use your mouth.",
            "With no other option, you purse your lips and kiss the smelly, slightly oily walls of Diminuenda's ass. You can't even tell if Diminuenda can feel your actions against her, or if she's just getting off on the feeling of power over you.",
            "The walls shift and move as Diminuenda squirms in her seat, rubbing and pressing on you with each movement. You feel battered and tired, and your body longs for fresh air to grace your lungs instead of smelling the horrid stench of a giant ass.",
            "Your exhaustion gets the better of you, and you stop trying to service the giantess. You hear her yell at you from above.",
            "Speaks",
            "Did I say you could stop? Are you so pathetic that a few minutes inside my ass is enough to defeat you? Then I guess we will start with your true punishment!",
            "You feel your confines start to vibrate, as you hear Diminuenda's stomach rumble and feel her body prepare for something horrific.",
            "In desperation you start to kiss and lick at the walls of her ass again, hoping that what little pleasure you can bring will spare you from what is about to happen.",
            "Diminuenda laughs as she declares that you are too little, too late. Your heart sinks as the rumbling returns and a powerful, hot gust of wind blows through her colon. The force of the blast sticks you to her colon, forcing you to endure the rushing winds.",
            "The smell is horrifying and overloads your sense. You can't move your body at all as you struggle to deal with the putrid odor that forces its way into your mouth and nose, and crawls down to your lungs. You cough and gag at the smell, but this only seems to entice Diminuenda further.",
            "She laughs, enjoying the feeling of you suffering against her fart, and despair as you hear and feel another fart preparing above you.",
            "You find yourself too weak to move or struggle at this point, and another fart rockets through Diminuenda, forcing the noxious gas to wash over you and force its way into your body again. However, the force of this one lifts you up and sends your feet into Diminuenda's asshole.",
            "Hope fills you for a second as your feet touch fresh air, and your struggles are reignited. Diminuenda laughs and stands up to bend over her chair, displaying her ass to the room as she tells you to struggle all you want.",
            "Her asshole twitches and occasionally removes your progress, but you manage to eventually get up to your knees outside of the giantess.",
            "Diminuenda decides she's had enough fun with you, and with more rumbling in the distance you brace yourself. The fart slams directly into your face, the hot gas would have choked you out were it not for the curse at this point. The force of the fart pops you like a cork out of Diminuenda's asshole as you go sailing across the room.",
            "You land on the floor with a pathetic thumping noise, and start to take in huge gasps of fresh air as Diminuenda laughs at you. She doesn't make a move except to sit down as the curse slowly grows you back to normal.",
            "Your feelings of joy at being normal sized are short-lived as you near immediately pass out, and your recall stone brings you back to town...",
            "ChangeFetish", "Ass", "10",
            "GameOver"
            ]
        }
    ]
}
