{
    "name": "GiantElfLoss",
    "CardType": "",
    "CardLimit": "0",
    "Description": "",
    "requires": [""],
    "Speakers": [
        {
            "name": "Giant Elf",
            "postName": "",
            "SpeakerType": ""
        }
    ],
    "EventText": [
        {
            "NameOfScene": "EventStart",
            "theScene": [
              "DisplayCharacters",
              "1",
              "EndLoop",
              "Your struggles weaken as you finish cumming, and to your horror you hear a laugh begin to echo around you.",
              "|f|ChangeImageLayer|/|Expression|/|Smug|n|",
              "Speaks",
              "Hahaha, you can't even escape my pussy, can you? I hope you're ready for what comes next, cutie.♥",
              "Wearily, you begin to ponder what she could mean by that, before you notice something cover the opening to her vagina. The Elf has put on a pair of tight-fitting panties to seal you in! You try to struggle again to lower yourself out of her, but it's too late as you feel the giant Elf begin to move.",
              "Her normal, everyday movements feel like earthquakes to you, as each movement of her legs shifts her entire pussy, forcing the walls to shift and squirm all around you.",
              "|f|ChangeImageLayer|/|Expression|/|Lewd|n|",
              "The Elf is unaware of the torture you are enduring, as she happily walks to a small cabin in the woods, and quickly enters as her face contorts into a lustful glare.",
              "Speaks",
              "Ahhh, now that I don't have to worry about anyone finding you, let's get you out of there!♥",
              "Your world shakes again as the Elf throws herself onto a plain, neatly made bed. She rids herself of her panties as she fishes her fingers into her vagina, and pulls you out by your feet.",
              "You emerge from the giant pussy soaked through and through, and as the Elf places you in her palm you take several seconds to wipe her juices from your eyes so you can look around.",
              "Your eyes scan the tidy room, decorated with various trinkets and baubles. You can't get a good look at any of them as your attention is continuously drawn towards the massive blonde holding you in the palm of her hand.",
              "The pale, blonde-haired woman watches your every movement, her eyes betray the lust that her warm smile is hiding. You glance over her body and are taken aback by how smooth her skin is, how much larger her breasts appear at your new size. You have been truly dwarfed by this woman.",
              "You look up at her with caution, knowing full well that the lustful elves would take advantage of you at full size, you know that you are in for the long haul at this size.",
              "You slowly stand up and are about to try and make conversation with the Elf, before she purses her lips and fires what feels like a powerful gust of wind from her mouth at you.",
              "|f|ChangeImageLayer|/|Expression|/|Smug|n|",
              "The force from her breath makes you lose your footing and you stumble ass backwards until you fall back onto her palm. The Elf mockingly laughs as you look back up at her.",
              "Speaks",
              "Teeheehehehe, this is everything I wanted from this spell.♥ You're so cute and now, no one ever has to know where you went. I'll keep you here forever as my new little pet.♥",
              "Your skin goes cold at the Elf's words. How could she be so cruel? How does she know a shrinking spell? Why hasn't your return stone gone off yet?",
              "You refocus, you need to get far enough away from her for the spell to deactivate, and pray that the recall stone will whisk you safely back to town once you're normal sized.",
              "You start to examine your options, and decide on what to do.",
              "Menu",
              "Leap from her hand and run under her bed.",
              "Try and seduce your way out of this mess.",
              "Bite her hand and try to escape.",
              "HideOptionOnRequirementFail", "InverseRequirement", "RequiresPerk", "LittlePet", "Something feels off(Long event sequence)",
              "EndLoop"
            ]
        },
        {
            "NameOfScene": "Leap from her hand and run under her bed.",
            "theScene": [
              "StatCheck",
              "Technique",
              "18",
              "TechPass",
              "Fail",
              "TechFail",
              "EndLoop"
            ]
        },
        {
            "NameOfScene": "TechPass",
            "theScene": [
              "|f|ChangeImageLayer|/|Expression|/|Shock|n|",
              "You get a running start and leap from the hand of the Elf as she rapidly closes her fist. You time your leap at just such a moment that you sail between the closing thumb and index finger of the giant hand.",
              "You sail through the air for multiple seconds as the Elf is slow to process your escape attempt, and as you land and bounce on her soft bed you quickly roll forward  to preserve your momentum.",
              "Soon you arrive at the edge of her bed, as she starts to move after you you realize that it is now or never as you leap from the bed, hoping that this amount of space will allow the spell to wear off.",
              "Narrowly avoiding the second grab attempt by the lustful Elf, you sail through the air before you feel a tingling sensation run through your tiny body, and you start to grow back to normal size in midair as you collapse to the ground in a heap under your new weight.",
              "|f|ChangeImageLayer|/|Expression|/|Shock_Blush|n|",
              "As you collapse to the floor the pinkish light in the Elf's eyes fades away, and she looks at you for a moment in baffled confusion.",
              "Speaks",
              "Huh? When did I bring a human home? Aah! D-Did you accept to make me your bride?!",
              "The Elf seems to not remember a single moment of the forest encounter, or even her words from a few moments ago. Your head starts to throb and the exhaustion of the battle in the forest starts to overtake you, and you can feel the recall stone start to activate in your pocket.",
              "You close your eyes peacefully as you are thankful that this Elf was too clumsy to keep a hold of you, and await your return to town.",
              "ChangeFetish", "Sex", "5",
              "GameOver"
            ]
        },
        {
            "NameOfScene": "TechFail",
            "theScene": [
              "You break for it, trying to run off the giant Elf's hand and onto her bed below, but she reacts before you can, and she quickly closes her grip back around you, leaving you in her fist with only your head exposed.",
              "|f|ChangeImageLayer|/|Expression|/|Angry|n|",
              "Speaks",
              "Tch, is that anyway for a pet to behave? I haven't even had you for a full day and already you are being so naughty! I think I know exactly what to do with a misbehaving little pet!",
              "Her words are stern as her tight grips forces the air from your lungs, but thanks to the enchantment it doesn't do much more than that.",
              "Your concern, however, is how fast she is moving you back towards the pussy you were previously held captive in.",
              "She brings you to the opening of her pussy, stopping just short as she lets the heat emanating from it wash over you. The stench and heat pulsing from it is enough to already make you lightheaded as exhaustion from before covers your body.",
              "She inches you closer to her pussy, until your face brushes against her lips as you hear her command you from above.",
              "|f|ChangeImageLayer|/|Expression|/|Tsun|n|",
              "Speaks",
              "You better learn to serve your master and owner, and the first thing you can do to learn your place is to start licking!",
              "The Elf's tone is serious, and in order to keep yourself as safe as possible you decide to bite the bullet and please the enormous woman.",
              "You reach out with your tongue, and try your hardest to barely reach her pussy. You try licking at it, but it's clear that at this size your tongue is barely tickling her.",
              "|f|ChangeImageLayer|/|Expression|/|Angry|n|",
              "Speaks",
              "Is that really the best you can do? Maybe it was too much to expect from your tongue alone... How about we try this?",
              "Your world is shaken again as the Elf adjusts her seating position, with her feet pressed together so her legs form a small arena that the Elf deposits you in.",
              "She is seated on the bed in such a way that her pussy sits at about your level, it almost seems to beckon you as her breathing makes it expand and retract slightly.",
              "Speaks",
              "If you want to make up for your mistakes, how about you prove you can satisfy your new owner?",
              "You stand in between her legs, as the bed gives you a hard time standing up you slowly approach the lust-crazed giantess. You make it to her pussy after a couple seconds of traversing the bed and start to feel her pussy with your own hands.",
              "It feels warm, and the juices that usually help to lubricate your experiences now coats your arm as you force her pussy open with all your strength and begin forcing yourself into the cavernous vagina.",
              "You manage to get your torso into the giant vagina, as the Elf moans as you penetrate her with your body. Her pussy starts to pulse, with each movement slowly dragging you in further and further, as your feet leave the bed you are brought full body back into the Elf's pussy.",
              "|f|ChangeImageLayer|/|Expression|/|Lewd|n|",
              "Your prison shakes as the Elf moans at your entrance, and the intensity of the shaking causes you to move around, pulling you slightly deeper into her pussy as your body is submerged in her love juices.",
              "Speaks",
              "Hah, hah, I knew you would feel just right in there. Now, make sure you get serious in there, or else...",
              "She doesn't finish her sentence, she merely clenches her pelvic muscles and lets the walls of her pussy constrict around you to serve as a warning for your failure.",
              "The pressure relents and immediately you start to struggle with all your might, working your arms and legs as you try and feel up the walls of your fleshy prison, trying to please the Elf.",
              "Your movements have immediate effect as the Elf's moans increase in volume, rattling you as they travel through her body to reach you. You don't let this slow you down as you continue your frantic movements.",
              "You squirm and squirm for what feels like minutes before you simply can't continue due to exhaustion from your battle earlier, and you struggles end as the Elf sighs to herself.",
              "|f|ChangeImageLayer|/|Expression|/|Smug|n|",
              "Speaks",
              "Huh, I guess even with a rest period like that I can't expect much from you, well instead of punishing you I'll just finish myself off since you got me so close.",
              "For a moment you feel relief as the Elf grabs your feet and starts to pull you out, before the pulling force changes to a pushing force, and she pushes you deep inside herself.",
              "|f|ChangeImageLayer|/|Expression|/|Lewd|n|",
              "You reach near the edge of her pussy as she uses her long fingers to grab your feet and push you around her pussy, before pulling most of your body out, and rams you deep back into herself.",
              "She settles in a fast paced rhythm as she masturbates using your tiny form, and with each ramming motion the Elf's cries of pleasure intensify, slowly building.",
              "For you the experience is intense, the constant back and forth motion would give most others nausea, the pressure from her constricting pussy would crush you if not for the curse, and yet you find the experience exhilarating.",
              "|f|ChangeImageLayer|/|Expression|/|Incoherently_Lewd|n|",
              "Her actions continue until she lets out one last cry and in her orgasm she releases you, and her pussy crushes around you as she experiences a truly intense orgasm.",
              "She is left shaking from the encounter, and soon the pressure in her pussy relents as you feel her position changing from sitting to laying down.",
              "Speaks",
              "Hah, hah, haaaaa. That... felt... so good... Maybe a quick nap wouldn't hurt... Goodnight, pet.",
              "Moments pass until you feel the Elf's body slow down, and soon she begins to snore as you slowly try to work your way out of her pussy.",
              "Each action you take on her delicate parts is done with care, as you try to not alert the Elf into waking up.",
              "Several minutes of slow movement until your feet finally find the outside world again, and a few more until your body is out and you land in the indent made by her ass in her bed.",
              "Wasting no time to admire the pale full moon in front of you, you make your way away from her body until you make it to the edge of her bed. You feel exhaustion overtake you as you consider climbing down her bed.",
              "Luckily, you feel a tingling sensation overtake you as you slowly grow back to your original size while on the Elf's bed.",
              "Your fatigue hits you and soon you find yourself passing out onto her nude form as you wait to arrive back in town.",
              "ChangeFetish", "Sex", "10",
              "GameOver"
            ]
        },
        {
            "NameOfScene": "Try and seduce your way out of this mess.",
            "theScene": [
              "StatCheck",
              "Allure",
              "16",
              "AllurePass",
              "Fail",
              "AllureFail",
              "EndLoop"
            ]
        },
        {
            "NameOfScene": "AllurePass",
            "theScene": [
              "You shout up to the Elf, and gathering all your charisma and strength of nerve, you tell her that you have a special way of making her feel good, and that you just need a second to prepare yourself..",
              "You pray the Elf buys your ruse and puts you down somewhere so the spell will wear off.",
              "The Elf puts a finger to her face as she thinks about what you said, before her face lights up in excitable agreement.",
              "|f|ChangeImageLayer|/|Expression|/|Lustful|n|",
              "Speaks",
              "That's a good little pet! I knew you'd be eager to serve your new master!",
              "Speaks",
              "Let me just set you down on this desk over here, and I'll go see if I can find a cage for you to sleep in.♥",
              "The Elf wanders away after setting you on what would normally be a small wooden desk, and after just a few seconds of her walking away you feel a tingling sensation course through your diminutive form.",
              "Your body slowly starts to regrow, until finally you return to your original size.",
              "You stretch your tired limbs as a wave of exhaustion overtakes you, and you can feel the recall stone begin to activate in your pocket. Thankful, you close your eyes and wait for your return to town.",
              "Just before you vanish, you hear the Elf wondering aloud what she was doing, and see that the pink light behind her eyes has vanished.",
              "ChangeFetish", "Sex", "5",
              "GameOver"
            ]
        },
        {
            "NameOfScene": "AllureFail",
            "theScene": [
              "|f|ChangeImageLayer|/|Expression|/|Extra_Smug|n|",
              "The Elf smirks as you try to seduce her with the promise of you servicing her, and her eyes light up as she examines your body a bit more closely.",
              "Speaks",
              "Ahhh, you look much cuter now that you're stripped down like that. I see I even have an admirer.",
              "You look down sheepishly as the Elf coos at your erect cock, slowly recovering from the experience in the Elf's vagina.",
              "Speaks",
              "I imagine it's more mighty looking at your normal size, but right now everything about you is just so cute, it makes me wanna...",
              "She bites her lip as she stares at your naked, tiny form before she moves you to her top, barely containing her now boulder sized boobs.",
              "Speaks",
              "I have an idea for what I want to do with you, and I think you'll have a blast with it too. Just stay here for a second.",
              "She pulls her top away from her breasts for a second, depositing you into one of the cups as you admire her boobs. She lets the fabric go and it almost snaps back into place, pinning you against the bouncy flesh.",
              "You are pressed against her warm breasts as you feel the giantess stand up. Each movement she takes causes her breasts to jiggle a little usually, but now every jiggling motion feels like an earthquake as her flesh presses down on you.",
              "She walks all around her tiny home as she seems to be searching for something, muttering to herself about losing such an important thing.",
              "Eventually her top opens up again as she fishes you out from your boob prison, and you see the Elven giantess beaming down at you with a smile.",
              "|f|ChangeImageLayer|/|Expression|/|Lewd|n|",
              "Speaks",
              "I got it! I got something that'll be sure to help you in your quest of pleasing your master!",
              "She reveals her other hand, holding a cutesy pink dildo that is practically as tall as you are.",
              "Speaks",
              "It's your ally for this next battle! I'm sure it'll be of great use to both you and me.",
              "Speaks",
              "Your quest is simple: you and this dildo here will try to please me into cumming, and if you do a good enough job I won't force you to sleep inside my pussy, but on this bed with me! Aren't I a benevolent master?",
              "Speaks",
              "Hmmm, now I wonder where you'll wanna go? Ahh who am I kidding, you're gonna back to your rightful place!",
              "You panic for a second as her hand swings down fast towards her pussy, still dripping wet from her encounter with you earlier. She presses your face against her warm sex and begins to rub you up and down her pussy's lips.",
              "Speaks",
              "Ahhh, I can't wait to feel you squirm inside me again.",
              "She sensually rubs you against her lips for a few seconds more before she shoves you into her, forcing your torso and head to penetrate her pussy once again. Once you are firmly inside she lets go of your lower half and uses the tip of her finger to slide you the rest of the way in.",
              "As she pulls her hand back from you, you feel her body shake in pleasure as you try to situate yourself. You feel a rumbling as the Elf lets out a quiet moan, before she sits down on the bed and positions her rear for her dildo.",
              "Her movements shake your prison, and as she lies down you feel a sense of vertigo as everything shifts and rotates around you.",
              "The Elf settles onto her bed before she holds her dildo up to her asshole, toying with herself for just a moment before she slowly inserts the tip of it. She pushes for a moment before retracting, and plunging it deeper inside.",
              "She repeats this process until she's certain she can fit the whole thing inside, which at that point she presses it into her ass with a great amount of force.",
              "On the inside you can't see what's happening, but you feel the dildo entering her ass as one of the walls around you starts to bulge in and press on you bit by bit, before a sudden amount of force presses her pussy wall into you.",
              "The walls around you constrict and loosen as the Elf pounds herself with her dildo, making you unwillingly shift and squirm around as you try and endure the rapid movements of the squishy walls beating on you from all sides.",
              "Her moans reverberate through her body, making sure you feel each one as she starts to speed up her use of the dildo, and soon lets her fingers invade her pussy as they push you around, rubbing you against the tightly compressed walls.",
              "|f|ChangeImageLayer|/|Expression|/|Incoherently_Lewd|n|",
              "Your body feels exhausted, barraged constantly by the powerful sex of this giant Elf, enduring the heat of her pussy, and now the tag team of her dildo and her fingers thrashing you around proves to be too much as you feel yourself fading.",
              "Just before you pass out you feel the Elf cry out in pleasure as a wave of her love juices flood out and start to push you out of her vagina. Her fingers retreat as well, and you find yourself deposited onto the bed, covered from head to toe in her slick juices.",
              "The Elf lays on her bed, panting. The dildo is pushed deep into her ass as her eyes flicker with exhaustion. She manages to look at you and gives you a smile before she nods off.",
              "Speaks",
              "Such a good little pet. I hope you'll be ready to do this tomorrow, and the next day, and every day from now on.",
              "Her eyes close and after a few more minutes you hear snoring from the giantess, as you scramble to find your clothes and quickly dress yourself, before you also pass out on the giant bed.",
              "You find the clothes in the pocket of the giant Elf, and as you finish dressing yourself you run to the edge of the bed, and jump before you pass out from exhaustion.",
              "You grow back to normal size in midair and hit the floor with a dull thud. Thankful to be yourself again you whisper thanks to the goddess and pass out.",
              "ChangeFetish", "Sex", "10",
              "GameOver"
            ]
        },
        {
            "NameOfScene": "Bite her hand and try to escape.",
            "theScene": [
              "StatCheck",
              "Power",
              "15",
              "PowerPass",
              "Fail",
              "PowerFail",
              "EndLoop"
            ]
        },
        {
            "NameOfScene": "PowerPass",
            "theScene": [
              "Acting fast you go to the edge of her hand and bite the flesh between her thumb and index finger with all your might.",
              "|f|ChangeImageLayer|/|Expression|/|Shocked|n|",
              "With a yelp the Elf moves her hand at fast speeds, flinging you off her hand and sending you sailing into the middle of the room.",
              "You strike the floor with a thud, and roll a little bit as the wind is knocked out of your system by the impact.",
              "You come to a stop on the floor and soon feel a tingling sensation overtake your body, regrowing back to your normal proportions before long.",
              "You sit up only for a wave of exhaustion to wrack your body. Your eyes grow heavy as you notice the pink light in the Elf's eyes fades.",
              "She looks around for a second, lost in thought as to how she got back to her house when she was just in the forest.",
              "You fade away as she holds her hand, wondering why it feels like she was bit, before noticing you as you finally fade away.",
              "ChangeFetish", "Sex", "5",
              "GameOver"
            ]
        },
        {
            "NameOfScene": "PowerFail",
            "theScene": [
              "You rush over to the edge of the Elf's hand and bit down on the skin between her thumb and index finger as hard as you can.",
              "|f|ChangeImageLayer|/|Expression|/|Angry|n|",
              "Your plan instantly backfires as she clenches her hand tight, immediately gripping you hard enough to knock the air out of your tired body.",
              "Speaks",
              "OW! What do you think you're doing, you ungrateful little pest?!",
              "Speaks",
              "Maybe you need to learn a lesson in who is in charge around here!",
              "You are unable to respond as her grip limits your ability to breathe, and you feel sick as she spikes you down onto the floor in front of her feet, bouncing with a small thud as you land.",
              "Before you get the change to recover from the impact a shadow covers your body as the Elf raises her foot above you, before bringing it down with a vengeful stomp.",
              "The ball of her foot slams down onto you, crushing you into the wood floors and knocking the air out of you. The Elf forces more weight onto her foot as she scowls at you.",
              "Speaks",
              "I'll make you learn your place, and make you learn the consequences of trying to escape from me.",
              "Her big toe and second toe part and land by your sides, before crashing down and catching you between them. Her toes scrunch together as the Elf starts to walk around with you between her toes.",
              "She wanders around her room without a purpose, relishing the feeling of you struggling between her toes with every step she takes.",
              "Her massive toes press on you from the sides as you are forced to stare up at the Elf's titanic body. Her immodest skirt provides a clear look at her pussy which had defeated you earlier.",
              "Trying to look beyond her pussy and ass inbetween her steps you see her revealing shirt shows off her boobs well, which also obscure her face.",
              "As you study the gargantuan body of the giant Elf, she moves her feet yet again as she collapses onto her bed, propping her feet up onto a stack of pillows as she does so.",
              "The quick movements disorient you as your world swings around until you see the Elf lying down , looking at you with a satisfied grin on her face.",
              "Speaks",
              "Ahhhh, you felt great between my toes while I did some chores, but I bet you'll feel even better now that I wanna relax. Be a dear and kiss my feet.",
              "The toes clamped down around you let go and you tumble backwards onto the pillow underneath her feet. You turn for a second and gaze up at her feet, which easily stand many times your size.",
              "Her toes wiggle mockingly as she asks again that you kiss her feet while she relaxes, but you turn to run, hoping to unshrink and finally escape this giantess.",
              "Your hopes are immediately dashed as the giantess flattens her foot onto the pillow, easily catching you in your escape attempt.",
              "Speaks",
              "Ugh, have you still not learned? You're. Not. Going. Anywhere.",
              "With each word in her sentence her foots bounces on top of you, but the pillow absorbs the shock from her foot.",
              "Her foot presses down onto your body, the ball of her foot covers your face, and you begin to find it hard to breathe.",
              "Speaks",
              "I'm not gonna lift my foot off of you until you can show your master some appreciation! You're gonna kiss my feet until I'm convinced you've learned your lesson!",
              "Her foot relaxes against your body just enough to allow you to free your face. You struggle for a second but can't muster the strength to fight against the overwhelming foot of the giantess.",
              "Seeing no other option for escape, you pucker your lips and start to kiss the ball of the giant foot. You wait for a second to see if there's a reaction from the Elf, but she does nothing.",
              "Hesitantly, you kiss her foot again and again until finally you hear the Elf laugh, shaking your prison as she does so.",
              "Hahahaha, that tickles. You did so well, maybe you've finally learned your place? Hmmm, maybe I should be sure...",
              "She lifts her foot off you for a moment, letting a moment of sweet, fresh air rush into your lungs before her big toe descends onto your face, and blocks out everything as it suffocates you.",
              "Speaks",
              "If you can survive under my toe for just one minute I'll finally forgive you, and I'll even give you a bath afterwards.",
              "Her toe presses down on you hard, crushing you into the pillow. It's tough as what little air you can grab comes mixed with the scent of her foot, slightly sweaty and dirty from her walk in the woods prior.",
              "It feels like an eternity as you battle to stay awake, but soon enough the Elf fully lifts her foot off of you, and picks you up off the pillow as she beams down at you.",
              "Oh look at my little fighter, you managed to survive my sweaty foot. I think you deserve a bath after that. Let me go get something to wash you up in.",
              "The Elf places you down on the bed, and leaves the room for a moment. As she leaves you feel both exhaustion and a tingling sensation course through you. Moments later you find yourself collapsed on the bed of the Elf at normal size.",
              "Your body can't keep itself awake, however, and you quickly fall asleep as you hear the Elf humming as she looks for something in the next room.",
              "ChangeFetish", "Sex", "5",
              "ChangeFetish", "Feet", "5",
              "GameOver"
            ]
        },
        {
          "NameOfScene": "Something feels off(Long event sequence)",
          "theScene": [
            "Your body tenses as your brain rushes with ideas on how to escape from the lustful Elf. However, just as you try to begin your attempt to move forward in escaping you feel your body run hot and you drop to your knees on the Elf's hand.",
            "Her face goes pale with horror as she moves you closer to her face. Her bright red eyes are filled with concern as you try to catch your breath, feeling the sudden sensation pass from your body. The Elf watches as you slowly transition to a sitting position on her hand and she finally speaks out to you.",
            "Speaks",
            "A-Are you okay? Do you need anything? Let me get you some water.",
            "The Elf sets you down onto a small table near her kitchen as she looks for an object that can be used to serve you water at your current size. As she does this, you wait expectantly for you to return to normal size. However, as you watch the frantic Elf dig through her cabinets, you slowly realize that the shrinking spell isn't reversing.",
            "You sit there confused, trying to understand what caused this change. You are so deep in thought that when the Elf comes back and gently lowers a small mug that seems to come from a dollhouse in front of you. You crane your neck up to look at the Elf who gives you an apologetic smile as you sip water from the cutesy mug.",
            "Speaks",
            "I'm really sorry, but I didn't have anything else to give you except an old cup from my dollhouse set when I was little. I did make sure to clean it out at least before serving it to you.",
            "She gives you a weak smile as you finish the water and set it back down on the table. You look up at the Elf as she takes a seat at the table. She slowly extends a hand out to you and lays it flat on the table in front of you. You still sense her lust and desires for you, but you also feel a tender and genuine love emanating from her.",
            "Slowly, you step onto her hand and allow her to bring you up to her face again as her lips curl up into a joyous smile. She loses control of her excitement momentarily as she rushes you to her lips and bombards your body with many kisses.",
            "Speaks",
            "Oh thank you thank you thank you thank you!♥ I promise you that it won't be so bad living with me!",
            "Speaks",
              "Oh, and just so we're on a first name basis, you can call me Ayla if you want, but maybe Master or Goddess would suit me better. Wouldn't you agree?",
            "You let out a nervous chuckle and nod along, and Ayla leaves you atop her nightstand.", 
            "SleepPlayer",
            "SetChoice", "2", "Live as a Pet",
            "GivePerkQuietly", "LittlePet",
            "JumpToEventThenScene", "ElvenPet", "StartMenu"
          ]
      },
      {
        "NameOfScene": "Leap from her hand and run under her bed.",
        "theScene": [
          "StatCheck",
          "Technique",
          "18",
          "TechPass",
          "Fail",
          "TechFail",
          "EndLoop"
        ]
    }
    ]
}
