{
    "name": "GiantMikaLoss",
    "CardType": "",
    "CardLimit": "0",
    "Description": "",
    "requires": [""],
    "Speakers": [
        {
            "name": "Giant Mika",
            "postName": "",
            "SpeakerType": ""
        }
    ],
    "EventText": [
        {
            "NameOfScene": "EventStart",
            "theScene": [
            "You eventually start to stir, finding yourself still somewhere in the forest dungeon. As you start to rouse yourself you try moving only to find that you've been tied to something standing upright.",
            "Your eyes start to focus as you start taking in your surroundings. You've been placed on what appears to be a bedside stand, and you're gazing out at a plush looking bed containing the still nude Mika, who appears to be reading a magazine.",
            "DisplayCharacters",
            "1",
            "EndLoop",
            "She glances over at you and her eyes light up as she realizes that you're awake.",
            "Speaks",
            "Oh well finally, seems like you were having a pretty good nap so I decided not to disturb you! But I hope now you're ready to uphold your end of our little bargain.",
            "She reaches over and grabs whatever you are tied to and brings it to rest on her stomach, allowing you to see glimpses of her face through the gap in her breasts.",
            "Speaks",
            "Y'know, it'd probably be really hard to have you get me off at this size, so I hope you won't mind that I've given you a little handicap.",
            "She starts to rock your prison back and forth on her stomach, and as you feel along the hard object that you are tied to, you finally come to terms that you have been tied to a dildo.",
            "Mika clearly sees the look on your face and lets out a chuckle as she lifts the dildo and you off her stomach and brings you closer to her face.",
            "You are brought close to the face of the giant cat girl, her lips are just in front of you and you feel her warm, humid breath wash over you as her eyes glisten with a sexual hunger.",
            "She brings you in for a kiss, and her small, soft lips cover and press against your body before she opens her mouth wide and slowly starts to insert you and the dildo into her hungry maw.",
            "You slide deep into her mouth, it's hot, wet, and immediately you are assaulted by her tongue. It slams into you and the dildo as she begins to lick it up and down, covering you in her saliva.",
            "Mika slowly starts to move the dildo forward and back in her mouth, letting out a small moan as she does so.",
            "Deciding that you've been sufficiently lubed up, Mika pulls you back out of her mouth. She sees how you're covered in her spit and laughs again at you.",
            "Speaks",
            "If it's any consolation, you taste very good having been in my ass for so long. Maybe when you're bigger you could give it a taste?♥",
            "She laughs again and starts to take you across her body very slowly. Your eyes are still covered in saliva as you travel, but you know that as you feel yourself stop to move that you've made it to Mika's pussy.",
            "The tanned cat girl brings the tip of the dildo even with the opening of her pussy, and the lips to her wet sex purse and cling to the tip as she slowly massages herself with the dildo.",
            "You feel the dildo moving in a circular motion as it starts to move forward, slowly bringing your head closer and closer to Mika's hungry sex.",
            "After several more short motions inching you closer and closer to the lips of her pussy, your head finally brushes up against her pussy. Her soft flesh threatens to consume you whole, but she inches the dildo back just slightly.",
            "Mika pauses, your head resting just far enough away from her pussy that you can't feel the heat she's radiating. You briefly wonder if she's had a change of heart as the dildo starts to slide out, but that hope is cut short as the dildo moves forward at incredible speeds, as you and the dildo soon become completely engulfed by Mika's wet sex.",
            "You are overwhelmed by the sheer heat and dampness of her vagina as you rush through her walls, her saliva helping as you and the dildo easily penetrate deep into her.",
            "Mika lets out a muffled scream of pleasure as she starts to pump you back and forth inside her vagina, enjoying the added sensation your body brings as you are smeared across her vagina's walls.",
            "The motions of the dildo moving you inside Mika are nauseating, and you find it impossible to keep your bearings as the heat of her pussy overwhelms you.",
            "With each slam of the dildo into her nether regions her moans start to intensify, and her walls start to shake as her breathing becomes more sporadic.",
            "With one final push she pushes the dildo as far as she can as her walls tighten around the plastic penis, and you. The force is extreme as Mika undergoes a very intense orgasm.",
            "You also can't fight back against the pulsing of her walls, throbbing as her blood runs fast in her veins. Her pussy bombards you with the sensations over and over again until you fire a load that is immediately swept up in the juices of her pussy.",
            "PlayerOrgasm", "1",
            "Moments pass before Mika's pussy relaxes, and you can feel the dildo slowly being pulled from her pussy.",
            "You finally see light again through your blurred vision as Mika removes you from the dildo. As she sets it back down on the nightstand she starts to undo your bindings, letting you rest on the drawer.",
            "Speaks",
            "Ahhhh, I don't think I've ever had such an intense session with just a normal dildo! Turns out you were exactly what I needed!",
            "You wipe away her juices with a lazy motion and offer a thumbs up at the giant cat girl.",
            "She lets out another chuckle and stands up to go grab something from another room. As she is walking away you feel a tickling sensation throughout your body and find yourself growing back to normal size.",
            "As you are growing you step off the nightstand and let yourself grow back to normal size. You thank your lucky stars before all the exhaustion in your body hits you at once and you immediately collapse...",
            "ChangeFetish", "Sex", "10",
            "ChangeFetish", "Ass", "10",
            "GameOver"
            ]
        }
    ]
}
