{
    "name": "GwenLossEvents",
    "CardType": "",
    "CardLimit": "0",
    "Description": "",
    "requires": [""],
    "Speakers": [
        {
            "name": "Gwen",
            "postName": "",
            "SpeakerType": ""
        }
    ],
    "EventText": [
        {
            "NameOfScene": "Tag-Teamed",
            "theScene": [
            "Unable to fend off the ferocious assaults of Gwen and her phantom copy, your legs buckle as the last of your strength is milked out of you and you collapse onto the Temple floor. Gwen and her double slowly approach you as both of their cocks sway with each step they take.",
            "The phantom circles around behind where you are on the floor and pulls you into a sitting position and places your head between her breasts, and restrains your arms by looping her arms through yours. Her thick, erect cock presses into your back but all you can do is stare ahead at the real Gwen, who hangs her cock in front of you.",
            "Speaks",
                "Tsk tsk, so foolish to think that you'd be able to beat me once I actually started to try. The jig is up, [ThePlayerName]. I'm taking you back to Fertilia.",
            "Gwen stands over you, her cock still wet from fucking you. You see it twitching in eagerness and a look of hunger fills Gwen's eyes.",
            "Speaks",
                "Although, there is nothing stopping me from taking my fill of your body before I escort you back. It would probably even make you easier to transport.",
            "Gwen chuckles to herself as her phantom keeps a rigid lock on your body. You can't believe how life-like it is as the heat and scent coming off of it makes it feel identical to Gwen being behind you.",
            "Gwen steps forward and as she does so her dick presses up against your cheek as she straddles over your sitting body. She looks down and leans back as she angles her cock agaisnt your lips but you fight to keep them closed.",
            "Speaks",
                "Well this won't do, you've still got some fight left in you! I should drain the rest of that fighting spirit of yours and force you to surrender to me.",
            "Gwen starts to perform motions with her fingers as a purplish-pink energy forms around your head, and several creeping fingers made of arcane energy crawl over your face and begin to pry your lips open while Gwen watches, stroking her cock.",
            "You try your best to resist the pulling and prying of Gwen's constructs but eventually you are no match for her persistence and the moment your mouth opens even just a little you find Gwen has rammed her cock halfway down your throat.",
            "Speaks",
                "Oh fuck yes, there's something unbelievable about that throat of yours. This barbaric place's one redeeming feature is that I get to fuck for free so long as I win some pathetic fights. I feel like a true queen here.",
            "Gwen continues to thrust as he monster cock violates your throat. Tears well up into your eyes as the sudden invasion of your throat has closed your windpipe and left you without air. The tears begin to stream down your cheek as you can't even claw at Gwen to free yourself from this nightmare.",
            "Seeing this, Gwen pulls back and brings her cock out of your mouth, resting it across your face as she tilts your chin up. Your saliva mixes with the thick, musky scent of her cock and begins to mingle inside your mind.",
            "Speaks",
                "Absolutely pathetic, I know you lost and all but you can't even swallow my cock for a minute. On the boat back to Fertilia I've have to train that lung capacity of yours.",
            "You're still left panting and coughing on bits of saliva as you try to suck in as much fresh air as possible. By the time your breathing has returned to normal Gwen has begun to rub her cock all over your face, admiring how her hard member covers up so much of your face.",
            "Gwen makes eye contact with you again as she raises your chin so that your face points as far up as possible as she prepares to stick her dick into your throat again. But before she does that, she nods to her double and you are unprepared for the socked feet of Gwen's phantom to sandwich your dick, pressing their soft soles against your aching, exhausted member.",
            "The sudden pleasure of having your dick stroked by such soft feet causes you to gasp again, and Gwen easily takes advantage of your moment of weakness as she plunges her cock into your mouth again. She stops just short of entering your throat and begins to thrust back and forth in your mouth.",
            "The phantom works in tandem with her master's motions, and you are assaulted on both ends by the constant stroking feet of the phantom and the unending thrusting of Gwen as she fucks your mouth.",
            "The overpowering scent of Gwen's cock floods your mind, and the taste as it rubs against your tongue causes your mind to start breaking as you associate the pleasure of your dick being stroked with the pleasure of having your mouth be ravaged by Gwen's meaty cock.",
            "Suddenly, you feel Gwen's hands grip onto the back of your head as she thrusts her dick deep into your throat again. The sensation of gagging on her cock returns as your windpipe is blocked by this massive obstruction in your throat. You hardly get a moment of understanding what's happening before Gwen's cock begins to shudder and fire string after string of cum down your throat into your gut.",
            "MonsterOrgasm", "2",
            "You shudder and recoil from the volume of semen entering your throat as Gwen lets out an intense moan as her grip tightens on your hair, and she begins to thrust ever so gently as she uses your throat to coax the semen out of her shaft.",
            "The tightness of your throat helps to massage the last few drops of semen out of Gwen as she pulls her cock out of your throat. You sputter and cough as you take more gulps of air, but you are interrupted as Gwen presses her balls into your face. The intense scent of her sweat and musk hits you full force as you breathe deeply and fall deeper for Gwen.",
            "Meanwhile, her phantom has been rigorously jacking you off this whole time and in your shame you can feel yourself preparing for one last burst of energy as the pleasure of this footjob brings you closer and closer to the edge.",
            "PlayerOrgasm", "1",
            "Finally, you can't take it any longer and the pleasure that's been built up by the constant rubbing of the phantom's feet causes you to let loose a low moan that is muffled by Gwen's balls and you fire up into the air just behind her.",
            "Gwen laughs as your body shakes from that orgasm and your dick softens inbetween the feet of her phantom and she keeps your nose buried in the folds of her balls, forcing you to endure smelling them while you recover from cumming.",
            "Speaks",
                "Haaaa, so pathetic. You can't even lose with dignity and you can't take a good dick in your throat. But never mind that, it's time to take you home now. Come along, my phantom.",
            "Gwen pulls your head away from her balls and begins to walk out of the Temple and her phantom lifts your tired body over her shoulder and begins to carry you towards the entrance.",
            "The pair walk for quite a while before Gwen starts to get frustrated. The Temple is changing right in front of her and is preventing her from leaving. On top of that, her teleportation powers have stopped working as well.",
            "Speaks",
                "Tch, a cheap trick from the masters of this dungeon? I should've known that the monsters here would've gotten involved after I took so long having my way with you. I just need to-",
            "Gwen's words are cut off as a trap door opens beneath her feet and she immediately falls into the gaping abyss below. The phantom looks around confusedly before slowly dematerializing after Gwen falls a certain distance away.",
            "You land to the ground with a thud, too tired and confused to go anywhere else as exhaustion takes over and you begin to black out. Just before you lose consciousness, you see a familiar face in the distance as she places a finger on her mask and walks away, her ass swishing as she does so.",
            "You smile to yourself as Shizu saves you from being kidnapped and you pass out, only to wake up back in town again.",
            "ChangeFetish", "Sex", "10",
            "ChangeFetish", "Monstrous", "10",
            "ChangeSensitivity", "Mouth", "10",
            "ChangeSensitivity", "Sex", "10",
            "GameOver"
            ]
        },
        {
            "NameOfScene": "SpitroastLoss",
            "theScene": [
            "Having been driven to cum one last time as Gwen and her phantom hold you between the two of them, suspended on their massive cocks, you finally lose the strength to resist and the thrusting of their cocks slowly stops.",
            "Speaks",
                "Heh, finally given up on resisting me? I'd say you put up a good fight but cocksleeves aren't supposed to fight back in the first place, now are they?",
            "Chains form around your wrists and ankles and begin to bring your limp limbs up and behind your back. With you fully hot-tied and unable to fight back, the phantom Gwen grabs hold of your raised ankles and begins to use it as leverage as she begins to speed up her thrusting, with your aching and exhausted cock swinging in the breeze below.",
            "Gwen doesn't speed up at all, letting her phantom do all the work of sending your body forward onto her cock as it is pushed deep into your throat with each aggressive thrust from her double. Gwen simply places a hand on the back of your neck and lets it slowly trace down until she fully grips your throat and feels the sensation of your throat bulging from her cock being rammed into it.",
            "Speaks",
                "Nnf, fuck. That throat of yours has been wasted all this time. Maybe I should tell Fertilia that I lost you and just keep you chained up under my desk forever.",
            "Gwen's grip tightens on your throat as her double stops thrusting and she brings your face closer and closer to the base of your shaft. You don't know how much longer you can hold your breath as your throat is blocked by this massive cock but you can feel the tears forming in the corner of your eyes.",
            "Gwen lets out a long sigh as your nose is pressed against her pubic hair and your lips wrap around the base of her cock. The feeling of your tongue brushing against her cock as it fills her mouth causes her to moan a little as she begins to thrust back and forth with small motions.",
            "Her breathing picks up and before long Gwen starts to pant as her thrusts get faster and faster, before she bends over at the waist and wraps her arms around your head and presses you as far down onto her cock as possible and fires a load deep into your stomach.",
            "Wave after wave of white, hot cum enters your stomach and causes it to bulge slightly from sheer volume being pumped directly into your body. As Gwen's constant thrusting finally stops, she brings her cock out of your mouth and as she does so, a little bit of cum trickles out of your mouth and onto the ground.",
            "Gwen looks down at the mixture of drool and cum that fell out of your mouth and she gives you a sneering look, disgusted at your pathetic-ness.",
            "Speaks",
                "Guess we also need to work on keeping everything down, my new cumdump.",
            "Gwen's rock-hard cock hangs in front of your face and the scent of your saliva mixed with the musk of her balls mingles in your mind as your body tries to recover from the experience of having your face fucked so hard.",
            "But Gwen doesn't give you the chance to recover as she makes a few gestures with her hands and suddenly you are flipped over so that your stomach faces the ceiling, and the chains holding your arms and legs pulls you out into a starfish position.",
            "Spinning around on the dick of Gwen's phantom like that felt strange, but in the end you couldn't muffle the moan that emerged from your lips. Gwen laughs at your pathetic little moan and looks at her phantom before psychically giving a command to the magical duplicate.",
            "The phantom slowly pulls its cock from your asshole, and your body feels strangely empty as it does so and rests its massive cock across your stomach, leaving it just to the side of your own penis.",
            "The phantom looks you in the eyes as it raises its meaty cock into the air and whacks at your penis with it, sending a ripple of pain through your body as the hardened member slaps against yours and sends it swinging at a weird angle.",
            "You cry out as the pain courses through your body and Gwen takes advantage of this moment to lift her balls above your face and rest them directly on top of your nose and mouth. Your cries are muffled and the vibrations sends shivers of pleasure through Gwen as she starts to stroke her cock while keeping you glued to her balls.",
            "The shifting motion of her balls as they rest in your mouth, leaving their salty taste inside you, causes them to barrage the rest of your face as well as your nose is repeatedly clogged and unclogged with Gwen's sweaty balls. The scent of her musk feeds directly into your brain and you find that there is nowhere you can go to escape Gwen's balls from assaulting you.",
            "While this happens, the phantom Gwen raises her cock above yours and lowers it down, pressing your cock against your stomach as she begins to thrust up and down, pleasuring the shaft of your cock with hers as the two members grind against each other.",
            "You feel the two Gwen's assaulting you simultaneously as they both use your body to bring themselves closer and closer to orgasming again, and in your shame you realize that once the pain has subsided from your penis that you're also experiencing pleasure from moment, and your cock starts to ache for release again.",
            "Gwen feels your body struggling to not moan as she continue to stroke herself off atop your face, and she looks over at her phantom and gives another command.",
            "You are unaware of what is happening but another sudden burst of pressure is applied to your balls as the phantom Gwen has used her fingers to pinch and grip at your balls, blocking off where they connect with the rest of your body.",
            "You struggle and cry out again as the pressure on your balls is unbearable, and the vibrations of your voice going into Gwen's balls causes her to moan as well, causing a feedback loop as she edges closer and closer to cumming.",
            "Phantom Gwen continues to thrust vigorously, building up the urge to cum more and more within you, but the pressure holding onto your testicles is too much and prevents you from cumming.",
            "Exhausted and overstimulated, you begin to plead and beg with Gwen to let you cum, only for your cries to go unheard as they resonate into Gwen's balls.",
            "Your whimpered begging stimulates Gwen more and more, and she can finally take no more as she begins to cum all over your body, painting you white with her semen as her phantom also shoots a load of cum out, painting your upper body from the neck down white.",
            "As they both cum, the phantom lets go of your balls and pathetically you let your load loose with your cock still pinned down by the duplicate's massive penis. Your orgasm is washed away by the wave coming from the other two and the humiliation you feel is burning up your body.",
            "With Gwen fully satisfied, she plucks herself off of you and commands her phantom to grab your cum-drenched body and they begin to take you with them back to wherever they have been staying in order to bring you off Lucidia and back to Fertilia.",
            "Groaning, you are powerless to resist as you are placed over the shoulder of the phantom Gwen and they begin to make their way out of the Temple.",
            "The pair walk for quite a while before Gwen starts to get frustrated. The Temple is changing right in front of her and is preventing her from leaving. On top of that, her teleportation powers have stopped working as well.",
            "Speaks",
                "Tch, a cheap trick from the masters of this dungeon? I should've known that the monsters here would've gotten involved after I took so long having my way with you. I just need to-",
            "Gwen's words are cut off as a trap door opens beneath her feet and she immediately falls into the gaping abyss below. The phantom looks around confusedly before slowly dematerializing after Gwen falls a certain distance away.",
            "You land to the ground with a thud, too tired and confused to go anywhere else as exhaustion takes over and you begin to black out. Just before you lose consciousness, you see a familiar face in the distance as she places a finger on her mask and walks away, her ass swishing as she does so.",
            "You smile to yourself as Shizu saves you from being kidnapped and you pass out, only to wake up back in town again.",
            "ChangeFetish", "Sex", "10",
            "ChangeFetish", "Monstrous", "10",
            "ChangeSensitivity", "Mouth", "10",
            "ChangeSensitivity", "Sex", "10",
            "GameOver"
            ]
        },
        {
            "NameOfScene": "BestingGwenQuest",
            "theScene": [
                "DisplayCharacters",
                "1",
            "EndLoop",
            "ChangeImageLayer", "Expression", "GwenHorny",
            "Gwen's eyes go wide in shock as she staggers backwards, it is inconceivable that at full-power and with her secret phantom technique that she could lose to someone she regarded as so much weaker than herself.",
            "You glow with a smug look on your face as you walk closer to her, Gwen scampers backwards and eventually trips and lands on her ass as she continues to try and scurry away from you.",
            "Speaks",
                "N-No, this can't be! You cheated, someone like you couldn't have possibly defeated me! It's not possible!",
            "Gwen starts to cry out insults and accusations as you stand over her, she backed herself into a corner a long time ago and you revel as the panic in her voice starts to show through.",
            "You reach down and grip the short hair on her head and grip it tightly as your cock twitches and you bring it against Gwen's cheek. She recoils in disgust and begins to berate you again.",
            "Speaks",
                "Get yours hands off me! And get that wretched, pathetic cock of yours away from me! You didn't win! You did-MMph!",
            "You interrupt Gwen's complaining as you ram your dick into her mouth, her words being muffled as you thrust into the back of her mouth and touch her throat with your cock. You place your hand on the back of her head and grin down at her as she glowers with rage back up at you.",
            "Gwen starts to raise her hands and tries to press them against your legs to push you off, but you grip them in yours and pin Gwen's hands against the wall above your head as you step closer and press your dick deeper into Gwen's mouth so that her nose is squished against your pelvis.",
            "With Gwen restrained, you begin to thrust back and forth into her mouth, feeling her tongue press against your dick as you violate this pompous mage's mouth. You let out a sigh of satisfaction as you settle into a constant rhythm of fucking Gwen's mouth as her struggles begin to trail off.",
            "You look down and notice that Gwen seems to have given up completely and is just letting you have your way with her mouth. You smile and thrust your dick all the way into her throat. Gwen starts to gag as you grip her hands again and pull her arms behind your back. Tears form in Gwen's eyes as you violate her and the satisfaction you feel makes you feel devious.",
            "Pulling back your cock so that your tip rests of Gwen's tongue, you fire off a load of cum into her mouth and watch as she tries to avoid swallowing the load, letting her cheeks puff up with cum. You pull your cock out and Gwen immediately spits out your load onto the ground as you step away and let her double over in disgust.",
            "Speaks",
                "You freak! How dare you do that to me! I'll teach you not to mess with me!",
            "In anger Gwen resummons her phantom double and points towards you, but the phantom does not react to her commands. You cock your head and look at it, before reaching out with your hand thinking the command 'pin Gwen down'.",
            "The phantom immediately reacts to your command and sweeps Gwen's legs out from underneath her. Gwen falls and lands on her ass again as magical bindings spring forth from the palm of the phantom Gwen and binds the hands and ankles of Gwen.",
            "Speaks",
                "Kyaa! What do you think you're doing?! You're a copy of me! You serve me!",
            "You laugh to yourself as phantom Gwen grips the hand bindings of Gwen and lifts her back to her feet, with her arms high above her head. The phantom looks back towards you and you ponder what you should do next to have fun with her.",
            "An idea springs to your head as you wave a command over to the phantom, who lifts Gwen higher and impales the impudent mage onto the cock of the phantom. Gwen lets out a squealing yelp as her asshole expands to accept the titanic cock into her body.",
            "The phantom slowly lowers themselves into a sitting position with Gwen still on their cock, and a hook appears above them to hold onto the bindings for Gwen's hands. The phantom places hands on Gwen's ass and starts to raise and lower her as its hips gyrate to continue fucking the ass of Gwen.",
            "You can't stop yourself from laughing out loud as Gwen is fucked by an emotionless duplicate of herself. Gwen burns with rage but can do nothing as she spent the rest of her energy on resummoning her phantom. You decide to take advantage of this situation as you bend down and grab Gwen's huge tits and begin to fondle them.",
            "Gwen lets a moan escape from her lips as your hands press and squish into her breasts and she quickly tries to stifle it but you merely flash a smile at her, which causes her to burn up in embarrassment again.",
            "Your hands expertly knead and massage at Gwen's breasts as she is raised up and dropped onto her phantom's cock again and again. To mix things up, you occasionally drag your fingers across her breast to grab her nipple and pinch and pull on them, eliciting yelps and moans from Gwen in tandem as pain and pleasure courses through her.",
            "After a few more minutes of this, your cock aches again for Gwen's mouth and you send a command to the phantom to grab hold of Gwen's head. The phantom responds by letting go of Gwen mid-ascent and letting her slam back onto the hilt of the phantom's cock.",
            "Gwen gasps with pleasure as the cock fills her ass and stays there, and the phantom takes advantage of this moment to put their index fingers in the corner of Gwen's mouth and pulls it wide open, making Gwen look like she has a delirious smile on her face.",
            "You nod to the phantom and place your cock in Gwen's mouth again, letting the duplicate move Gwen's head forward and back to simulate Gwen giving you a blowjob.",
            "You moan and run a hand through Gwen's hair as her tongue starts to move and lap at your cock as her head forward and back on your cock. The surprise of this moment catches you off guard as you look down and Gwen has closed her eyes and is leaning into the moment.",
            "You start to thrust your hips in time with the phantom's movements of Gwen's head, and soon you can feel the pleasure racing through your body begin to surge around your groin and you decide to show Gwen how to appreciate a good orgasm.",
            "You send a command to the phantom to remove its hands and you grab the back fo Gwen's head and press it to the base of your cock again. The tightness of her throat, the feeling of her gagging and choking drive you insane as you burst another load into her mouth, but close enough to her throat that it has no choice but to be swallowed.",
            "Gwen's eyes light up with a pinkish energy and hearts fill her pupils as your cock throbs with semen pouring out of it. You feel exhausted by the time you begin to pull out and you notice that at the same time that Gwen's phantom had also orgasmed, judging by the cum seeping out of her ass.",
            "You pull your cock out once it has been drained into Gwen's throat and let her head go, letting it hang forward as Gwen pants with exhaustion. You command the phantom to pull out of Gwen as well and undo the bindings. The phantom lifts Gwen's body off their cock and places Gwen on her side.",
            "JumpToEventThenScene", "A Foe's Trials", "Finish"
            ]
        }
    ]
}