{
    "name": "Diminuendo",
    "description": "A mod that gives you the ability to experience most of the girls in the game in a whole new light. A mysterious rune grants your character the power to shrink at the whims of others. What happens next is very predictable.\n",
    "testedFor": {"major": 25, "minor": 6, "patch": 1},
    "version": 34.69,
    "tags" : [
        "Giantess",
        "Shrinking",
        "Fart Content",
        "Futanari"
    ],
    "credits": "rmjwmmd on discord",
    "authors": [
        "rmjwmmd"
    ],
    "urlLabel": "Diminuendo Wiki Page",
    "url": "https://monstergirldreams.miraheze.org/wiki/Mod:Diminuendo"
}