{
    "name": "GBerisCombatEvents",
    "CardType": "",
    "CardLimit": "0",
    "Description": "",
    "requires": [""],
    "Speakers": [
        {
            "name": "Giantess Beris",
            "postName": "",
            "SpeakerType": ""
        }
    ],
    "EventText": [
      {
          "NameOfScene": "FightIntro",
          "theScene": [
          "ApplyStance", "Between Feet",
          "You are caught by Beris' Feet!"
          ]
      },
        {
            "NameOfScene": "FeetCheck",
            "theScene": [
            "IfPlayerDoesntHaveStance", "Between Feet", "ApplyFeet"
            ]
        },
        {
            "NameOfScene": "ApplyFeet",
            "theScene": [
            "You fight against the sweat-drenched feet of Beris and wriggle free long enough to get a taste of fresh air, only for Beris to easily catch you under foot once again.",
            "ApplyStance", "Between Feet"
            ]
        },
        {
            "NameOfScene": "SockedChoice",
            "theScene": [
                "FocusedSpeaksSkill",
            "Beris starts to laugh as she lifts her foot off of you, and picks you up between her fingers. As she holds you in place she uses her free hand to peel away her sweat-drenched sock and pull it off of her foot.",
            "FocusedSpeaks",
            "Are ya ready, pipsqueak? You're gonna get a world-class taste of my training from directly inside my sock!",
            "FocusedSpeaksSkill",
            "Beris begins to lower you inside of the sweaty, white sock. You can feel the stifling heat and humidity emanating from it as your feet reach the mouth of the sock. You struggle to find a solution to this problem.",
            "Menu",
            "Twist out of Beris' hands! (Power)",
            "Beris misses! (Luck)",
            "Beg for mercy! (Allure)",
            "Panic!",
            "EndLoop"
            ]
        },
        {
            "NameOfScene": "Twist out of Beris' hands! (Power)",
            "theScene": [
                "You thrash about between Beris' hands, trying to get her to release you...",
                "StatCheck",
                "Power", "23",
                "PowerPass",
                "Fail",
                "PowerFail"
            ]
        },
        {
            "NameOfScene": "PowerFail",
            "theScene": [
                "Unfortunately, you fail to break the hold of Beris' fingers on you and she successfully plunges you into the hot depths of her sock.",
                "JumpToScene", "SockedFailed"
            ]
        },
        {
            "NameOfScene": "PowerPass",
            "theScene": [
                "With a desperate burst of strength you manage to shake off the pinching fingers and land back on the ground, and are promptly trapped under Beris' other foot."
            ]
        },
        {
            "NameOfScene": "Beris misses! (Luck)",
            "theScene": [
                "Just as Beris is about to lower you down into her sock, something bizarre happens...",
                "StatCheck",
                "Luck", "20",
                "LuckPass",
                "Fail",
                "LuckFail"
            ]
        },
        {
            "NameOfScene": "LuckPass",
            "theScene": [
                "By a chance of fate, Beris lets out a huge sneeze and her fingers loosen their grip enough for you to tumble to the ground, before being caught underneath Beris' foot again."
            ]
        },
        {
            "NameOfScene": "LuckFail",
            "theScene": [
                "You manage to barely break free of Beris' grip on your body, sending yourself into a free fall... directly into the very sock you were trying to avoid being placed into in the first place.",
                "JumpToScene", "SockedFailed"
            ]
        },
        {
            "NameOfScene": "Beg for mercy! (Allure)",
            "theScene": [
                "You desperately plead and beg with Beris, trying to get her to release you...",
                "StatCheck",
                "Allure", "26",
                "AllurePass",
                "Fail",
                "AllureFail"
            ]
        },
        {
            "NameOfScene": "AllurePass",
            "theScene": [
                "Beris hears your pleas and puts you back down onto the ground. But before you can celebrate, her other, still socked foot comes crashing down on top of you again."
            ]
        },
        {
            "NameOfScene": "AllureFail",
            "theScene": [
                "But Beris sneers at you as her face bends into a scowl.",
                "Speaks",
                    "How pathetic, I guess you really did need this training.",
                "She releases her grip on you, letting you tumble down into the depths of her sock.",
                ""
            ]
        },
        {
            "NameOfScene": "Panic!",
            "theScene": [
                "You freeze in panic, and ultimately are lowered into Beris' sock...",
                "JumpToScene", "SockedFailed"
            ]
        },
        {
            "NameOfScene": "SockedFailed",
            "theScene": [
                "You land and roll down the long slope of Beris' white socks until you finally meet your end inside the toe section of the fabric prison.",
                "You try to recover and figure out a way out of this predicament as you see a large, tanned foot come into view at the mouth of the sock, and you hear Beris laughing derisively as you panic about what to do.",
                "Beris' foot fills the entire sock as you are smushed against the bottom of her toes as she lowers her foot back to the ground, and she takes a few practice steps in place to see how you feel directly against her skin.",
                "The scent of Beris' sweat beats down around you on all sides, and inside the raging heat of her sock you have no defense against the aphrodisiac nature of Beris' sweat, which intoxicates your mind as Beris beats down your body with her toes.",
                "DamagePlayerFromMonster", "Giantess Beris", "Socked",
                "ApplyStatusEffect", "SweatStrength",
                "Your mind feels like it's going blank as Beris' feet dominate and batter your mind and body, before you fall out of a small hole in Beris' sock and resume the battle with a breath of fresh air."
            ]
        },
        {
            "NameOfScene": "S",
            "theScene": [
                "",
                "",
                "",
                ""
            ]
        }
    ]
}
