{
    "name": "GiantAllynnaCombatEvents",
    "CardType": "",
    "CardLimit": "0",
    "Description": "",
    "requires": [""],
    "Speakers": [
        {
            "name": "Allynna",
            "postName": "",
            "SpeakerType": ""
        }
    ],
    "EventText": [
      {
          "NameOfScene": "FightIntro",
          "theScene": [
          "ApplyStance", "Miniature",
          "You are shrunken and stand at the feet of the giantess."
          ]
      },
      {
          "NameOfScene": "MiniCheck",
          "theScene": [
          "IfPlayerDoesntHaveStance", "Miniature", "ApplyMini"
          ]
      },
      {
          "NameOfScene": "ApplyMini",
          "theScene": [
          "For a moment you believe that you have returned to your normal size, but blink and realize that you are still shrunken.",
          "ApplyStance", "Miniature"
          ]
      }
    ]
}
