{
    "name": "GiantessKunoichiCombat",
    "CardType": "",
    "CardLimit": "0",
    "Description": "",
    "requires": [""],
    "Speakers": [
        {
            "name": "Giant Kunoichi",
            "postName": "",
            "SpeakerType": ""
        }
    ],
    "EventText": [
      {
          "NameOfScene": "FightIntro",
          "theScene": [
          "ApplyStance", "Between Feet",
          "You are caught between the giant ninja's feet.",
          "SetProgress", "0"
          ]
      },
        {
            "NameOfScene": "FeetCheck",
            "theScene": [
            "IfPlayerDoesntHaveStance", "Between Feet", "ApplyFeet"
            ]
        },
        {
            "NameOfScene": "ApplyFeet",
            "theScene": [
            "You fight against the stocking-clad feet of the kunoichi girl and get some fresh air, but she simply buries you in between her toes again.",
            "ApplyStance", "Between Feet"
            ]
        },
        {
            "NameOfScene": "Countdown",
            "theScene": [
              "ChangeProgress", "1",
              "IfProgressEqualsOrLess", "-1", "calmedTooFar"
            ]
        },
        {
            "NameOfScene": "ProgressCheck",
            "theScene": [
            "IfProgressEquals", "10", "Survived"
            ]
        },
        {
            "NameOfScene": "Survived",
            "theScene": [
              "The giant ninja giggles as she releases you from her foot, it seems you survived her challenge!",
            "DefeatMonster"
            ]
        }
    ]
}
