{
    "name": "SuperGiantessGwenEvents",
    "CardType": "",
    "CardLimit": "0",
    "Description": "",
    "requires": [""],
    "Speakers": [
        {
            "name": "Giantess Gwen Full",
            "postName": "",
            "SpeakerType": ""
        }
    ],
    "EventText": [
      {
          "NameOfScene": "PowerUp",
          "theScene": [
            "ChangeImageLayer", "Expression", "GwenHorny",
          "ApplyStance", "Miniature",
          "You are shrunken and stand at the feet of the giantess Gwen and watches as her eyes flicker with arcane might as she unleashes her full power.",
          "IfPlayerLevelGreaterThan", "50", "RampUpFight"
          ]
      },
      {
        "NameOfScene": "RampUpFight",
        "theScene": [
                      "LevelUpMonster", "MatchPlayer",
                      "RecalculateMonsterExpDrop", "AlterByPercent", "70",
                      "It appears that Gwen is unleashing her full arcane might against you, and she just keeps growing stronger!",
                      "CallNextSceneJumpThenReturn", "IfMonsterLevelGreaterThan", "50", "Perks50",
                      "CallNextSceneJumpThenReturn", "IfMonsterLevelGreaterThan", "55", "Perks55",
                      "CallNextSceneJumpThenReturn", "IfMonsterLevelGreaterThan", "60", "Perks60",
                      "CallNextSceneJumpThenReturn", "IfMonsterLevelGreaterThan", "65", "Perks65",
                      "CallNextSceneJumpThenReturn", "IfMonsterLevelGreaterThan", "70", "Perks70",
                      "CallNextSceneJumpThenReturn", "IfMonsterLevelGreaterThan", "75", "Perks75",
                      "CallNextSceneJumpThenReturn", "IfMonsterLevelGreaterThan", "80", "Perks80"
                  ]
    },
    {
        "NameOfScene": "Perks50",
        "theScene": [
                      "GivePerkToMonster", "Steady Pacing",
                      "GivePerkToMonster", "Insightful Schemer",
                      "GivePerkToMonster", "Arcane Expert",
                      "ChangeMonsterSensitivity", "Ass", "-5",
                      "ChangeMonsterSensitivity", "Sex", "-5"
                  ]
      },
      {
        "NameOfScene": "Perks55",
        "theScene": [
                      "GivePerkToMonster", "Lovers Passion",
                      "GivePerkToMonster", "Intimate Lover",
                      "GivePerkToMonster", "Energy Drainer",
                      "GivePerkToMonster",  "Predictive",
                      "ChangeMonsterStatusEffectResistances", "Stun", "10",
                      "ChangeMonsterEnergy", "50"
                  ]
      },
      {
        "NameOfScene": "Perks60",
        "theScene": [
                      "GivePerkToMonster", "Sex Expert",
                      "GivePerkToMonster", "Restraining Expert",
                      "GivePerkToMonster", "Pinpoint Pleasure",
                      "ChangeMonsterSensitivity", "Mouth", "-10",
                      "ChangeMonsterSensitivity", "Magic", "-10"
                  ]
      },
      {
        "NameOfScene": "Perks65",
        "theScene": [
                      "GivePerkToMonster", "Seductive Touch",
                      "GivePerkToMonster", "Sensual Lover",
                      "GivePerkToMonster", "Grappler",
                      "ChangeMonsterSensitivity", "Ass", "-5",
                      "ChangeMonsterSensitivity", "Sex", "-5"
                  ]
      },
      {
        "NameOfScene": "Perks70",
        "theScene": [
                      "GivePerkToMonster", "Alluring",
                      "GivePerkToMonster", "Sex Master",
                      "GivePerkToMonster", "Expert Pacing",
                      "GivePerkToMonster", "Energy Drainer",
                      "ChangeMonsterStatusEffectResistances", "Stun", "10",
                      "ChangeMonsterEnergy", "50"
                  ]
      },
      {
        "NameOfScene": "Perks75",
        "theScene": [
                      "GivePerkToMonster", "Sensual Pace",
                      "GivePerkToMonster", "Unbridled Passion",
                      "GivePerkToMonster", "Semen Eater",
                      "GivePerkToMonster",  "Grappler",
                      "ChangeMonsterSensitivity", "Mouth", "-10",
                      "ChangeMonsterSensitivity", "Magic", "-10"
                  ]
      },
      {
        "NameOfScene": "Perks80",
        "theScene": [
                      "GivePerkToMonster", "Arcane Master",
                      "GivePerkToMonster", "Unbridled Passion",
                      "GivePerkToMonster", "Seductive Touch",
                      "GivePerkToMonster", "Escape Expert",
                      "ChangeMonsterStatusEffectResistances", "Stun", "10",
                      "ChangeMonsterEnergy", "50"
                  ]
      },
      {
          "NameOfScene": "MiniatureCheck",
          "theScene": [
          "IfPlayerDoesntHaveStance", "Miniature", "ApplyMini"
          ]
      },
      {
          "NameOfScene": "ApplyMini",
          "theScene": [
          "For a moment you believe that you have returned to your normal size, but blink and realize that you are still shrunken.",
          "ClearStanceFromMonsterAndPlayer", "Miniature",
          "ApplyStance", "Miniature"
          ]
      }
    ]
}
