{
    "name": "GiantElfCombatEvents",
    "CardType": "",
    "CardLimit": "0",
    "Description": "",
    "requires": [""],
    "Speakers": [
        {
            "name": "Giant Elf",
            "postName": "",
            "SpeakerType": ""
        }
    ],
    "EventText": [
        {
            "NameOfScene": "FightIntro",
            "theScene": [
            "ApplyStance", "Unbirth",
            "The giant pussy clamps down around you"
            ]
        },
        {
            "NameOfScene": "UnbirthCheck",
            "theScene": [
            "IfPlayerDoesntHaveStance", "Unbirth", "ApplyUnbirth"
            ]
        },
        {
            "NameOfScene": "ApplyUnbirth",
            "theScene": [
            "You attempt to make progress towards escaping the Elf, but her fingers force you back in.",
            "ApplyStance", "Unbirth"
            ]
        },
        {
            "NameOfScene": "0",
            "theScene": [
            ""
            ]
        }
    ]
}
