{
    "name": "GiantFengCombatEvents",
    "CardType": "",
    "CardLimit": "0",
    "Description": "",
    "requires": [""],
    "Speakers": [
        {
            "name": "Giant Feng",
            "postName": "",
            "SpeakerType": ""
        }
    ],
    "EventText": [
      {
          "NameOfScene": "FightIntro",
          "theScene": [
          "ApplyStance", "Between Feet",
          "You are caught between Feng's feet."
          ]
      },
        {
            "NameOfScene": "FeetCheck",
            "theScene": [
            "IfPlayerDoesntHaveStance", "Between Feet", "ApplyFeet"
            ]
        },
        {
            "NameOfScene": "ApplyFeet",
            "theScene": [
            "You fight against the stocking-clad feet of Feng and get fresh air, but she simply buries you in between her toes again.",
            "ApplyStance", "Between Feet"
            ]
        },
        {
            "NameOfScene": "0",
            "theScene": [
            ""
            ]
        }
    ]
}
