{
    "name": "GiantMikaCombatEvents",
    "CardType": "",
    "CardLimit": "0",
    "Description": "",
    "requires": [""],
    "Speakers": [
        {
            "name": "Giant Mika",
            "postName": "",
            "SpeakerType": ""
        }
    ],
    "EventText": [
        {
            "NameOfScene": "FightIntro",
            "theScene": [
            "ApplyStance", "Anal Vore",
            "Mika's giant ass engulfs you."
            ]
        },
        {
            "NameOfScene": "AVCheck",
            "theScene": [
            "IfPlayerDoesntHaveStance", "Anal Vore", "ApplyAV"
            ]
        },
        {
            "NameOfScene": "ApplyAV",
            "theScene": [
            "You struggle against Mika's tight, puckered butthole, but she clenches her cheeks together, sealing you in and halting your efforts.",
            "ApplyStance", "Anal Vore"
            ]
        },
        {
            "NameOfScene": "0",
            "theScene": [
            ""
            ]
        }
    ]
}
