{
    "name": "Gwen2CombatEvent",
    "CardType": "",
    "CardLimit": "0",
    "Description": "",
    "requires": [""],
    "requiresEvent": [
        {
            "NameOfEvent": "",
            "Progress": "99",
            "Choice": "",
            "ChoiceNumber": "-1"
        }
    ],
    "Speakers": [
        {
            "name": "Gwen Fullpower",
            "postName": "",
            "SpeakerType": ""
        }
    ],
    "EventText": [
        {
            "NameOfScene": "FightIntro",
            "theScene": [
                "ChangeImageLayer", "Expression", "GwenHorny",
                "IfPlayerLevelGreaterThan", "50", "RampUpFight"
            ]
        },
        {
            "NameOfScene": "RampUpFight",
            "theScene": [
                          "LevelUpMonster", "MatchPlayer",
                          "RecalculateMonsterExpDrop", "AlterByPercent", "70",
                          "It appears that Gwen is unleashing her full arcane might against you, and she just keeps growing stronger!",
                          "CallNextSceneJumpThenReturn", "IfMonsterLevelGreaterThan", "50", "Perks50",
                          "CallNextSceneJumpThenReturn", "IfMonsterLevelGreaterThan", "55", "Perks55",
                          "CallNextSceneJumpThenReturn", "IfMonsterLevelGreaterThan", "60", "Perks60",
                          "CallNextSceneJumpThenReturn", "IfMonsterLevelGreaterThan", "65", "Perks65",
                          "CallNextSceneJumpThenReturn", "IfMonsterLevelGreaterThan", "70", "Perks70",
                          "CallNextSceneJumpThenReturn", "IfMonsterLevelGreaterThan", "75", "Perks75",
                          "CallNextSceneJumpThenReturn", "IfMonsterLevelGreaterThan", "80", "Perks80",
                          "JumpToScene", "Phantom Arrival"
                      ]
        },
        {
            "NameOfScene": "Perks50",
            "theScene": [
                          "GivePerkToMonster", "Steady Pacing",
                          "GivePerkToMonster", "Insightful Schemer",
                          "GivePerkToMonster", "Arcane Expert",
                          "ChangeMonsterSensitivity", "Ass", "-5",
                          "ChangeMonsterSensitivity", "Sex", "-5",
                          "GiveSkillToMonster", "Gwen Spitroast"
                      ]
          },
          {
            "NameOfScene": "Perks55",
            "theScene": [
                          "GivePerkToMonster", "Lovers Passion",
                          "GivePerkToMonster", "Intimate Lover",
                          "GivePerkToMonster", "Energy Drainer",
                          "GivePerkToMonster",  "Predictive",
                          "ChangeMonsterStatusEffectResistances", "Stun", "10",
                          "ChangeMonsterEnergy", "50"
                      ]
          },
          {
            "NameOfScene": "Perks60",
            "theScene": [
                          "GivePerkToMonster", "Sex Expert",
                          "GivePerkToMonster", "Restraining Expert",
                          "GivePerkToMonster", "Pinpoint Pleasure",
                          "ChangeMonsterSensitivity", "Mouth", "-10",
                          "ChangeMonsterSensitivity", "Magic", "-10"
                      ]
          },
          {
            "NameOfScene": "Perks65",
            "theScene": [
                          "GivePerkToMonster", "Seductive Touch",
                          "GivePerkToMonster", "Sensual Lover",
                          "GivePerkToMonster", "Grappler",
                          "ChangeMonsterSensitivity", "Ass", "-5",
                          "ChangeMonsterSensitivity", "Sex", "-5"
                      ]
          },
          {
            "NameOfScene": "Perks70",
            "theScene": [
                          "GivePerkToMonster", "Alluring",
                          "GivePerkToMonster", "Sex Master",
                          "GivePerkToMonster", "Expert Pacing",
                          "GivePerkToMonster", "Energy Drainer",
                          "ChangeMonsterStatusEffectResistances", "Stun", "10",
                          "ChangeMonsterEnergy", "50"
                      ]
          },
          {
            "NameOfScene": "Perks75",
            "theScene": [
                          "GivePerkToMonster", "Sensual Pace",
                          "GivePerkToMonster", "Unbridled Passion",
                          "GivePerkToMonster", "Semen Eater",
                          "GivePerkToMonster",  "Grappler",
                          "ChangeMonsterSensitivity", "Mouth", "-10",
                          "ChangeMonsterSensitivity", "Magic", "-10"
                      ]
          },
          {
            "NameOfScene": "Perks80",
            "theScene": [
                          "GivePerkToMonster", "Arcane Master",
                          "GivePerkToMonster", "Unbridled Passion",
                          "GivePerkToMonster", "Seductive Touch",
                          "GivePerkToMonster", "Escape Expert",
                          "ChangeMonsterStatusEffectResistances", "Stun", "10",
                          "ChangeMonsterEnergy", "50"
                      ]
          },
          {
            "NameOfScene": "Phantom Arrival",
            "theScene": [
                          "Instead of an attack, Gwen instead shimmers with a dull purple energy and produces an exact replica of herself, with slight wispy lines surrounding it's edges.",
                          "AddMonsterToEncounter", "PhantomGwen",
                          "FocusOnMonster", "2", "ChangeImageLayer", "Expression", "GwenHorny",
                          "FocusedSpeaks",
                            "How do you like this, [ThePlayerName]? Now you can get fucked by me twice at the same time.",
                          "Both Gwens giggle as they slowly circle around you, and now you're trapped!"
                      ]
          },
          {
            "NameOfScene": "EndOfRoundCounterCheck",
            "theScene": [  "EncounterSizeLessOrEqualTo", "1", "CloneDefeated"
                          
                      ]
          },
          {
            "NameOfScene": "SpitroastCheck",
            "theScene": [  "IfPlayerHasStances",
                "Irrumatio",
                "Anal - Phantom",
            "EndLoop", "SwitchToSpitroast"
                          
                      ]
          },
          {
            "NameOfScene": "SwitchToSpitroast",
            "theScene": [   "As the two Gwens fill both your mouth and your ass with their enormous cocks you try to look for a way to escape this predicament, but you suddenly feel chains of magical energy connect to your wrists and ankles and it appears that Phantom Gwen is trying to hog-tie you.",
                            "Menu",
                                "Try to break the restraints through raw power!",
                                "Flood the arcane bonds with your own magical powers!",
                            "EndLoop"
                      ]
          },
          {
            "NameOfScene": "Try to break the restraints through raw power!",
            "theScene": [   "Your muscles begin to strain against the magically-crafted shackles around your body as you try to break free.",
                            "Speaks",
                                "Impudent fool, there's no way you can overcome my restraints so easily!",
                            "StatCheck",
                                "Power", "22", "Powersuccess",
                                "Fail", "Powerfail"
                      ]
          },
          {
            "NameOfScene": "Powersuccess",
            "theScene": [   "With your muscles bulging and flexing for all your might, you manage to crack the arcane bonds and destroy them. The destruction of the bonds sends psychic feedback to the Phantom Gwen who vanishes.",
                            "FocusOnMonster", "2",
                            "HitMonsterWith", "Demon Layer",
                            "HitMonsterWith", "Demon Layer",
                            "MonsterOrgasm", "1",
                            "HitMonsterWith", "Demon Layer",
                            "HitMonsterWith", "Demon Layer",
                            "MonsterOrgasm", "1",
                            "HitMonsterWith", "Demon Layer",
                            "Gwen stumbles back as well, letting you land on the floor with a thud as the two Gwens no longer prop you up as Gwen's vision swims.",
                            "FocusOnMonster", "1",
                            "ApplyStatusEffectToMonster", "PsychicFeedback",
                            "ClearStanceFromMonsterAndPlayer", "All"
                      ]
          },
          {
            "NameOfScene": "Powerfail",
            "theScene": [   "ClearStanceFromMonsterAndPlayer", "All",
            "FocusOnMonster", "1",
            "ClearStanceFromMonsterAndPlayer", "All",
            "ApplyStance", "Spitroast",
            "FocusOnMonster", "2",
            "ApplyStance", "Spitroast",
            "ApplyStatusEffect", "SpitChains",
            "The chains reel back until your hands are pressed into your back and your feet are hoisted high above your horizontal body as Phantom Gwen grips you by the knees and uses them as leverage as she fucks your ass deeper and deeper. The real Gwen places her hands around your neck and begins to thrust more vigorously into your throat.",
            "HitPlayerWith", "Phantom Spitroast",
            "HitPlayerWith", "Phantom Spitroast"
                      ]
          },
          {
            "NameOfScene": "Flood the arcane bonds with your own magical powers!",
            "theScene": [   "Your eyes glow as you attempt to overload Gwen and her double with your own magical prowess.",
            "Speaks",
                "Impudent fool, there's no way you can overcome my restraints so easily!",
            "StatCheck",
                "Intelligence", "25", "IntPass",
                "Fail", "IntFail"
                      ]
          },
          {
            "NameOfScene": "IntPass",
            "theScene": [   "Your body arcs with arcane energy as you pour your magical strength into the bonds, destroying them in a brilliant flash of light that obliterates Gwen's double.",
            "FocusOnMonster", "2",
            "HitMonsterWith", "Demon Layer",
            "HitMonsterWith", "Demon Layer",
            "MonsterOrgasm", "1",
            "HitMonsterWith", "Demon Layer",
            "HitMonsterWith", "Demon Layer",
            "MonsterOrgasm", "1",
            "HitMonsterWith", "Demon Layer",
            "Gwen stumbles back as well, letting you land on the floor with a thud as the two Gwens no longer prop you up as Gwen's vision swims.",
            "FocusOnMonster", "1",
            "ApplyStatusEffectToMonster", "PsychicFeedback",
            "ClearStanceFromMonsterAndPlayer", "All"
                      ]
          },
          {
            "NameOfScene": "IntFail",
            "theScene": [   "ClearStanceFromMonsterAndPlayer", "All",
                            "FocusOnMonster", "1",
                            "ClearStanceFromMonsterAndPlayer", "All",
                            "ApplyStance", "Spitroast",
                            "FocusOnMonster", "2",
                            "ApplyStance", "Spitroast",
                            "ApplyStatusEffect", "SpitChains",
                            "The chains reel back until your hands are pressed into your back and your feet are hoisted high above your horizontal body as Phantom Gwen grips you by the knees and uses them as leverage as she fucks your ass deeper and deeper. The real Gwen places her hands around your neck and begins to thrust more vigorously into your throat.",
                            "HitPlayerWith", "Phantom Spitroast",
                            "HitPlayerWith", "Phantom Spitroast"

                      ]
          },
          {
            "NameOfScene": "CloneDefeated",
            "theScene": [   "IfMonsterHasStatusEffect", "Stun", "NoClonse",
                "Gwen clicks her tongue as her phantom double vanishes, and closes her eyes and resummons it. The double giggles and approaches you again.",
            "AddMonsterToEncounter", "PhantomGwen",
            "FocusOnMonster", "2", "ChangeImageLayer", "Expression", "GwenHorny"
                      ]
          },
          {
            "NameOfScene": "NoClonse",
            "theScene": [   "Gwen is too stunned to resummon her double"
                      ]
          },
          {
            "NameOfScene": "Spitroast",
            "theScene": [   "Your body is violated by Gwen and her magical double as their cocks ram into your body in a rhythmic motion, pulsing as they thrust into you as deep as possible at the same time.",
            "HitPlayerWith", "Phantom Spitroast",
            "Speaks",
                "Hah, you're nothing more than my cocksleeve.",
            "HitPlayerWith", "Phantom Spitroast",
            "Speaks",
                "Remember, you're only fit to worship my cock and my cock alone.",
            "HitPlayerWith", "Phantom Spitroast"
                      ]
          }
    ]
}
