{
    "name": "Haruka2CombatEvent",
    "CardType": "",
    "CardLimit": "0",
    "Description": "",
    "requires": [""],
    "requiresEvent": [
        {
            "NameOfEvent": "",
            "Progress": "99",
            "Choice": "",
            "ChoiceNumber": "-1"
        }
    ],
    "Speakers": [
        {
            "name": "",
            "postName": "",
            "SpeakerType": ""
        }
    ],
    "EventText": [
        {
            "NameOfScene": "FightIntro",
            "theScene": [
                "ChangeImageLayer", "Expression", "HarukaHorny",
                "IfPlayerLevelGreaterThan", "50", "RampUpFight"
            ]
        },
        {
            "NameOfScene": "RampUpFight",
            "theScene": [
                "LevelUpMonster", "MatchPlayer",
                "RecalculateMonsterExpDrop", "AlterByPercent", "70",
                "Haruka is unleashing her true strength against you!",
                "CallNextSceneJumpThenReturn", "IfMonsterLevelGreaterThan", "50", "Perks50",
                "CallNextSceneJumpThenReturn", "IfMonsterLevelGreaterThan", "55", "Perks55",
                "CallNextSceneJumpThenReturn", "IfMonsterLevelGreaterThan", "60", "Perks60",
                "CallNextSceneJumpThenReturn", "IfMonsterLevelGreaterThan", "65", "Perks65",
                "CallNextSceneJumpThenReturn", "IfMonsterLevelGreaterThan", "70", "Perks70",
                "CallNextSceneJumpThenReturn", "IfMonsterLevelGreaterThan", "75", "Perks75",
                "CallNextSceneJumpThenReturn", "IfMonsterLevelGreaterThan", "80", "Perks80"
                      ]
        },
        {
            "NameOfScene": "Perks50",
            "theScene": [
                          "GivePerkToMonster", "Steady Pacing",
                          "GivePerkToMonster", "Skilled Tongue",
                          "GivePerkToMonster", "Restraining Expert",
                          "ChangeMonsterSensitivity", "Ass", "-5",
                          "ChangeMonsterSensitivity", "Sex", "-5",
                          "GiveSkillToMonster", "Frotting"
                      ]
          },
          {
            "NameOfScene": "Perks55",
            "theScene": [
                          "GivePerkToMonster", "Lovers Passion",
                          "GivePerkToMonster", "Intimate Lover",
                          "GivePerkToMonster", "Energy Drainer",
                          "GivePerkToMonster",  "Grappler",
                          "ChangeMonsterStatusEffectResistances", "Stun", "10",
                          "ChangeMonsterEnergy", "50",
                          "GiveSkillToMonster", "Torture Stretch"
                      ]
          },
          {
            "NameOfScene": "Perks60",
            "theScene": [
                          "GivePerkToMonster", "Sex Expert",
                          "GivePerkToMonster", "Restraining Expert",
                          "GivePerkToMonster", "Skilled Tongue",
                          "ChangeMonsterSensitivity", "Mouth", "-10",
                          "ChangeMonsterSensitivity", "Magic", "-10",
                          "GiveSkillToMonster", "Taunting Grind"
                      ]
          },
          {
            "NameOfScene": "Perks65",
            "theScene": [
                          "GivePerkToMonster", "Seductive Touch",
                          "GivePerkToMonster", "Sensual Lover",
                          "GivePerkToMonster", "Grappler",
                          "ChangeMonsterSensitivity", "Ass", "-5",
                          "ChangeMonsterSensitivity", "Sex", "-5",
                          "GiveSkillToMonster", "Aphrodisiac Cock"
                      ]
          },
          {
            "NameOfScene": "Perks70",
            "theScene": [
                          "GivePerkToMonster", "Alluring",
                          "GivePerkToMonster", "Sex Master",
                          "GivePerkToMonster", "Expert Pacing",
                          "GivePerkToMonster", "Energy Drainer",
                          "ChangeMonsterStatusEffectResistances", "Stun", "10",
                          "ChangeMonsterEnergy", "50",
                          "GiveSkillToMonster", "Gagging Cock"
                      ]
          },
          {
            "NameOfScene": "Perks75",
            "theScene": [
                          "GivePerkToMonster", "Sensual Pace",
                          "GivePerkToMonster", "Unbridled Passion",
                          "GivePerkToMonster", "Semen Eater",
                          "GivePerkToMonster",  "Grappler",
                          "ChangeMonsterSensitivity", "Mouth", "-10",
                          "ChangeMonsterSensitivity", "Magic", "-10"
                      ]
          },
          {
            "NameOfScene": "Perks80",
            "theScene": [
                          "GivePerkToMonster", "Resilient",
                          "GivePerkToMonster", "Unbridled Passion",
                          "GivePerkToMonster", "Seductive Touch",
                          "GivePerkToMonster", "Enduring Body",
                          "ChangeMonsterStatusEffectResistances", "Stun", "10",
                          "ChangeMonsterEnergy", "50"
                      ]
          }
    ]
}
