{
    "name": "NarasBoobsCombat",
    "CardType": "",
    "CardLimit": "0",
    "Description": "",
    "requires": [""],
    "Speakers": [
        {
            "name": "Giant Nara's Boobs",
            "postName": "",
            "SpeakerType": ""
        }
    ],
    "EventText": [
        {
            "NameOfScene": "FightIntro",
            "theScene": [
            "ApplyStance", "Breastheld",
            "Nara's mountainous breasts surround you."
            ]
        },
        {
            "NameOfScene": "BreastCheck",
            "theScene": [
            "IfPlayerDoesntHaveStance", "Breastheld", "ApplyBreastheld"
            ]
        },
        {
            "NameOfScene": "ApplyBreastheld",
            "theScene": [
            "Your attempts to escape from Nara's breasts end with her using her finger to plunge you back into the depths of her breasts.",
            "ApplyStance", "Breastheld"
            ]
        },
        {
            "NameOfScene": "0",
            "theScene": [
            ""
            ]
        }
    ]
}
