{
    "name": "Weight of the World",
    "cost": "0",
    "costType": "ep",
    "requiredLevel": "0",
    "learningCost": "0",
    "skillType": "attack",
    "statType": "Power",
    "requiredStat": "0",
    "skillTags": ["Sex"],
    "fetishTags": ["Breasts"],
    "startsStance": "",
    "requiresStance": "Breastheld",
    "unusableIfStance": [ ""],
    "requiresTargetStance": [ "Breastheld"],
    "unusableIfTarget": [ ""],
    "removesStance": "None",
    "requiresStatusEffect": "None",
    "requiresStatusPotency": "0",
    "unusableIfStatusEffect": [ "None"],
    "targetType": "single",
        "accuracy": "100",
        "initiative": "0",
    "power": "40",
        "minRange": "90",
        "maxRange": "120",
    "recoil": "5",
    "critDamage": "0",
    "critChance": "0",
    "statusEffect": "Stun",
        "statusPotency": "0",
        "statusEffectScaling": "0",
        "statusDuration": "3",
        "statusChance": "100",
        "statusResistedBy": "Power",
    "statusText": "",
    "descrip": "",
    "outcome": "Diminuenda presses her breasts against the seat of her chair, and presses all of her weight onto you, burying you in her breasts.",
    "miss": "",
    "statusOutcome": "The immense pressure of Diminuenda's breasts leaves you dazed.",
    "statusMiss": "You manage to keep hold of your wits even while buried under her breasts.",
    "restraintStruggle": [""],
    "restraintStruggleCharmed": [""],
    "restraintEscaped": [""],
    "restraintEscapedFail": [""]
}
