{
    "name": "Chewing",
    "costType": "ep",
        "cost": "0",
    "requiredLevel": "0",
    "learningCost": "0",
    "skillType": "attack",
    "statType": "Core",
    "requiredStat": "0",

    "skillTags": ["Sex"],
    "fetishTags": ["Monstrous"],

    "startsStance": "",
    "requiresStance": "In Mouth",
    "unusableIfStance": [ ""],
    "requiresTargetStance": [ "Any"],
    "unusableIfTarget": [ ""],
    "removesStance": "None",
    "requiresStatusEffect": "None",
    "requiresStatusPotency": "0",
    "unusableIfStatusEffect": [ "None"],

    "targetType": "single",
        "accuracy": "999",
        "initiative": "0",

    "power": "45",
        "minRange": "90",
        "maxRange": "120",
    "recoil": "0",
    "critDamage": "0",
    "critChance": "0",

    "statusEffect": "Stunned",
        "statusPotency": "0",
        "statusEffectScaling": "0",
        "statusDuration": "2",
        "statusChance": "130",
        "statusResistedBy": "Power",

    "statusText": "Chewed and munched by Haruka",
    "descrip": "",
    "outcome": "[AttackerName] uses their tongue to place [TargetName] onto her back teeth, and bites down without a second thought. [AttackerName] continues to gnaw and grind her teeth on [TargetName]'s tiny body.",
    "miss": "",
    "statusOutcome": "The impact of [AttackerName]'s teeth has left [TargetName] stunned and motionless.",
    "statusMiss": "[TargetName] manages to resist being jostled by the fierce bite of [AttackerName].",

    "restraintStruggle": [""],
    "restraintStruggleCharmed": [""],
    "restraintEscaped": [""],
    "restraintEscapedFail": [""]
}
