{
    "name": "Surprise Licking",
    "costType": "ep",
        "cost": "0",
    "requiredLevel": "0",
    "learningCost": "0",
    "skillType": "attack",
    "statType": "Core",
    "requiredStat": "0",

    "skillTags": ["Sex"],
    "fetishTags": ["Monstrous"],

    "startsStance": "",
    "requiresStance": "In Mouth",
    "unusableIfStance": [ ""],
    "requiresTargetStance": [ "Any"],
    "unusableIfTarget": [ ""],
    "removesStance": "None",
    "requiresStatusEffect": "None",
    "requiresStatusPotency": "0",
    "unusableIfStatusEffect": [ "None"],

    "targetType": "single",
        "accuracy": "999",
        "initiative": "0",

    "power": "25",
        "minRange": "90",
        "maxRange": "109",
    "recoil": "0",
    "critDamage": "0",
    "critChance": "50",

    "statusEffect": "None",
        "statusPotency": "0",
        "statusEffectScaling": "0",
        "statusDuration": "0",
        "statusChance": "0",
        "statusResistedBy": "",

    "statusText": "",
    "descrip": "",
    "outcome": "[AttackerName] pins [TargetName] against her cheek and presses her meaty tongue against the captive target's ass, lapping at it repeatedly and surprising [TargetName].",
    "miss": "",
    "statusOutcome": "",
    "statusMiss": "",

    "restraintStruggle": [""],
    "restraintStruggleCharmed": [""],
    "restraintEscaped": [""],
    "restraintEscapedFail": [""]
}
