{
    "name": "Toe Suffocation",
    "cost": "0",
    "costType": "ep",
    "requiredLevel": "0",
    "learningCost": "0",
    "skillType": "attack",
    "statType": "Technique",
    "requiredStat": "0",
    "skillTags": ["Sex", "Pain"],
    "fetishTags": ["Feet"],
    "startsStance": [""],
    "requiresStance": "Between Feet",
    "unusableIfStance": [""],
    "requiresTargetStance": ["Any"],
    "unusableIfTarget": [""],
    "removesStance": ["None"],
    "requiresStatusEffect": "None",
    "requiresStatusPotency": "0",
    "unusableIfStatusEffect": ["None"],
    "targetType": "single",
        "accuracy": "100",
        "initiative": "0",
    "power": "30",
        "minRange": "90",
        "maxRange": "115",
    "recoil": "0",
    "critDamage": "0",
    "critChance": "0",
    "statusEffect": "Aphrodisiac",
        "statusPotency": "7",
        "statusEffectScaling": "0",
        "statusDuration": "3",
        "statusChance": "90",
        "statusResistedBy": "Willpower",
    "statusText": "",
    "descrip": "",
    "outcome": "The giantess presses your face harshly into her toe, holding you there as you struggle for fresh air.",
    "miss": "",
    "statusOutcome": "The aroma of her socked foot is too much for you, and even after her foot is off your face you still feel it's effects.",
    "statusMiss": "You manage to avoid breathing in the scent of her foot, and hold onto yourself.",
    "restraintStruggle": [""],
    "restraintStruggleCharmed": [""],
    "restraintEscaped": [""],
    "restraintEscapedFail": [""]
}
