{
    "name": "Toenail Scrape",
    "cost": "0",
    "costType": "ep",
    "requiredLevel": "0",
    "learningCost": "0",
    "skillType": "attack",
    "statType": "Technique",
    "requiredStat": "0",
    "skillTags": ["Sex"],
    "fetishTags": ["Feet"],
    "startsStance": [""],
    "requiresStance": "Between Feet",
    "unusableIfStance": [""],
    "requiresTargetStance": ["Any"],
    "unusableIfTarget": [""],
    "removesStance": ["None"],
    "requiresStatusEffect": "None",
    "requiresStatusPotency": "0",
    "unusableIfStatusEffect": ["None"],
    "targetType": "single",
        "accuracy": "100",
        "initiative": "0",
    "power": "30",
        "minRange": "90",
        "maxRange": "105",
    "recoil": "0",
    "critDamage": "0",
    "critChance": "0",
    "statusEffect": "None",
        "statusPotency": "0",
        "statusEffectScaling": "0",
        "statusDuration": "0",
        "statusChance": "0",
        "statusResistedBy": "",
    "statusText": "",
    "descrip": "",
    "outcome": "The giantess takes her big toe and presses her toenail against your skin, running it harshly against your body. Thanks to the curse you feel no pain, but you do feel a strange sense of arousal from the cruel act.",
    "miss": "",
    "statusOutcome": "",
    "statusMiss": "",
    "restraintStruggle": [""],
    "restraintStruggleCharmed": [""],
    "restraintEscaped": [""],
    "restraintEscapedFail": [""]
}
