{
    "name": "Armpit Grab",
    "costType": "ep",
        "cost": "0",
    "requiredLevel": "0",
    "learningCost": "0",
    "skillType": "attack",
    "statType": "Allure",
    "requiredStat": "0",

    "skillTags": [""],
    "fetishTags": [""],

    "startsStance": "",
    "requiresStance": "Any",
    "unusableIfStance": [ "Any"],
    "requiresTargetStance": [ "Any"],
    "unusableIfTarget": [ ""],
    "removesStance": ["None"],

    "requiresStatusEffect": "None",
    "requiresStatusPotency": "0",
    "unusableIfStatusEffect": ["None"],
        "requiresStatusEffectSelf": "None",
        "requiresStatusPotencySelf": "0",
        "unusableIfStatusEffectSelf": ["None"],

    "targetType": "single",
        "accuracy": "0",
        "initiative": "0",

    "power": "18",
        "minRange": "100",
        "maxRange": "100",
    "recoil": "0",
    "critDamage": "0",
    "critChance": "0",

    "statusEffect": "Aphrodisiac",
        "statusPotency": "9",
        "statusEffectScaling": "0",
        "statusDuration": "5",
        "statusChance": "75",
        "statusResistedBy": "Willpower",

    "statusText": "Intoxicated by Gwen's armpit.",
    "descrip": "",
    "outcome": "Gwen grabs hold of [TargetName] and brings [TargetHisOrHer] face close to her armpit, before clamping her arm down around the face of [TargetName], forcing [TargetHimOrHer] to breathe in the intoxicatingly sweet stench of her armpit.",
    "miss": "Gwen tries to grab hold of [TargetName], who deftly evades her hands and stays away.",
    "statusOutcome": "[TargetName] finds themselves aroused by the scent of Gwen's armpit, as [TargetHisOrHer] lust continues to grow.",
    "statusMiss": "",

    "restraintStruggle": [""],
    "restraintStruggleCharmed": [""],
    "restraintEscaped": [""],
    "restraintEscapedFail": [""]
}
