{
    "name": "Breast Smothering",
    "cost": "5",
    "costType": "ep",
    "requiredLevel": "0",
    "learningCost": "0",
    "skillType": "attack",
    "statType": "Core",
    "requiredStat": "7",
    "skillTags": [ "Seduction"],
    "fetishTags": [ "Breasts"],
    "startsStance": "",
    "requiresStance": "Breast Smother",
    "unusableIfStance": [ "Titfuck", "Blowjob", "Making Out"],
    "requiresTargetStance": [ "Any"],
    "unusableIfTarget": [ ""],
    "removesStance": "None",
    "requiresStatusEffect": "",
    "requiresStatusPotency": "0",
    "unusableIfStatusEffect": [ "None"],
    "power": "20",
    "minRange": "90",
    "maxRange": "110",
    "recoil": "0",
    "targetType": "single",
    "statusEffect": "Charm",
    "statusChance": "50",
    "statusDuration": "3",
    "statusPotency": "0",
    "statusResistedBy": "Willpower",
    "statusText": "",
    "descrip": "",
    "outcome": "[AttackerName] tightly squeezes [TargetName]'s head between [AttackerHisOrHer] warm cleavage before shake [AttackerHisOrHer] breasts into [TargetHisOrHer] face!",
    "miss": "[AttackerName] tightly squeezes [TargetName]'s head between [AttackerHisOrHer] warm cleavage before shaking [AttackerHisOrHer] breasts into [TargetHisOrHer] face, but [TargetName] manages to ignore the pleasant sensations!",
    "statusOutcome": "[TargetName] can't help but enjoy the feeling of [AttackerName]'s soft chest being pressed into his face! [TargetName] is charmed!",
    "statusMiss": "",
    "restraintStruggle": "",
    "restraintStruggleCharmed": "",
    "restraintEscaped": "",
    "restraintEscapedFail": ""
}
