{
    "name": "Breast Suffocation",
    "cost": "5",
    "costType": "ep",
    "requiredLevel": "0",
    "learningCost": "0",
    "statusEffectScaling": "25",
    "skillType": "attack",
    "statType": "Core",
    "requiredStat": "7",
    "skillTags": [ "Seduction"],
    "fetishTags": [ "Breasts"],
    "startsStance": "",
    "requiresStance": "Breast Smother",
    "unusableIfStance": [ "Titfuck", "Blowjob", "Making Out"],
    "requiresTargetStance": [ "Any"],
    "unusableIfTarget": [ ""],
    "removesStance": "None",
    "requiresStatusEffect": "",
    "requiresStatusPotency": "0",
    "unusableIfStatusEffect": [ "None"],
    "power": "20",
    "minRange": "90",
    "maxRange": "110",
    "recoil": "0",
    "targetType": "single",
    "statusEffect": "Defence",
    "statusChance": "40",
    "statusDuration": "5",
    "statusPotency": "-25",
    "statusResistedBy": "Willpower",
    "statusText": "Breast Suffocation",
    "descrip": "",
    "outcome": "[AttackerName] tightens [AttackerHisOrHer] grip on [TargetName]'s head, pulling [TargetHisOrHer] face deeper between [AttackerHisOrHer] ample breasts as she squeezes them together, making it so that the only thing [TargetName] can breathe in is the scent of her soft cleavage!",
    "miss": "[AttackerName] tightens [AttackerHisOrHer] grip on [TargetName]'s head, pulling [TargetHisOrHer] face deeper between [AttackerHisOrHer] ample breasts as she squeezes them together, but [TargetName] manages to resist!",
    "statusOutcome": "[TargetName] is having a hard time breathing, becoming light headed as [AttackerName] forces his face into her cleavage! As [TargetName] starts running out of air, [TargetHeOrShe] becomes less able to resist [AttackerName]! [TargetName]'s defence has been lowered!",
    "statusMiss": "",
    "restraintStruggle": "",
    "restraintStruggleCharmed": "",
    "restraintEscaped": "",
    "restraintEscapedFail": ""
}
