{
    "name": "Breast Burial",
    "cost": "5",
    "costType": "ep",
    "requiredLevel": "0",
    "learningCost": "0",
    "skillType": "attack",
    "statType": "Core",
    "requiredStat": "7",
    "skillTags": [ "Seduction"],
    "fetishTags": [ "Breasts"],
    "startsStance": "Breast Smother",
    "requiresStance": "Any",
    "unusableIfStance": [ "Titfuck", "Blowjob", "Making Out", "Breast Smother", "Anal - Futa", "Irrumatio"],
    "requiresTargetStance": [ "Any"],
    "unusableIfTarget": [ "Blowjob", "Sex", "Anal", "Face Sit", "Titfuck", "Footjob", "Tailjob", "Tail Fuck", "Making Out", "Anal - Phantom", "Spitroast"],
    "removesStance": "None",
    "requiresStatusEffect": "",
    "requiresStatusPotency": "0",
    "unusableIfStatusEffect": [ "None"],
    "power": "10",
    "minRange": "90",
    "maxRange": "110",
    "recoil": "0",
    "targetType": "single",
    "statusEffect": "Charm",
    "statusChance": "25",
    "statusDuration": "3",
    "statusPotency": "0",
    "statusResistedBy": "Willpower",
    "statusText": "",
    "descrip": "",
    "outcome": "[AttackerName] wraps [AttackerHisOrHer] arms around the back of [TargetName]'s head and forces [TargetHisOrHer] face between [AttackerHisOrHer] soft breasts!",
    "miss": "[AttackerName] tries to wrap [AttackerHisOrHer] arms around the back of [TargetName]'s head, but [TargetHeOrShe] manages to keep [AttackerHimOrHer] away!",
    "statusOutcome": "[TargetName] can't help but enjoy the feeling of [AttackerName]'s warm cleavage being pressed into his face! [TargetName] is charmed!",
    "statusMiss": "",
    "restraintStruggle": "",
    "restraintStruggleCharmed": "",
    "restraintEscaped": "",
    "restraintEscapedFail": ""
}
