{
    "name": "Gagging Spear",
    "costType": "ep",
        "cost": "0",
    "requiredLevel": "0",
    "learningCost": "0",
    "skillType": "attack",
    "statType": "Allure",
    "requiredStat": "0",

    "skillTags": ["Oral"],
    "fetishTags": [""],

    "startsStance": [""],
    "requiresStance": "Irrumatio",
    "unusableIfStance": [ "Titfuck"],
    "requiresTargetStance": [ "Irrumatio"],
    "unusableIfTarget": [ "Sex"],
    "removesStance": ["None"],

    "requiresPerk": [""],
    "requiresOnePerk": "",
    "unusableIfPerk": [""],
    "requiresPerkSelf": [""],
    "requiresOnePerkSelf": "",
    "unusableIfPerkSelf": [""],

    "requiresStatusEffect": "None",
    "requiresStatusPotency": "0",
    "unusableIfStatusEffect": ["None"],
        "requiresStatusEffectSelf": "None",
        "requiresStatusPotencySelf": "0",
        "unusableIfStatusEffectSelf": ["None"],

        "scalesWithStatusEffect": "",
        "flatDamageSF-FlatScaling": "0",
        "flatDamageSF-PercentScaling": "0",
        "totalDamageSF-PercentScaling": "0",

    "targetType": "single",
        "accuracy": "0",
        "initiative": "0",

    "power": "45",
        "minRange": "100",
        "maxRange": "120",
    "recoil": "20",
    "critDamage": "0",
    "critChance": "0",

    "statusEffect": "None",
        "statusPotency": "0",
        "statusEffectScaling": "0",
        "statusDuration": "0",
        "statusChance": "0",
        "statusResistedBy": "",

    "statusText": "",
    "descrip": "",
    "outcome": "Gwen roughly shoots her dick as far into the mouth of [TargetName] as it will go, triggering [TargetName]'s gag reflex and causing them to momentarily choke on the lengthy member inside [TargetHisOrHer] mouth.",
    "miss": "Gwen tries to push her dick to the back of [TargetName]'s mouth to gag them, but [TargetName] resists the attempt.",
    "statusOutcome": "",
    "statusMiss": "",

    "restraintStruggle": [""],
    "restraintStruggleCharmed": [""],
    "restraintEscaped": [""],
    "restraintEscapedFail": [""]
}
