{
    "name": "Gwen's Arousaga",
    "costType": "ep",
        "cost": "10",
    "requiredLevel": "0",
    "learningCost": "0",
    "skillType": "attack",
    "statType": "Intelligence",
    "requiredStat": "0",

    "skillTags": ["Magic"],
    "fetishTags": [""],

    "startsStance": "",
    "requiresStance": "Any",
    "unusableIfStance": [ "Any"],
    "requiresTargetStance": [ "Any"],
    "unusableIfTarget": [ ""],
    "removesStance": ["None"],

    "requiresStatusEffect": "None",
    "requiresStatusPotency": "0",
    "unusableIfStatusEffect": [ "None"],
    "targetType": "single",
        "accuracy": "0",
        "initiative": "0",

    "power": "40",
        "minRange": "85",
        "maxRange": "110",
    "recoil": "0",
    "critDamage": "0",
    "critChance": "15",

    "statusEffect": "Charm",
        "statusPotency": "0",
        "statusEffectScaling": "0",
        "statusDuration": "3",
        "statusChance": "90",
        "statusResistedBy": "Willpower",

    "statusText": "",
    "descrip": "",
    "outcome": "Gwen delicately weaves a string of blue magic around herself, before letting it flow over [TargetName]'s body, wracking [TargetHimOrHer] with pleasure.",
    "miss": "Gwen's weave of blue magic narrowly misses [TargetName]'s body.",
    "statusOutcome": "Gwen's spell tugs on [TargetName]'s mind, leaving [TargetHimOrHer] helplessly in love with Gwen!",
    "statusMiss": "",

    "restraintStruggle": [""],
    "restraintStruggleCharmed": [""],
    "restraintEscaped": [""],
    "restraintEscapedFail": [""]
}
