{
    "name": "Magical Binding",
    "cost": "20",
    "costType": "ep",
    "requiredLevel": "0",
    "learningCost": "500",
    "skillType": "statusEffect",
    "statType": "Intelligence",
    "statusEffectScaling": "30",
    "requiredStat": "10",
    "skillTags": [ "Afflictions"],
    "fetishTags": [ ""],
    "startsStance": "",
    "requiresStance": "Any",
    "unusableIfStance": [ "Face Sit", "Making Out", "Breast Smother"],
    "requiresTargetStance": [ "Any"],
    "unusableIfTarget": [ ""],
    "removesStance": "None",
    "requiresStatusEffect": "None",
    "requiresStatusPotency": "0",
    "unusableIfStatusEffect": [ "None"],
    "power": "0",
    "minRange": "0",
    "maxRange": "0",
    "recoil": "0",
    "targetType": "single",
    "statusEffect": "Restrain",
    "statusChance": "75",
    "statusDuration": "0",
    "statusPotency": "15",
    "statusResistedBy": "Technique",
    "statusText": "bound",
    "descrip": "Trap your foe with magical restraints! Requires your mouth to be free.",
    "outcome": "",
    "miss": "",
    "statusOutcome": "[AttackerName] chants and makes a few arcane motions before sending out magical ropes, binding [TargetYouOrMonsterName]!",
    "statusMiss": "[AttackerName] chants and makes a few arcane motions before sending out magical ropes, but [TargetName] easily evades them!",
    "restraintStruggle": "[TargetName] struggles against the arcane bindings...",
    "restraintStruggleCharmed": "[TargetName] squirms against the arcane bindings...",
    "restraintEscaped": "And breaks free, making the ropes shatter into motes of magic!",
    "restraintEscapedFail": "But can't break free of the coiling, magical ropes!"
}
