{
    "name": "Magic Touch",
    "cost": "20",
    "costType": "ep",
    "requiredLevel": "0",
    "learningCost": "1000",
    "skillType": "statusEffect",
    "statType": "Intelligence",
    "statusEffectScaling": "25",
    "requiredStat": "20",
    "skillTags": [ "Buffs"],
    "fetishTags": [ ""],
    "startsStance": "",
    "requiresStance": "Any",
    "unusableIfStance": [ ""],
    "requiresTargetStance": [ "Any"],
    "unusableIfTarget": [ ""],
    "removesStance": "None",
    "requiresStatusEffect": "None",
    "requiresStatusPotency": "0",
    "unusableIfStatusEffect": [ "None"],
    "power": "0",
    "minRange": "100",
    "maxRange": "100",
    "recoil": "0",
    "targetType": "single",
    "statusEffect": "Damage",
    "statusChance": "100",
    "statusDuration": "11",
    "statusPotency": "10",
    "statusResistedBy": "",
    "statusText": "Magic Touch",
    "descrip": "Boost how much arousal you inflict on your enemies!",
    "outcome": "",
    "miss": "",
    "statusOutcome": "[AttackerName] fills their body with magical power!",
    "statusMiss": "",
    "restraintStruggle": "",
    "restraintStruggleCharmed": "",
    "restraintEscaped": "",
    "restraintEscapedFail": ""
}
