{
    "name": "Smothering Face Fuck",
    "costType": "ep",
        "cost": "0",
    "requiredLevel": "0",
    "learningCost": "0",
    "skillType": "attack",
    "statType": "Allure",
    "requiredStat": "0",

    "skillTags": ["Oral"],
    "fetishTags": [""],

    "startsStance": [""],
    "requiresStance": "Irrumatio",
    "unusableIfStance": [ ""],
    "requiresTargetStance": [ "Irrumatio"],
    "unusableIfTarget": [ "Sex", "Anal"],
    "removesStance": ["None"],

    "requiresPerk": [""],
    "requiresOnePerk": "",
    "unusableIfPerk": [""],
    "requiresPerkSelf": [""],
    "requiresOnePerkSelf": "",
    "unusableIfPerkSelf": [""],

    "requiresStatusEffect": "None",
    "requiresStatusPotency": "0",
    "unusableIfStatusEffect": ["None"],
        "requiresStatusEffectSelf": "None",
        "requiresStatusPotencySelf": "0",
        "unusableIfStatusEffectSelf": ["None"],

        "scalesWithStatusEffect": "",
        "flatDamageSF-FlatScaling": "0",
        "flatDamageSF-PercentScaling": "0",
        "totalDamageSF-PercentScaling": "0",

    "targetType": "3Hits",
        "accuracy": "0",
        "initiative": "0",

    "power": "19",
        "minRange": "90",
        "maxRange": "110",
    "recoil": "8",
    "critDamage": "0",
    "critChance": "0",

    "statusEffect": "None",
        "statusPotency": "0",
        "statusEffectScaling": "0",
        "statusDuration": "0",
        "statusChance": "0",
        "statusResistedBy": "",

    "statusText": "",
    "descrip": "",
    "outcome": "Gwen brings [TargetName]'s head further and further down her cock, until [TargetName] finds it hard to breathe. Once at this depth, Gwen quickly thrusts several times, feeling her cock run along the tongue and throat of [TargetName].",
    "miss": "Gwen tries to face fuck [TargetName], but is unsuccessful.",
    "statusOutcome": "",
    "statusMiss": "",

    "restraintStruggle": [""],
    "restraintStruggleCharmed": [""],
    "restraintEscaped": [""],
    "restraintEscapedFail": [""]
}
