{
    "name": "Submissive Lure",
    "costType": "ep",
        "cost": "0",
    "requiredLevel": "0",
    "learningCost": "0",
    "skillType": "attack",
    "statType": "Intelligence",
    "requiredStat": "0",

    "skillTags": ["Oral"],
    "fetishTags": [""],

    "startsStance": ["Irrumatio"],
    "requiresStance": "Any",
    "unusableIfStance": [ "Any"],
    "requiresTargetStance": [ "Any"],
    "unusableIfTarget": [ "Sex", "Anal", "Footjob", "Titfuck", "Anal - Futa"],
    "removesStance": ["None"],

    "requiresStatusEffect": "None",
    "requiresStatusPotency": "0",
    "unusableIfStatusEffect": ["None"],
        "requiresStatusEffectSelf": "None",
        "requiresStatusPotencySelf": "0",
        "unusableIfStatusEffectSelf": ["None"],

    "targetType": "single",
        "accuracy": "0",
        "initiative": "0",

    "power": "23",
        "minRange": "100",
        "maxRange": "100",
    "recoil": "10",
    "critDamage": "0",
    "critChance": "0",

    "statusEffect": "None",
        "statusPotency": "0",
        "statusEffectScaling": "0",
        "statusDuration": "0",
        "statusChance": "0",
        "statusResistedBy": "",

    "statusText": "",
    "descrip": "",
    "outcome": "Gwen quickly murmurs arcane words that bend [TargetName]'s perception and feelings for just a moment. When [TargetName] can see again, [TargetHeOrShe] finds [TargetHisOrHer] lips wrapped around Gwen's lengthy cock, as she beams down with a smile.",
    "miss": "Gwen casts a submission spell at [TargetName], but [TargetHeOrShe] manages to put off the enchanting effects of the spell.",
    "statusOutcome": "",
    "statusMiss": "",

    "restraintStruggle": [""],
    "restraintStruggleCharmed": [""],
    "restraintEscaped": [""],
    "restraintEscapedFail": [""]
}
