{
    "name": "Toxic Arouse",
    "costType": "ep",
        "cost": "0",
    "requiredLevel": "0",
    "learningCost": "0",
    "skillType": "statusEffect",
    "statType": "Intelligence",
    "requiredStat": "0",

    "skillTags": ["Magic"],
    "fetishTags": [""],

    "startsStance": "",
    "requiresStance": "Any",
    "unusableIfStance": [ "Any"],
    "requiresTargetStance": [ "Any"],
    "unusableIfTarget": [ ""],
    "removesStance": ["None"],

    "requiresStatusEffect": "None",
    "requiresStatusPotency": "0",
    "unusableIfStatusEffect": ["None"],
        "requiresStatusEffectSelf": "None",
        "requiresStatusPotencySelf": "0",
        "unusableIfStatusEffectSelf": ["None"],

    "targetType": "single",
        "accuracy": "0",
        "initiative": "0",

    "power": "10",
        "minRange": "100",
        "maxRange": "100",
    "recoil": "0",
    "critDamage": "0",
    "critChance": "0",

    "statusEffect": "Aphrodisiac",
        "statusPotency": "15",
        "statusEffectScaling": "0",
        "statusDuration": "6",
        "statusChance": "120",
        "statusResistedBy": "Willpower",

    "statusText": "Hopelessly aroused by Gwen's spells.",
    "descrip": "",
    "outcome": "Gwen conjures a thick purple mist and layers the surrounding area with it, causing [TargetName] to breathe it in and feel [TargetHisOrHer] insides burn up in lusting hunger for Gwen.",
    "miss": "Gwen conjures a thick purple mist and spreads it around the battlefield, but [TargetName] avoids breathing in the short-lived mist.",
    "statusOutcome": "[TargetName] finds their head swirling in lust and pleasure directed towards Gwen.",
    "statusMiss": "Gwen's mist fails to course through your mind!",

    "restraintStruggle": [""],
    "restraintStruggleCharmed": [""],
    "restraintEscaped": [""],
    "restraintEscapedFail": [""]
}
