{
    "name": "Face Down, Ass up",
    "costType": "ep",
        "cost": "10",
    "requiredLevel": "0",
    "learningCost": "0",
    "skillType": "attack",
    "statType": "Power",
    "requiredStat": "0",

    "skillTags": ["Anal"],
    "fetishTags": [""],

    "startsStance": [""],
    "requiresStance": ["Anal - Futa"],
    "unusableIfStance": [""],
    "requiresTargetStance": ["Anal - Futa"],
    "unusableIfTarget": [""],
    "removesStance": ["None"],
    
    "requiresStatusEffect": "None",
    "requiresStatusPotency": "0",
    "unusableIfStatusEffect": ["None"],

    "targetType": "single",
        "accuracy": "0",
        "initiative": "0",

    "power": "25",
        "minRange": "80",
        "maxRange": "95",
    "recoil": "10",
    "critDamage": "0",
    "critChance": "0",

    "statusEffect": "None",
        "statusPotency": "0",
        "statusEffectScaling": "0",
        "statusDuration": "0",
        "statusChance": "0",
        "statusResistedBy": "",

    "statusText": "",
    "descrip": "Uses her foot to put your head down and keep fucking you",
    "outcome": "Haruka raises her foot above the head of [TargetName] and brings it crashed down on their head, forcing them into a bowing position as Haruka redoubles fucking [TargetName]'s ass in this submissive state.",
    "miss": "Haruka tries to use her foot to force [TargetName] to prostrate themselves, but [TargetName] gets [TargetHisOrHer] head out of the way in time.",
    "statusOutcome": "",
    "statusMiss": "",

    "restraintStruggle": [""],
    "restraintStruggleCharmed": [""],
    "restraintEscaped": [""],
    "restraintEscapedFail": [""]
}
