{
    "name": "Foot Lock Down",
    "costType": "ep",
        "cost": "10",
    "requiredLevel": "0",
    "learningCost": "0",
    "skillType": "attack",
    "statType": "Technique",
    "requiredStat": "0",

    "skillTags": ["Feet"],
    "fetishTags": ["Feet"],

    "startsStance": "Footjob",
    "requiresStance": "Any",
    "unusableIfStance": [ "Titfuck", "Blowjob", "Making Out", "Breast Smother", "Anal - Futa", "Irrumatio", "Footjob"],
    "requiresTargetStance": [ "Any"],
    "unusableIfTarget": ["Blowjob", "Sex", "Anal", "Face Sit", "Titfuck", "Footjob", "Tailjob", "Tail Fuck", "Anal - Futa", "Irrumatio", "Mating Press"],
    "removesStance": ["None"],
    
    "requiresStatusEffect": "None",
    "requiresStatusPotency": "0",
    "unusableIfStatusEffect": ["None"],

    "targetType": "single",
        "accuracy": "0",
        "initiative": "0",

    "power": "25",
        "minRange": "85",
        "maxRange": "100",
    "recoil": "0",
    "critDamage": "0",
    "critChance": "0",

    "statusEffect": "None",
        "statusPotency": "0",
        "statusEffectScaling": "0",
        "statusDuration": "0",
        "statusChance": "0",
        "statusResistedBy": "",

    "statusText": "",
    "descrip": "Footjob starter",
    "outcome": "Haruka deftly sweeps [TargetName] off [TargetHisOrHer] feet. Haruka then sits down and grabs the feet of [TargetName] and holds them off the ground while she places her stocking-clad feet against the dick of [TargetName] and starts to slowly jack them off.",
    "miss": "Haruka tries to knock [TargetName] off [TargetHisOrHer] feet to do something, but [TargetName] successfully dodges the takedown attempt.",
    "statusOutcome": "",
    "statusMiss": "",

    "restraintStruggle": [""],
    "restraintStruggleCharmed": [""],
    "restraintEscaped": [""],
    "restraintEscapedFail": [""]
}
