{
    "name": "Leg Lock Fellatio",
    "costType": "ep",
        "cost": "10",
    "requiredLevel": "0",
    "learningCost": "0",
    "skillType": "attack",
    "statType": "Power",
    "requiredStat": "0",

    "skillTags": ["Oral"],
    "fetishTags": [""],

    "startsStance": [""],
    "requiresStance": "Irrumatio",
    "unusableIfStance": [ ""],
    "requiresTargetStance": [ "Irrumatio"],
    "unusableIfTarget": [ "Sex", "Anal"],
    "removesStance": ["None"],
    
    "requiresStatusEffect": "None",
    "requiresStatusPotency": "0",
    "unusableIfStatusEffect": ["None"],

    "targetType": "single",
        "accuracy": "0",
        "initiative": "0",

    "power": "50",
        "minRange": "80",
        "maxRange": "110",
    "recoil": "10",
    "critDamage": "0",
    "critChance": "0",

    "statusEffect": "None",
        "statusPotency": "0",
        "statusEffectScaling": "0",
        "statusDuration": "0",
        "statusChance": "0",
        "statusResistedBy": "",

    "statusText": "",
    "descrip": "Locks a deepthroat in for a bit",
    "outcome": "While Haruka fucks the mouth of [TargetName], she wraps a leg around [TargetHisOrHer] head and brings the mouth of the helpless adventurer to the base of her cock, forcing them to gag on the considerable length of Haruka's member.",
    "miss": "Haruka tries to wrap her leg around [TargetName]'s head to force them deeper into the blowjob, but [TargetName] manages to keep Haruka's leg lock away.",
    "statusOutcome": "",
    "statusMiss": "",

    "restraintStruggle": [""],
    "restraintStruggleCharmed": [""],
    "restraintEscaped": [""],
    "restraintEscapedFail": [""]
}
