{
    "name": "Mouth Filler",
    "costType": "ep",
        "cost": "10",
    "requiredLevel": "0",
    "learningCost": "0",
    "skillType": "attack",
    "statType": "Power",
    "requiredStat": "0",

    "skillTags": ["Oral"],
    "fetishTags": [""],

    "startsStance": "Irrumatio",
    "requiresStance": "Any",
    "unusableIfStance": [ "Making Out", "Blowjob"],
    "requiresTargetStance": [ "Any"],
    "unusableIfTarget": [ "Sex", "Anal", "Footjob", "Titfuck", "Anal - Futa", "Blowjob", "Face Sit", "Titfuck", "Tailjob", "Tail Fuck", "Mating Press"],
    "removesStance": ["None"],
    
    "requiresStatusEffect": "None",
    "requiresStatusPotency": "0",
    "unusableIfStatusEffect": ["None"],

    "targetType": "single",
        "accuracy": "0",
        "initiative": "0",

    "power": "25",
        "minRange": "80",
        "maxRange": "90",
    "recoil": "10",
    "critDamage": "0",
    "critChance": "0",

    "statusEffect": "None",
        "statusPotency": "0",
        "statusEffectScaling": "0",
        "statusDuration": "0",
        "statusChance": "0",
        "statusResistedBy": "",

    "statusText": "",
    "descrip": "Blowjob start",
    "outcome": "Haruka kicks at the knees of [TargetName], driving them to the ground for a moment. Before [TargetName] can recover, Haruka stands over them, pressing her cock against the lips of [TargetName]. [TargetName] can't hold out before Haruka pushes her way into [TargetHisOrHer] mouth and starts to thrust back and forth.",
    "miss": "Haruka attempts to knock down [TargetName], but [TargetHeOrShe] steps back and remains on their feet.",
    "statusOutcome": "",
    "statusMiss": "",

    "restraintStruggle": [""],
    "restraintStruggleCharmed": [""],
    "restraintEscaped": [""],
    "restraintEscapedFail": [""]
}
