{
    "name": "Overlimit",
    "cost": "20",
    "costType": "ep",
    "requiredLevel": "0",
    "learningCost": "1000",
    "skillType": "statusEffect",
    "statType": "Power",
    "statusEffectScaling": "48",
    "requiredStat": "40",
    "skillTags": [ "Buffs"],
    "fetishTags": [ ""],
    "startsStance": "",
    "requiresStance": "Any",
    "unusableIfStance": [ ""],
    "requiresTargetStance": [ "Any"],
    "unusableIfTarget": [ ""],
    "removesStance": "None",
    "requiresStatusEffect": "None",
    "requiresStatusPotency": "0",
    "unusableIfStatusEffect": [ "None"],
    "power": "0",
    "minRange": "100",
    "maxRange": "100",
    "recoil": "0",
    "targetType": "single",
    "statusEffect": "Power",
    "statusChance": "100",
    "statusDuration": "11",
    "statusPotency": "2",
    "statusResistedBy": "",
    "statusText": "Overlimit",
    "descrip": "Break beyond the limits of your strength, increasing your power! However this will lower your defense by 25%, this detriment can't be removed with items or skills.",
    "outcome": "",
    "miss": "",
    "statusOutcome": "|f|GivePerkQuietly|/|Overlimit|n|[AttackerName]'s power surges, boosting [AttackerHisOrHer] strength! But [AttackerHeOrShe] is left with lowered defenses...",
    "statusMiss": "",
    "restraintStruggle": "",
    "restraintStruggleCharmed": "",
    "restraintEscaped": "",
    "restraintEscapedFail": ""
}
