{
    "name": "Pin",
    "cost": "10",
    "costType": "ep",
    "requiredLevel": "0",
    "learningCost": "500",
    "skillType": "statusEffect",
    "statType": "Power",
    "statusEffectScaling": "35",
    "requiredStat": "10",
    "skillTags": [ "Afflictions"],
    "fetishTags": [ ""],
    "startsStance": "",
    "requiresStance": "Any",
    "unusableIfStance": [ "Footjob", "Face Sit"],
    "requiresTargetStance": [ "Any"],
    "unusableIfTarget": [ ""],
    "removesStance": "None",
    "requiresStatusEffect": "None",
    "requiresStatusPotency": "0",
    "unusableIfStatusEffect": [ "None"],
    "power": "0",
    "minRange": "0",
    "maxRange": "0",
    "recoil": "0",
    "targetType": "single",
    "statusEffect": "Restrain",
    "statusChance": "75",
    "statusDuration": "0",
    "statusPotency": "15",
    "statusResistedBy": "Power",
    "statusText": "pinned",
    "descrip": "Pin your foe with your body and restrain them! You can only pin one person at a time.",
    "outcome": "",
    "miss": "",
    "statusOutcome": "|f|CallCombatEventAndScene|/|PlayerEndOfCombat|/|StartPin|n|[AttackerName] grabs [TargetName] and pins [TargetHimOrHer] down!",
    "statusMiss": "[AttackerName] tries to pin down [TargetName], but they resist!",
    "restraintStruggle": "[TargetName] struggles against [AttackerName]'s grip...",
    "restraintStruggleCharmed": "[TargetName] weakly struggles against [AttackerName]'s grip...",
    "restraintEscaped": "|f|CallCombatEventAndScene|/|PlayerEndOfCombat|/|EndPin|n|[TargetName] manages get free of [AttackerName]'s pin!",
    "restraintEscapedFail": "But [TargetName] can't get free of [AttackerName]'s tight hold!",
    "restraintOnLoss": "|f|CallCombatEventAndScene|/|PlayerEndOfCombat|/|EndPin|n|"
}
