{
    "name": "Power Up!",
    "cost": "20",
    "costType": "ep",
    "requiredLevel": "0",
    "learningCost": "1000",
    "skillType": "statusEffect",
    "statType": "Power",
    "statusEffectScaling": "140",
    "requiredStat": "20",
    "skillTags": [ "Buffs"],
    "fetishTags": [ ""],
    "startsStance": "",
    "requiresStance": "Any",
    "unusableIfStance": [ ""],
    "requiresTargetStance": [ "Any"],
    "unusableIfTarget": [ ""],
    "removesStance": "None",
    "requiresStatusEffect": "None",
    "requiresStatusPotency": "0",
    "unusableIfStatusEffect": [ "None"],
    "power": "0",
    "minRange": "100",
    "maxRange": "100",
    "recoil": "0",
    "targetType": "single",
    "statusEffect": "Damage",
    "statusChance": "100",
    "statusDuration": "2",
    "statusPotency": "60",
    "statusResistedBy": "",
    "statusText": "Power Up!",
    "descrip": "An old hero skill that greatly empowers you for one turn, boosting how much arousal you deal. Works in the bedroom as well.",
    "outcome": "",
    "miss": "",
    "statusOutcome": "[AttackerName] channels [AttackerHisOrHer] heroic spirit for a massive boost of power!",
    "statusMiss": "",
    "restraintStruggle": "",
    "restraintStruggleCharmed": "",
    "restraintEscaped": "",
    "restraintEscapedFail": ""
}
