{
    "name": "Ramming Speed",
    "costType": "ep",
        "cost": "10",
    "requiredLevel": "0",
    "learningCost": "0",
    "skillType": "attack",
    "statType": "Power",
    "requiredStat": "0",

    "skillTags": ["Sex", "Anal"],
    "fetishTags": [""],

    "startsStance": [""],
    "requiresStance": ["Anal - Futa"],
    "unusableIfStance": [""],
    "requiresTargetStance": ["Anal - Futa"],
    "unusableIfTarget": [""],
    "removesStance": ["None"],
    
    "requiresStatusEffect": "None",
    "requiresStatusPotency": "0",
    "unusableIfStatusEffect": ["None"],

    "targetType": "single",
        "accuracy": "0",
        "initiative": "0",

    "power": "45",
        "minRange": "80",
        "maxRange": "120",
    "recoil": "10",
    "critDamage": "0",
    "critChance": "0",

    "statusEffect": "None",
        "statusPotency": "0",
        "statusEffectScaling": "0",
        "statusDuration": "0",
        "statusChance": "0",
        "statusResistedBy": "",

    "statusText": "",
    "descrip": "Fast-paced fucking",
    "outcome": "Haruka grabs [TargetName] firmly around the waist and starts to vigorously thrust her hips at the adventurer, sending her cock shooting back and forth through [TargetName]'s ass at dizzying speeds.",
    "miss": "Haruka attempts to quicken the speed of her fucking the ass of [TargetName], who grits their teeth and bears the attack.",
    "statusOutcome": "",
    "statusMiss": "",

    "restraintStruggle": [""],
    "restraintStruggleCharmed": [""],
    "restraintEscaped": [""],
    "restraintEscapedFail": [""]
}
