{
    "name": "Stocking Stuffing",
    "costType": "ep",
        "cost": "10",
    "requiredLevel": "0",
    "learningCost": "0",
    "skillType": "attack",
    "statType": "Allure",
    "requiredStat": "0",

    "skillTags": ["Feet"],
    "fetishTags": ["Feet"],

    "startsStance": [""],
    "requiresStance": "Footjob",
    "unusableIfStance": [ ""],
    "requiresTargetStance": [ "Any"],
    "unusableIfTarget": [ ""],
    "removesStance": ["None"],
    
    "requiresStatusEffect": "None",
    "requiresStatusPotency": "0",
    "unusableIfStatusEffect": ["None"],

    "targetType": "single",
        "accuracy": "0",
        "initiative": "0",

    "power": "30",
        "minRange": "100",
        "maxRange": "100",
    "recoil": "0",
    "critDamage": "0",
    "critChance": "0",

    "statusEffect": "None",
        "statusPotency": "0",
        "statusEffectScaling": "0",
        "statusDuration": "0",
        "statusChance": "0",
        "statusResistedBy": "",

    "statusText": "",
    "descrip": "Stuffs her stockings in face",
    "outcome": "Haruka swiftly brings a socked foot up from [TargetName]'s cock and brings her sole down upon their face, before grinding her stocking-clad foot against [TargetName]'s face, forcing [TargetHimOrHer] to breathe in the scent of her foot.",
    "miss": "Haruka rubs her stocking-clad foot on the face of [TargetName], but it doesn't seem to effect [TargetHimOrHer]",
    "statusOutcome": "",
    "statusMiss": "",

    "restraintStruggle": [""],
    "restraintStruggleCharmed": [""],
    "restraintEscaped": [""],
    "restraintEscapedFail": [""]
}
