{
    "name": "Cock Binding",
    "costType": "ep",
        "cost": "10",
    "requiredLevel": "0",
    "learningCost": "0",
    "skillType": "attack",
    "statType": "Intelligence",
    "requiredStat": "0",

    "skillTags": ["Sex"],
    "fetishTags": ["Monstrous"],

    "startsStance": "Cock Worship",
    "requiresStance": "Miniature",
    "unusableIfStance": [ ""],
    "requiresTargetStance": [ "Miniature"],
    "unusableIfTarget": [ "Blowjob"],
    "removesStance": "None",
    "requiresStatusEffect": "None",
    "requiresStatusPotency": "0",
    "unusableIfStatusEffect": [ "None"],

    "targetType": "single",
        "accuracy": "100",
        "initiative": "0",

    "power": "23",
        "minRange": "85",
        "maxRange": "112",
    "recoil": "5",
    "critDamage": "0",
    "critChance": "0",

    "statusEffect": "None",
        "statusPotency": "0",
        "statusEffectScaling": "0",
        "statusDuration": "0",
        "statusChance": "0",
        "statusResistedBy": "",

    "statusText": "",
    "descrip": "",
    "outcome": "[AttackerName]'s eyes glow with energy as miniature chains of energy fire toward [TargetName]'s neck, binding [TargetHimOrHer] to the colossal futa's shaft. [AttackerName] looks at their captive prey and licks their lips seductively.",
    "miss": "[AttackerName] attempts to place a collar around [TargetName] and bind [TargetHimOrHer] to her colossal cock.",
    "statusOutcome": "",
    "statusMiss": "",

    "restraintStruggle": [""],
    "restraintStruggleCharmed": [""],
    "restraintEscaped": [""],
    "restraintEscapedFail": [""]
}
