{
    "name": "Forced Worship",
    "costType": "ep",
        "cost": "10",
    "requiredLevel": "0",
    "learningCost": "0",
    "skillType": "attack",
    "statType": "Intelligence",
    "requiredStat": "0",

    "skillTags": ["Sex"],
    "fetishTags": ["Monstrous"],

    "startsStance": "",
    "requiresStance": "Cock Worship",
    "unusableIfStance": [ ""],
    "requiresTargetStance": [ "Any"],
    "unusableIfTarget": [ ""],
    "removesStance": "None",
    "requiresStatusEffect": "None",
    "requiresStatusPotency": "0",
    "unusableIfStatusEffect": [ "None"],

    "targetType": "single",
        "accuracy": "999",
        "initiative": "0",

    "power": "10",
        "minRange": "100",
        "maxRange": "100",
    "recoil": "0",
    "critDamage": "0",
    "critChance": "0",

    "statusEffect": "Charm",
        "statusPotency": "3",
        "statusEffectScaling": "0",
        "statusDuration": "3",
        "statusChance": "115",
        "statusResistedBy": "Willpower",

    "statusText": "Enchanted to worship Gwen's cock",
    "descrip": "",
    "outcome": "[AttackerName]'s eyes glow with arcane power as [TargetName] is chained to the giantess' cock, and soon [TargetHeOrShe] finds themselves unable to resist from licking and worshipping the hard member in front of them.",
    "miss": "",
    "statusOutcome": "As [TargetName] is compelled to worship [AttackerName]'s shaft, they find themselves smitten with the gargantuan cock they are atop.",
    "statusMiss": "[TargetName] resists the alluring charm of [AttackerName]'s massive cock.",

    "restraintStruggle": [""],
    "restraintStruggleCharmed": [""],
    "restraintEscaped": [""],
    "restraintEscapedFail": [""]
}
