{
    "name": "Kiss The Tip",
    "costType": "ep",
        "cost": "10",
    "requiredLevel": "0",
    "learningCost": "0",
    "skillType": "attack",
    "statType": "Intelligence",
    "requiredStat": "0",

    "skillTags": ["Sex"],
    "fetishTags": ["Monstrous"],

    "startsStance": "",
    "requiresStance": "Cock Worship",
    "unusableIfStance": [ ""],
    "requiresTargetStance": [ "Any"],
    "unusableIfTarget": [ ""],
    "removesStance": "None",
    "requiresStatusEffect": "None",
    "requiresStatusPotency": "0",
    "unusableIfStatusEffect": [ "None"],

    "targetType": "single",
        "accuracy": "999",
        "initiative": "0",

    "power": "23",
        "minRange": "85",
        "maxRange": "110",
    "recoil": "6",
    "critDamage": "0",
    "critChance": "0",

    "statusEffect": "Aphrodisiac",
        "statusPotency": "7",
        "statusEffectScaling": "0",
        "statusDuration": "3",
        "statusChance": "150",
        "statusResistedBy": "Willpower",

    "statusText": "",
    "descrip": "",
    "outcome": "[AttackerName] moves [TargetName] to the front of her cock, where her tip glistens with precum. She demands [TargetName] lap at her oozing cum and [TargetName] obeys, licking at the salty liquid.",
    "miss": "",
    "statusOutcome": "as [AttackerName]'s cum flows through [TargetName]'s body, they feel an incredible feeling of lust surge through [TargetHisOrHer] body.",
    "statusMiss": "",

    "restraintStruggle": [""],
    "restraintStruggleCharmed": [""],
    "restraintEscaped": [""],
    "restraintEscapedFail": [""]
}
