{
    "name": "Rune of Super Saiyan",
    "itemType": "Rune",
    "cost": "500",
    "descrip": "A rune given to you by Haruka. Imbues you with otherworldly strength and grants you 150 Arousal, 10 Power, raises resistances to being stunned and lowered sensitivity to sex, ass, and mouth.",
    "requires": [ ""],
    "perks": [ "SuperStrengthRune"],

    "hp": "150",
    "ep": "0",
    "sp": "0",

    "Exp": "0",
    "Power": "10",
    "Technique": "0",
    "Intelligence": "0",
    "Allure": "0",
    "Willpower": "0",
    "Luck": "0",

    "statusEffect": "None",
    "statusChance": "0",
    "statusPotency": "0",

    "BodySensitivity": { "Sex": "-5",
              "Ass": "-5",
              "Breasts": "0",
              "Mouth": "-5",
              "Seduction": "0",
              "Magic": "0",
              "Pain": "0",
              "Holy": "0",
              "Unholy": "0"
    },

    "resistancesStatusEffects": {
              "Stun": "15",
              "Charm": "0",
              "Aphrodisiac": "0",
              "Restraints": "0",
              "Sleep": "0",
              "Trance": "0",
              "Paralysis": "0"
    },

    "useOutcome": "",
    "useMiss": ""

}
