{
    "name": "Giant Electrify",
    "cost": "10",
    "costType": "ep",
    "requiredLevel": "0",
    "learningCost": "2500",
    "skillType": "attack",
    "statType": "Intelligence",
    "statusEffectScaling": "25",
    "requiredStat": "40",
    "skillTags": [ "Pain", "Magic"],
    "fetishTags": [ ""],
    "startsStance": "",
    "requiresStance": "Miniature",
    "unusableIfStance": [ ""],
    "requiresTargetStance": [ "Any"],
    "unusableIfTarget": [ ""],
    "removesStance": "None",
    "requiresStatusEffect": "None",
    "requiresStatusPotency": "0",
    "unusableIfStatusEffect": [ "None"],
    "power": "25",
    "minRange": "90",
    "maxRange": "110",
    "recoil": "0",
    "targetType": "single",
    "statusEffect": "Stun",
    "statusChance": "25",
    "statusDuration": "2",
    "statusPotency": "0",
    "statusResistedBy": "Power",
    "statusText": "",
    "descrip": "Use magic to send light electric currents across your target's body. Can stun.",
    "outcome": "[AttackerName] caresses [TargetName]'s body with [AttackerHisOrHer] hands while sending bits of magical electricity across them, forcing them to cry out in pleasurable pain.",
    "miss": "[AttackerName] caresses [TargetName]'s body with [AttackerHisOrHer] hands while sending bits of magical electricity across them, but [TargetName] seems completely unaffected!.",
    "statusOutcome": "The magic leaves [TargetName] senselessly incoherent! [TargetName] is stunned!",
    "statusMiss": "",
    "restraintStruggle": "",
    "restraintStruggleCharmed": "",
    "restraintEscaped": "",
    "restraintEscapedFail": ""
}
