{
    "name": "Giant Sense Weakness",
    "cost": "20",
    "costType": "ep",
    "requiredLevel": "0",
    "learningCost": "1000",
    "skillType": "statusEffect",
    "statType": "Technique",
    "statusEffectScaling": "25",
    "requiredStat": "20",
    "skillTags": [ "Buffs"],
    "fetishTags": [ ""],
    "startsStance": "",
    "requiresStance": "Miniature",
    "unusableIfStance": [ ""],
    "requiresTargetStance": [ "Any"],
    "unusableIfTarget": [ ""],
    "removesStance": "None",
    "requiresStatusEffect": "None",
    "requiresStatusPotency": "0",
    "unusableIfStatusEffect": [ "None"],
    "power": "0",
    "minRange": "100",
    "maxRange": "100",
    "recoil": "0",
    "targetType": "single",
    "statusEffect": "Crit",
    "statusChance": "100",
    "statusDuration": "6",
    "statusPotency": "15",
    "statusResistedBy": "",
    "statusText": "Sense Weakness",
    "descrip": "Find your opponent's sensitive areas more easily, boosting your critical chance!",
    "outcome": "",
    "miss": "",
    "statusOutcome": "[AttackerName]'s senses sharpen, and they can see exactly how to pleasure [AttackerHisOrHer] foes!",
    "statusMiss": "",
    "restraintStruggle": "",
    "restraintStruggleCharmed": "",
    "restraintEscaped": "",
    "restraintEscapedFail": ""
}
