{
    "name": "Giant Arousara",
    "cost": "20",
    "costType": "ep",
    "requiredLevel": "0",
    "learningCost": "1000",
    "skillType": "attack",
    "statType": "Intelligence",
    "requiredStat": "20",
    "skillTags": [ "Magic"],
    "fetishTags": [ ""],
    "startsStance": "",
    "requiresStance": "Miniature",
    "unusableIfStance": [ ""],
    "requiresTargetStance": [ "Any"],
    "unusableIfTarget": [ ""],
    "removesStance": "None",
    "requiresStatusEffect": "None",
    "requiresStatusPotency": "0",
    "unusableIfStatusEffect": [ "None"],
    "power": "25",
    "minRange": "85",
    "maxRange": "115",
    "recoil": "0",
    "targetType": "all",
    "statusEffect": "None",
    "statusChance": "0",
    "statusDuration": "0",
    "statusPotency": "0",
    "statusResistedBy": "",
    "statusText": "",
    "descrip": "Erotic magic that arouses every enemy.",
    "outcome": "[AttackerName] sends out a wave of pleasurable magic, causing [TargetName]'s body to shake with pleasure.",
    "miss": "[AttackerName] sends out a wave of pleasurable magic, but it seems to have no effect on [TargetName].",
    "statusOutcome": "",
    "statusMiss": "",
    "restraintStruggle": "",
    "restraintStruggleCharmed": "",
    "restraintEscaped": "",
    "restraintEscapedFail": ""
}
