{
    "name": "Phantom Cum Blast",
    "costType": "ep",
        "cost": "10",
    "requiredLevel": "0",
    "learningCost": "0",
    "skillType": "attack",
    "statType": "Allure",
    "requiredStat": "0",

    "skillTags": ["Sex"],
    "fetishTags": [""],

    "startsStance": "",
    "requiresStance": "Miniature",
    "unusableIfStance": [ ""],
    "requiresTargetStance": [ "Any"],
    "unusableIfTarget": [ ""],
    "removesStance": "None",
    "requiresStatusEffect": "None",
    "requiresStatusPotency": "0",
    "unusableIfStatusEffect": [ "None"],
    "targetType": "single",
        "accuracy": "0",
        "initiative": "0",

    "power": "50",
        "minRange": "90",
        "maxRange": "120",
    "recoil": "0",
    "critDamage": "0",
    "critChance": "0",

    "statusEffect": "Technique",
        "statusPotency": "5",
        "statusEffectScaling": "0",
        "statusDuration": "4",
        "statusChance": "100",
        "statusResistedBy": "Technique",

    "statusText": "Drenched In Cum",
    "descrip": "",
    "outcome": "Gwen aims her monstrous cock at [TargetName]'s diminutive form, and fires a load of magically created cum at [TargetHimOrHer].",
    "miss": "[TargetName] rolls out of the way of the spray of the magically created cum.",
    "statusOutcome": "[TargetName] finds themselves covered in the magically reproduced cum, slowing their speed significantly.",
    "statusMiss": "",

    "restraintStruggle": [""],
    "restraintStruggleCharmed": [""],
    "restraintEscaped": [""],
    "restraintEscapedFail": [""]
}
