{
    "name": "Sense Warp - Armpit",
    "costType": "ep",
        "cost": "10",
    "requiredLevel": "0",
    "learningCost": "0",
    "skillType": "attack",
    "statType": "Intelligence",
    "requiredStat": "0",

    "skillTags": ["Sex"],
    "fetishTags": [""],

    "startsStance": "",
    "requiresStance": "Miniature",
    "unusableIfStance": [ ""],
    "requiresTargetStance": [ "Any"],
    "unusableIfTarget": [ ""],
    "removesStance": "None",
    "requiresStatusEffect": "None",
    "requiresStatusPotency": "0",
    "unusableIfStatusEffect": [ "None"],
    "targetType": "single",
        "accuracy": "100",
        "initiative": "0",

    "power": "10",
        "minRange": "80",
        "maxRange": "100",
    "recoil": "0",
    "critDamage": "0",
    "critChance": "0",

    "statusEffect": "Aphrodisiac",
        "statusPotency": "18",
        "statusEffectScaling": "0",
        "statusDuration": "8",
        "statusChance": "90",
        "statusResistedBy": "Willpower",

    "statusText": "Entranced by Armpit Stench",
    "descrip": "",
    "outcome": "Gwen transfers [TargetName]'s senses to her armpit, allowing [TargetHimOrHer] to feel, taste, and smell everything that Gwen's armpit is experiencing.",
    "miss": "",
    "statusOutcome": "The overflowing sensations in [TargetName]'s head leaves them intoxicated and yearning for more.",
    "statusMiss": "",

    "restraintStruggle": [""],
    "restraintStruggleCharmed": [""],
    "restraintEscaped": [""],
    "restraintEscapedFail": [""]
}
