{
    "name": "Carrying Fuck - Futa",
    "cost": "20",
    "costType": "ep",
    "requiredLevel": "0",
    "learningCost": "0",
    "skillType": "attack",
    "statType": "Power",
    "requiredStat": "0",

    "skillTags": [ "Penetration"],
    "fetishTags": [ "Penetration", "Cock"],

    "startsStance": [""],
    "requiresStance": "Anal - Futa",
    "unusableIfStance": [ "Blowjob"],
    "requiresTargetStance": [ "Anal - Futa"],
    "unusableIfTarget": [ ""],
    "removesStance": ["None"],

    "requiresPerk": [""],
    "requiresOnePerk": "",
    "unusableIfPerk": [""],
    "requiresPerkSelf": [""],
    "requiresOnePerkSelf": "",
    "unusableIfPerkSelf": [""],

    "requiresStatusEffect": "None",
    "requiresStatusPotency": "0",
    "unusableIfStatusEffect": ["None"],
        "requiresStatusEffectSelf": "None",
        "requiresStatusPotencySelf": "0",
        "unusableIfStatusEffectSelf": ["None"],

        "scalesWithStatusEffect": "",
        "flatDamageSF-FlatScaling": "0",
        "flatDamageSF-PercentScaling": "0",
        "totalDamageSF-PercentScaling": "0",

    "targetType": "single",
        "accuracy": "0",
        "initiative": "0",

        "power": "75",
        "minRange": "90",
        "maxRange": "110",
        "recoil": "40",
    "critDamage": "0",
    "critChance": "0",

    "statusEffect": "Willpower",
        "statusPotency": "-10",
        "statusEffectScaling": "25",
        "statusDuration": "6",
        "statusChance": "75",
        "statusResistedBy": "Willpower",

    "statusText": "Relentlessly Fucked",
    "descrip": "Lift your opponent and fuck them silly. Recoils heavily. Requires the target to be restrained.",
    "outcome": "While holding up [TargetName]'s restrained form, [AttackerName] roughly thrusts up into [TargetHisOrHer] ass at a rapid tempo, leaving the both of them moaning in pleasure as their hips slam together.",
    "miss": "While holding up [TargetName]'s restrained form, [AttackerName] roughly thrusts up into [TargetHisOrHer] ass at a rapid tempo, but [TargetHeOrShe] seems unaffected!",
    "statusOutcome": "[TargetName]'s mind is left spinning in a sexual daze as you work to fuck them into an incoherent puddle of pleasure, every meeting of your hips leaving them whimpering in primal ecstasy.",
    "statusMiss": "",

    "restraintStruggle": [""],
    "restraintStruggleCharmed": [""],
    "restraintEscaped": [""],
    "restraintEscapedFail": [""]
}
