{
    "name": "Channeling Thrust - Futa",
    "cost": "0",
    "costType": "ep",
    "requiredLevel": "0",
    "learningCost": "0",
    "skillType": "attack",
    "statType": "Intelligence",
    "requiredStat": "0",

    "skillTags": [ "Penetration"],
    "fetishTags": [ "Penetration", "Cock"],

    "startsStance": [""],
    "requiresStance": "Anal - Futa",
    "unusableIfStance": [ "Blowjob"],
    "requiresTargetStance": [ "Anal - Futa"],
    "unusableIfTarget": [ ""],
    "removesStance": ["None"],

    "requiresPerk": [""],
    "requiresOnePerk": "",
    "unusableIfPerk": [""],
    "requiresPerkSelf": [""],
    "requiresOnePerkSelf": "",
    "unusableIfPerkSelf": [""],

    "requiresStatusEffect": "None",
    "requiresStatusPotency": "0",
    "unusableIfStatusEffect": ["None"],
        "requiresStatusEffectSelf": "None",
        "requiresStatusPotencySelf": "0",
        "unusableIfStatusEffectSelf": ["None"],

        "scalesWithStatusEffect": "",
        "flatDamageSF-FlatScaling": "0",
        "flatDamageSF-PercentScaling": "0",
        "totalDamageSF-PercentScaling": "0",

    "targetType": "single",
        "accuracy": "0",
        "initiative": "0",

        "power": "30",
        "minRange": "90",
        "maxRange": "110",
        "recoil": "25",
    "critDamage": "0",
    "critChance": "0",

    "statusEffect": "None",
        "statusPotency": "0",
        "statusEffectScaling": "0",
        "statusDuration": "0",
        "statusChance": "0",
        "statusResistedBy": "",

    "statusText": "",
    "descrip": "Draw in ambient mana as you fuck, regaining 10 energy. Inflicts heavy arousal, but will also arouse you.",
    "outcome": "|f|ChangeEnergyQuietly|/|10|n|[AttackerName] slowly thrusts her cock into [TargetName]'s tight ass while gradually drawing in mana from [TargetHimOrHer] and the air around the two of you.",
    "miss": "|f|ChangeEnergyQuietly|/|10|n|[AttackerName] slowly thrusts her cock into [TargetName]'s tight ass while gradually drawing in mana from [TargetHimOrHer] and the air around the two of you. Though [TargetHeOrShe] doesn't seem to be very into it.",
    "statusOutcome": "",
    "statusMiss": "",

    "restraintStruggle": [""],
    "restraintStruggleCharmed": [""],
    "restraintEscaped": [""],
    "restraintEscapedFail": [""]
}
