{
    "name": "Empowered Thrust - Futa",
    "cost": "10",
    "costType": "ep",
    "requiredLevel": "0",
    "learningCost": "0",
    "skillType": "attack",
    "statType": "Intelligence",
    "requiredStat": "0",

    "skillTags": [ "Penetration", "Magic"],
    "fetishTags": [ "Penetration", "Cock"],

    "startsStance": [""],
    "requiresStance": "Anal - Futa",
    "unusableIfStance": [ "Blowjob"],
    "requiresTargetStance": [ "Anal - Futa"],
    "unusableIfTarget": [ ""],
    "removesStance": ["None"],

    "requiresPerk": [""],
    "requiresOnePerk": "",
    "unusableIfPerk": [""],
    "requiresPerkSelf": [""],
    "requiresOnePerkSelf": "",
    "unusableIfPerkSelf": [""],

    "requiresStatusEffect": "None",
    "requiresStatusPotency": "0",
    "unusableIfStatusEffect": ["None"],
        "requiresStatusEffectSelf": "None",
        "requiresStatusPotencySelf": "0",
        "unusableIfStatusEffectSelf": ["None"],

        "scalesWithStatusEffect": "",
        "flatDamageSF-FlatScaling": "0",
        "flatDamageSF-PercentScaling": "0",
        "totalDamageSF-PercentScaling": "0",

        "power": "50",
        "minRange": "90",
        "maxRange": "110",
        "recoil": "25",
        "targetType": "single",
        "statusEffect": "Charm",
        "statusChance": "50",
        "statusDuration": "6",
        "statusPotency": "0",
        "statusResistedBy": "Willpower",

    "statusText": "",
    "descrip": "Magically enhance your lovemaking as you thrust into your target. Will also arouse you. Can charm.",
    "outcome": "[AttackerName] thrusts her magically charged cock into [TargetName]'s ass, and [TargetHeOrShe] moans as erotic magic courses into them with every thrust.",
    "miss": "[AttackerName] thrusts her magically charged cock into [TargetName]'s ass, but [TargetHeOrShe] is able to resist [AttackerHisOrHer] erotic magic infused sex!",
    "statusOutcome": "[TargetName]'s eyes suddenly have hearts in them and [TargetHeOrShe] stares at [AttackerName] lovingly. The erotic magic has charmed [TargetHimOrHer]!",
    "statusMiss": "",

    "restraintStruggle": [""],
    "restraintStruggleCharmed": [""],
    "restraintEscaped": [""],
    "restraintEscapedFail": [""]
}
