{
    "name": "Face Fuck - Futa",
    "cost": "0",
    "costType": "ep",
    "requiredLevel": "10",
    "learningCost": "0",
    "skillType": "attack",
    "statType": "Power",
    "requiredStat": "0",

    "skillTags": [ "Mouth"],
    "fetishTags": [ "Cock", "Indulgent"],

    "startsStance": [""],
    "requiresStance": "Irrumatio",
    "unusableIfStance": [ ""],
    "requiresTargetStance": [ "Irrumatio"],
    "unusableIfTarget": [ "Sex", "Anal"],
    "removesStance": ["None"],

    "requiresPerk": [""],
    "requiresOnePerk": "",
    "unusableIfPerk": [""],
    "requiresPerkSelf": [""],
    "requiresOnePerkSelf": "",
    "unusableIfPerkSelf": [""],

    "requiresStatusEffect": "None",
    "requiresStatusPotency": "0",
    "unusableIfStatusEffect": ["None"],
        "requiresStatusEffectSelf": "None",
        "requiresStatusPotencySelf": "0",
        "unusableIfStatusEffectSelf": ["None"],

        "scalesWithStatusEffect": "",
        "flatDamageSF-FlatScaling": "0",
        "flatDamageSF-PercentScaling": "0",
        "totalDamageSF-PercentScaling": "0",

    "targetType": "single",
        "accuracy": "0",
        "initiative": "0",

        "power": "40",
        "minRange": "90",
        "maxRange": "110",
        "recoil": "60",
    "critDamage": "0",
    "critChance": "0",

    "statusEffect": "None",
        "statusPotency": "0",
        "statusEffectScaling": "0",
        "statusDuration": "0",
        "statusChance": "0",
        "statusResistedBy": "",

    "statusText": "",
    "descrip": "Take control of a blowjob by fucking the target's face. Inflicts moderate arousal, but will also arouse you. This is an Indulgent skill.",
    "outcome": "[AttackerName] grabs ahold of [TargetName]'s head and roughly thrusts deep into [TargetHisOrHer] wet mouth, and [TargetName] lets out muffled moans as [AttackerHeOrShe] dominates [TargetHisOrHer] throat.",
    "miss": "[AttackerName] grabs ahold of [TargetName]'s head and tries to thrust deep into [TargetHisOrHer] mouth, but [TargetName] resists [AttackerHisOrHer] attempt.",
    "statusOutcome": "",
    "statusMiss": "",

    "restraintStruggle": [""],
    "restraintStruggleCharmed": [""],
    "restraintEscaped": [""],
    "restraintEscapedFail": [""]
}
