{
    "name": "Pound - Futa",
    "costType": "ep",
        "cost": "10",
    "requiredLevel": "0",
    "learningCost": "0",
    "skillType": "attack",
    "statType": "Power",
    "requiredStat": "0",

    "skillTags": [ "Penetration"],
    "fetishTags": [ "Penetration", "Cock"],

    "startsStance": [""],
    "requiresStance": "Anal - Futa",
    "unusableIfStance": [ "Blowjob"],
    "requiresTargetStance": [ "Anal - Futa"],
    "unusableIfTarget": [ ""],
    "removesStance": ["None"],

    "requiresPerk": [""],
    "requiresOnePerk": "",
    "unusableIfPerk": [""],
    "requiresPerkSelf": [""],
    "requiresOnePerkSelf": "",
    "unusableIfPerkSelf": [""],

    "requiresStatusEffect": "None",
    "requiresStatusPotency": "0",
    "unusableIfStatusEffect": ["None"],
        "requiresStatusEffectSelf": "None",
        "requiresStatusPotencySelf": "0",
        "unusableIfStatusEffectSelf": ["None"],

        "scalesWithStatusEffect": "",
        "flatDamageSF-FlatScaling": "0",
        "flatDamageSF-PercentScaling": "0",
        "totalDamageSF-PercentScaling": "0",

    "targetType": "single",
        "accuracy": "0",
        "initiative": "0",

        "power": "50",
        "minRange": "90",
        "maxRange": "110",
        "recoil": "25",
    "critDamage": "0",
    "critChance": "0",

    "statusEffect": "Stun",
        "statusPotency": "0",
        "statusEffectScaling": "0",
        "statusDuration": "1",
        "statusChance": "50",
        "statusResistedBy": "Power",

    "statusText": "",
    "descrip": "Roughly fuck your target. Inflicts heavy arousal, but recoils. Every third consecutive hit stuns.",
    "outcome": "[AttackerName] roughly fucks [TargetName]'s ass and [TargetName] struggles to stay coherent.",
    "miss": "[AttackerName] roughly fucks [TargetName]'s ass, but [TargetName] grits [TargetHisOrHer] teeth and seems unaffected!",
    "statusOutcome": "",
    "statusMiss": "",

    "restraintStruggle": [""],
    "restraintStruggleCharmed": [""],
    "restraintEscaped": [""],
    "restraintEscapedFail": [""]
}
