{
    "name": "Reach Around",
    "costType": "ep",
    "cost": "10",
    "requiredLevel": "0",
    "learningCost": "0",
    "skillType": "attack",
    "statType": "Technique",
    "requiredStat": "0",

    "skillTags": ["Sex"],
    "fetishTags": [""],

    "startsStance": [""],
    "requiresStance": "Anal - Futa",
    "unusableIfStance": [ "Blowjob"],
    "requiresTargetStance": [ "Anal - Futa"],
    "unusableIfTarget": [ ""],
    "removesStance": ["None"],

    
    "requiresStatusEffect": "None",
    "requiresStatusPotency": "0",
    "unusableIfStatusEffect": ["None"],

    "targetType": "single",
        "accuracy": "0",
        "initiative": "0",

    "power": "28",
        "minRange": "95",
        "maxRange": "100",
    "recoil": "0",
    "critDamage": "0",
    "critChance": "0",

    "statusEffect": "None",
        "statusPotency": "0",
        "statusEffectScaling": "0",
        "statusDuration": "0",
        "statusChance": "0",
        "statusResistedBy": "",

    "statusText": "",
    "descrip": "While fucking you, reach around handjob",
    "outcome": "As [AttackerName] continues to thrust into [TargetName]'s ass, she reaches around and gives the hapless adventurer a small handjob as a courtesy. [AttackerName]'s nimble fingers easily adding to [TargetName]'s pleasure.",
    "miss": "[AttackerName] reaches around to give [TargetName] a handjob while fucking [TargetHisOrHer] ass, but [TargetName] seems unaffected.",
    "statusOutcome": "",
    "statusMiss": "",

    "restraintStruggle": [""],
    "restraintStruggleCharmed": [""],
    "restraintEscaped": [""],
    "restraintEscapedFail": [""]
}
