{
    "name": "Gripping Action",
    "cost": "0",
    "costType": "ep",
    "requiredLevel": "0",
    "learningCost": "0",
    "skillType": "attack",
    "statType": "Power",
    "requiredStat": "0",
    "skillTags": ["Sex"],
    "fetishTags": ["Feet"],
    "startsStance": [""],
    "requiresStance": "Between Feet",
    "unusableIfStance": [""],
    "requiresTargetStance": ["Any"],
    "unusableIfTarget": [""],
    "removesStance": ["None"],
    "requiresStatusEffect": "None",
    "requiresStatusPotency": "0",
    "unusableIfStatusEffect": ["None"],
    "targetType": "single",
        "accuracy": "100",
        "initiative": "0",
    "power": "0",
        "minRange": "0",
        "maxRange": "0",
    "recoil": "0",
    "critDamage": "0",
    "critChance": "0",
    "statusEffect": "Restrain",
        "statusPotency": "20",
        "statusEffectScaling": "0",
        "statusDuration": "0",
        "statusChance": "150",
        "statusResistedBy": "Power",
    "statusText": "",
    "descrip": "",
    "outcome": "",
    "miss": "",
    "statusOutcome": "Beris stretches her toes wide and grips onto [TargetName], locking them down inbetween her toes.",
    "statusMiss": "Beris attempts to grip [TargetName] inbetween her toes, but [TargetName] successfully wiggles out of the pinching toes.",
    "restraintStruggle": ["[TargetName] struggles against Beris' gripping toes..."],
    "restraintStruggleCharmed": ["[TargetName] struggles against Beris' gripping toes..."],
    "restraintEscaped": ["And manages to break free!"],
    "restraintEscapedFail": ["But fails to escape from Beris' grip"]
}
