{
    "name": "Heel Turn",
    "cost": "0",
    "costType": "ep",
    "requiredLevel": "0",
    "learningCost": "0",
    "skillType": "attack",
    "statType": "Power",
    "requiredStat": "0",
    "skillTags": ["Sex"],
    "fetishTags": ["Feet"],
    "startsStance": [""],
    "requiresStance": "Between Feet",
    "unusableIfStance": [""],
    "requiresTargetStance": ["Any"],
    "unusableIfTarget": [""],
    "removesStance": ["None"],
    "requiresStatusEffect": "None",
    "requiresStatusPotency": "0",
    "unusableIfStatusEffect": ["None"],
    "targetType": "3Hits",
        "accuracy": "500",
        "initiative": "0",
    "power": "15",
        "minRange": "90",
        "maxRange": "115",
    "recoil": "0",
    "critDamage": "0",
    "critChance": "0",
    "statusEffect": "None",
        "statusPotency": "0",
        "statusEffectScaling": "0",
        "statusDuration": "0",
        "statusChance": "0",
        "statusResistedBy": "",
    "statusText": "",
    "descrip": "",
    "outcome": "Beris slides her heel up over top of [TargetName]'s body, and slowly grinds her heel back and forth across their tiny body.",
    "miss": "",
    "statusOutcome": "",
    "statusMiss": "",
    "restraintStruggle": [""],
    "restraintStruggleCharmed": [""],
    "restraintEscaped": [""],
    "restraintEscapedFail": [""]
}
