{
    "name": "Ocean of Sweat",
    "cost": "20",
    "costType": "ep",
    "requiredLevel": "0",
    "learningCost": "1000",
    "skillType": "attack",
    "statType": "Allure",
    "requiredStat": "20",
    "skillTags": [ "Magic"],
    "fetishTags": [ ""],
    "startsStance": "",
    "requiresStance": "Between Feet",
    "unusableIfStance": [ ""],
    "requiresTargetStance": [ "Any"],
    "unusableIfTarget": [ ""],
    "removesStance": "None",
    "requiresStatusEffect": "None",
    "requiresStatusPotency": "0",
    "unusableIfStatusEffect": [ "None"],
    "power": "25",
    "minRange": "85",
    "maxRange": "115",
    "accuracy": "500",
    "recoil": "0",
    "targetType": "all",
    "statusEffect": "Aphrodisiac",
    "statusChance": "130",
    "statusDuration": "50",
    "statusPotency": "20",
    "statusResistedBy": "Willpower",
    "statusText": "",
    "descrip": "Beris stands still and lets her sweat wash over you.",
    "outcome": "Beris stands perfectly still as she lets the sweat from her sock seep onto [TargetName].",
    "miss": "",
    "statusOutcome": "The sweaty scent of Beris' foot plays havoc on your mind, intoxicating you deeply.",
    "statusMiss": "[TargetName] resists the effect of Beris' sweaty feet.",
    "restraintStruggle": "",
    "restraintStruggleCharmed": "",
    "restraintEscaped": "",
    "restraintEscapedFail": ""
}
