{
    "name": "Rubbing to Rubber",
    "cost": "20",
    "costType": "ep",
    "requiredLevel": "0",
    "learningCost": "1000",
    "skillType": "attack",
    "statType": "Power",
    "requiredStat": "20",
    "skillTags": [ "Magic"],
    "fetishTags": [ ""],
    "startsStance": "",
    "requiresStance": "Between Feet",
    "unusableIfStance": [ ""],
    "requiresTargetStance": [ "Any"],
    "unusableIfTarget": [ ""],
    "removesStance": "None",
    "requiresStatusEffect": "None",
    "requiresStatusPotency": "0",
    "unusableIfStatusEffect": [ "None"],
    "power": "10",
    "minRange": "85",
    "maxRange": "115",
    "recoil": "0",
    "accuracy": "500",
    "targetType": "5Hits",
    "statusEffect": "None",
    "statusChance": "0",
    "statusDuration": "0",
    "statusPotency": "0",
    "statusResistedBy": "",
    "statusText": "",
    "descrip": "Beris stops running to slowly grind you under the ball of her foot.",
    "outcome": "Beris focuses the ball of her foot onto [TargetName]'s pelvis, and starts to grind it repeatedly as she tries to crush the cock of the tiny adventurer.",
    "miss": "[AttackerName] sends out a wave of pleasurable magic, but it seems to have no effect on [TargetName].",
    "statusOutcome": "",
    "statusMiss": "",
    "restraintStruggle": "",
    "restraintStruggleCharmed": "",
    "restraintEscaped": "",
    "restraintEscapedFail": ""
}
