{
    "name": "Socked",
    "cost": "5",
    "costType": "ep",
    "requiredLevel": "0",
    "learningCost": "0",
    "skillType": "attack",
    "statType": "Technique",
    "requiredStat": "0",
    "skillTags": ["Sex"],
    "fetishTags": ["Feet"],
    "startsStance": [""],
    "requiresStance": "Between Feet",
    "unusableIfStance": [""],
    "requiresTargetStance": ["Any"],
    "unusableIfTarget": [""],
    "removesStance": ["None"],
    "requiresStatusEffect": "None",
    "requiresStatusPotency": "0",
    "unusableIfStatusEffect": ["None"],
    "targetType": "single",
    "power": "60",
        "minRange": "90",
        "maxRange": "115",
    "recoil": "0",
    "critDamage": "0",
    "critChance": "0",
    "statusEffect": "None",
        "statusPotency": "0",
        "statusEffectScaling": "0",
        "statusDuration": "0",
        "statusChance": "500",
        "statusResistedBy": "Willpower",
    "statusText": "",
    "descrip": "",
    "outcome": "",
    "miss": "",
    "statusOutcome": "|f|CallCombatEventAndScene|/|GBerisCombatEvents|/|SockedChoice",
    "statusMiss": "",
    "restraintStruggle": [""],
    "restraintStruggleCharmed": [""],
    "restraintEscaped": [""],
    "restraintEscapedFail": [""]
}
