{
    "name": "Toe-Jamming",
    "cost": "20",
    "costType": "ep",
    "requiredLevel": "0",
    "learningCost": "1000",
    "skillType": "attack",
    "statType": "Technique",
    "requiredStat": "20",
    "skillTags": [ "Magic"],
    "fetishTags": [ ""],
    "startsStance": "",
    "requiresStance": "Between Feet",
    "unusableIfStance": [ ""],
    "requiresTargetStance": [ "Any"],
    "unusableIfTarget": [ ""],
    "removesStance": "None",
    "requiresStatusEffect": "None",
    "requiresStatusPotency": "0",
    "unusableIfStatusEffect": [ "None"],
    "power": "25",
    "minRange": "85",
    "maxRange": "115",
    "recoil": "0",
    "accuracy": "500",
    "targetType": "2Hits",
    "statusEffect": "None",
    "statusChance": "0",
    "statusDuration": "0",
    "statusPotency": "0",
    "statusResistedBy": "",
    "statusText": "",
    "descrip": "Beris batters you with her tapping toes.",
    "outcome": "Beris rhythmically beats her toes against the face of [TargetName], who feels the heat and sweat of Beris' socked toes soak through TargetHisOrHer body.",
    "miss": "[AttackerName] sends out a wave of pleasurable magic, but it seems to have no effect on [TargetName].",
    "statusOutcome": "",
    "statusMiss": "",
    "restraintStruggle": "",
    "restraintStruggleCharmed": "",
    "restraintEscaped": "",
    "restraintEscapedFail": ""
}
