{
    "name": "Whirligig",
    "cost": "20",
    "costType": "ep",
    "requiredLevel": "0",
    "learningCost": "1000",
    "skillType": "attack",
    "statType": "Power",
    "requiredStat": "20",
    "skillTags": [ "Magic"],
    "fetishTags": [ ""],
    "startsStance": "",
    "requiresStance": "Between Feet",
    "unusableIfStance": [ ""],
    "requiresTargetStance": [ "Any"],
    "unusableIfTarget": [ ""],
    "removesStance": "None",
    "requiresStatusEffect": "Restrained",
    "requiresStatusPotency": "0",
    "unusableIfStatusEffect": [ "None"],
    "power": "20",
    "minRange": "85",
    "maxRange": "115",
    "accuracy": "500",
    "recoil": "0",
    "targetType": "all",
    "statusEffect": "Stun",
    "statusChance": "130",
    "statusDuration": "2",
    "statusPotency": "0",
    "statusResistedBy": "Power",
    "statusText": "",
    "descrip": "Beris does standing butt kicks to disorient you and shake you around.",
    "outcome": "Beris lifts her foot up, bringing [TargetName] as well, and does a standing high kick into the Mountain wall next to her.",
    "miss": "[AttackerName] sends out a wave of pleasurable magic, but it seems to have no effect on [TargetName].",
    "statusOutcome": "The slamming impact disorients [TargetName], who remains pressed firmly against Beris' foot.",
    "statusMiss": "Beris' foot catches most of the impact, leaving [TargetName] free to keep struggling.",
    "restraintStruggle": "",
    "restraintStruggleCharmed": "",
    "restraintEscaped": "",
    "restraintEscapedFail": ""
}
