{
    "name": "Ultra Blast",
    "cost": "0",
    "costType": "ep",
    "requiredLevel": "0",
    "learningCost": "0",
    "skillType": "attack",
    "statType": "Power",
    "requiredStat": "0",
    "skillTags": ["Sex"],
    "fetishTags": ["Sex"],
    "startsStance": "",
    "requiresStance": "Anal Vore",
    "unusableIfStance": [ ""],
    "requiresTargetStance": [ "Anal Vore"],
    "unusableIfTarget": [ ""],
    "removesStance": "",
    "requiresStatusEffect": "None",
    "requiresStatusPotency": "0",
    "unusableIfStatusEffect": [ "None"],
    "targetType": "single",
        "accuracy": "100",
        "initiative": "0",
    "power": "60",
        "minRange": "100",
        "maxRange": "120",
    "recoil": "0",
    "critDamage": "15",
    "critChance": "5",
    "statusEffect": "Aphrodisiac",
        "statusPotency": "13",
        "statusEffectScaling": "0",
        "statusDuration": "3",
        "statusChance": "150",
        "statusResistedBy": "Core",
    "statusText": "",
    "descrip": "",
    "outcome": "Diminuenda focuses her magic, and soon you hear a rumbling in the depths of her colon as a blast of hot, smelly gas blasts past you and coats your body in the noxious scent.",
    "miss": "",
    "statusOutcome": "The smell of Diminuenda's fart invades your body, overloading your senses and brain as the smell confusingly continues to arouse you.",
    "statusMiss": "",
    "restraintStruggle": [""],
    "restraintStruggleCharmed": [""],
    "restraintEscaped": [""],
    "restraintEscapedFail": [""]
}
