{
    "FetishList": [
        {
            "Name": "Shrunken",
            "BaseLevel": "0",
            "Type": "Fetish",
            "CreationOn": "You like being shrunk and used like that?",
            "CreationOff": "I see, no one would actually like that.",
            "ToolTip": "How much you love being shrunk and used by beings much larger than you. \n\nVerdict: ",
            "LevelText": [
              ["0", "You have yet to acquire a fetish for shrinking."],
              ["25", "You have a fetish for shrinking."],
              ["50", "You have a strong fetish for shrinking. Just thinking about it gets you a little aroused..."],
              ["75", "You have a very strong fetish for shrinking. Your thoughts are often drifting towards them, leaving you achingly horny..."],
              ["100", "You are completely obsessed with shrinking. You have a hard time focusing on anything else, and can't even think of resisting temptations of being used like a sex toy..."]
            ]
          }
    ]
}