{
    "name": "Aphrodisiac Cock",
    "costType": "ep",
        "cost": "1",
    "requiredLevel": "0",
    "learningCost": "0",
    "skillType": "attack",
    "statType": "Core",
    "requiredStat": "0",

    "skillTags": [ "Sex"],
    "fetishTags": [ "Sex"],

    "startsStance": [""],
    "requiresStance": "Mating Press",
    "unusableIfStance": [ ""],
    "requiresTargetStance": [ "Mating Press"],
    "unusableIfTarget": [ "Sex", "Anal"],
    "removesStance": ["None"],

    "requiresStatusEffect": "None",
    "requiresStatusPotency": "0",
    "unusableIfStatusEffect": ["None"],
        "requiresStatusEffectSelf": "None",
        "requiresStatusPotencySelf": "0",
        "unusableIfStatusEffectSelf": ["None"],

    "targetType": "single",
        "accuracy": "999",
        "initiative": "0",

    "power": "22",
        "minRange": "80",
        "maxRange": "105",
    "recoil": "5",
    "critDamage": "0",
    "critChance": "0",

    "statusEffect": "Aphrodisiac",
        "statusPotency": "13",
        "statusEffectScaling": "0",
        "statusDuration": "4",
        "statusChance": "95",
        "statusResistedBy": "Willpower",

    "statusText": "Haruka's leaking fluids are driving you crazy with pheromones",
    "descrip": "Haruka fucks you so hard you feel yourself going crazy from her cock.",
    "outcome": "[AttackerName]'s relentless fucking causes fluids to begin leaking into the asshole of [TargetName], and as it seeps into [TargetHisOrHer] body [TargetHeOrShe] can feel it affecting their mind.",
    "miss": "",
    "statusOutcome": "[TargetName] is going crazy from the fucking Haruka is giving them.",
    "statusMiss": "[TargetName] bites their lip and ignores the pooling fluids in their bowels.",

    "restraintStruggle": [""],
    "restraintStruggleCharmed": [""],
    "restraintEscaped": [""],
    "restraintEscapedFail": [""]
}
