{
    "name": "Frotting",
    "costType": "ep",
        "cost": "1",
    "requiredLevel": "0",
    "learningCost": "0",
    "skillType": "attack",
    "statType": "Core",
    "requiredStat": "0",

    "skillTags": [ "Sex"],
    "fetishTags": [ "Sex"],

    "startsStance": [""],
    "requiresStance": "Mating Press",
    "unusableIfStance": [ ""],
    "requiresTargetStance": [ "Mating Press"],
    "unusableIfTarget": [ "Sex", "Anal"],
    "removesStance": ["None"],

    "requiresStatusEffect": "None",
    "requiresStatusPotency": "0",
    "unusableIfStatusEffect": ["None"],
        "requiresStatusEffectSelf": "None",
        "requiresStatusPotencySelf": "0",
        "unusableIfStatusEffectSelf": ["None"],

    "targetType": "single",
        "accuracy": "0",
        "initiative": "0",

    "power": "25",
        "minRange": "100",
        "maxRange": "100",
    "recoil": "5",
    "critDamage": "0",
    "critChance": "0",

    "statusEffect": "None",
        "statusPotency": "0",
        "statusEffectScaling": "0",
        "statusDuration": "0",
        "statusChance": "0",
        "statusResistedBy": "",

    "statusText": "",
    "descrip": "Haruka rubs her cock against your while you are in the mating press",
    "outcome": "[AttackerName] momentarily pulls her cock out of [TargetName]'s asshole, and begins to rub her cock against [TargetName]'s, exciting both individuals from the friction.",
    "miss": "[AttackerName] thinks about pulling their cock out for a different move, but decides to keep fucking [TargetName] instead.",
    "statusOutcome": "",
    "statusMiss": "",

    "restraintStruggle": [""],
    "restraintStruggleCharmed": [""],
    "restraintEscaped": [""],
    "restraintEscapedFail": [""]
}
