{
    "name": "Flattened Fucking",
    "costType": "ep",
        "cost": "1",
    "requiredLevel": "0",
    "learningCost": "0",
    "skillType": "attack",
    "statType": "Power",
    "requiredStat": "0",

    "skillTags": [ "Sex"],
    "fetishTags": [ "Sex"],

    "startsStance": [""],
    "requiresStance": "Mating Press",
    "unusableIfStance": [ ""],
    "requiresTargetStance": [ "Mating Press"],
    "unusableIfTarget": [ "Sex", "Anal"],
    "removesStance": ["None"],

    "requiresStatusEffect": "None",
    "requiresStatusPotency": "0",
    "unusableIfStatusEffect": ["None"],
        "requiresStatusEffectSelf": "None",
        "requiresStatusPotencySelf": "0",
        "unusableIfStatusEffectSelf": ["None"],

    "targetType": "4Hits",
        "accuracy": "0",
        "initiative": "0",

    "power": "15",
        "minRange": "95",
        "maxRange": "105",
    "recoil": "5",
    "critDamage": "0",
    "critChance": "0",

    "statusEffect": "None",
        "statusPotency": "0",
        "statusEffectScaling": "0",
        "statusDuration": "0",
        "statusChance": "0",
        "statusResistedBy": "",

    "statusText": "",
    "descrip": "You are in the mating press and are fucked hard into the ground, repeatedly.",
    "outcome": "[AttackerName] grabs the shoulders of [TargetName] and presses them into the ground as she begins to thrust faster and faster.",
    "miss": "[AttackerName] tries to press her weight into [TargetName] to fuck them into the ground, but her wrists give out on her and she looks embarrassed as she plucks herself off of [TargetName].",
    "statusOutcome": "",
    "statusMiss": "",

    "restraintStruggle": [""],
    "restraintStruggleCharmed": [""],
    "restraintEscaped": [""],
    "restraintEscapedFail": [""]
}
