{
    "name": "Taunting Grind",
    "costType": "ep",
        "cost": "1",
    "requiredLevel": "0",
    "learningCost": "0",
    "skillType": "attack",
    "statType": "Allure",
    "requiredStat": "0",

    "skillTags": [ "Sex"],
    "fetishTags": [ "Sex"],

    "startsStance": [""],
    "requiresStance": "Mating Press",
    "unusableIfStance": [ ""],
    "requiresTargetStance": [ "Mating Press"],
    "unusableIfTarget": [ "Sex", "Anal"],
    "removesStance": ["None"],

    "requiresStatusEffect": "None",
    "requiresStatusPotency": "0",
    "unusableIfStatusEffect": ["None"],
        "requiresStatusEffectSelf": "None",
        "requiresStatusPotencySelf": "0",
        "unusableIfStatusEffectSelf": ["None"],

    "targetType": "single",
        "accuracy": "0",
        "initiative": "0",

    "power": "23",
        "minRange": "75",
        "maxRange": "125",
    "recoil": "5",
    "critDamage": "0",
    "critChance": "0",

    "statusEffect": "Charm",
        "statusPotency": "0",
        "statusEffectScaling": "0",
        "statusDuration": "3",
        "statusChance": "100",
        "statusResistedBy": "Willpower",

    "statusText": "",
    "descrip": "Haruka taunts you as her cock slowly inches its way through your ass.",
    "outcome": "[AttackerName] slows her thrusting as she brings her head in close to [TargetName]'s, whispering all sorts of perverse acts she'll perform on her captive fucktoy.",
    "miss": "[AttackerName] tries to lean in closer to [TargetName] to taunt them, but she can't manage it!",
    "statusOutcome": "[TargetName] finds themselves strangely aroused and smitten by [AttackerName]'s lewd provocations.",
    "statusMiss": "[AttackerName]'s threats of rough fuckings go unheeded.",

    "restraintStruggle": [""],
    "restraintStruggleCharmed": [""],
    "restraintEscaped": [""],
    "restraintEscapedFail": [""]
}
