{
    "name": "Mating Press",
    "costType": "ep",
        "cost": "1",
    "requiredLevel": "0",
    "learningCost": "0",
    "skillType": "attack",
    "statType": "Core",
    "requiredStat": "0",

    "skillTags": [ "Sex"],
    "fetishTags": [ "Sex"],

    "startsStance": "Mating Press",
    "requiresStance": "Any",
    "unusableIfStance": [ "Making Out", "Blowjob"],
    "requiresTargetStance": [ "Any"],
    "unusableIfTarget": [ "Sex", "Anal", "Footjob", "Titfuck", "Anal - Futa", "Blowjob", "Face Sit", "Titfuck", "Tailjob", "Tail Fuck", "Irrumatio"],
    "removesStance": ["None"],

    "requiresStatusEffect": "None",
    "requiresStatusPotency": "0",
    "unusableIfStatusEffect": ["None"],
        "requiresStatusEffectSelf": "None",
        "requiresStatusPotencySelf": "0",
        "unusableIfStatusEffectSelf": ["None"],

    "targetType": "single",
        "accuracy": "50",
        "initiative": "0",

    "power": "20",
        "minRange": "90",
        "maxRange": "100",
    "recoil": "10",
    "critDamage": "0",
    "critChance": "0",

    "statusEffect": "None",
        "statusPotency": "0",
        "statusEffectScaling": "0",
        "statusDuration": "0",
        "statusChance": "0",
        "statusResistedBy": "",

    "statusText": "",
    "descrip": "",
    "outcome": "[AttackerName] smirks and rushes at you with full speed, and before you are able to escape you find yourself gripped by her powerful hands and tossed to the ground. |n|There is no chance to recover as Haruka raises the legs of [TargetName] past their own head, leaving [TargetHimOrHer] defenseless as [AttackerName] begins to fuck them mercilessly.",
    "miss": "[AttackerName] rushes like a bull at [TargetName], but isn't able to bulldoze them to the ground.",
    "statusOutcome": "",
    "statusMiss": "",

    "restraintStruggle": [""],
    "restraintStruggleCharmed": [""],
    "restraintEscaped": [""],
    "restraintEscapedFail": [""]
}
