{
    "name": "Alluring Sway",
    "cost": "0",
    "costType": "ep",
    "requiredLevel": "0",
    "learningCost": "0",
    "skillType": "attack",
    "statType": "Allure",
    "requiredStat": "0",
    "skillTags": ["Seduction"],
    "fetishTags": ["Breasts"],
    "startsStance": "",
    "requiresStance": "Breastheld",
    "unusableIfStance": [ ""],
    "requiresTargetStance": [ "Any"],
    "unusableIfTarget": [ ""],
    "removesStance": "None",
    "requiresStatusEffect": "None",
    "requiresStatusPotency": "0",
    "unusableIfStatusEffect": [ "None"],
    "targetType": "single",
        "accuracy": "100",
        "initiative": "0",
    "power": "25",
        "minRange": "90",
        "maxRange": "120",
    "recoil": "5",
    "critDamage": "0",
    "critChance": "0",
    "statusEffect": "Trance",
        "statusChance": "100",
        "statusDuration": "1",
        "statusPotency": "1",
        "statusResistedBy": "Willpower",
    "statusText": "",
    "descrip": "",
    "outcome": "Nara begins to swing her hips in slow, methodical circles while massaging her breasts in a similar motion. The act grinds you around in her cleavage, but you can't help but feel enticed by the scent and feel of her breasts.",
    "miss": "",
    "statusOutcome": "Your mind clouds as your thoughts are slowly dimmed as Nara and her captivating breasts begin to fill your brain.",
    "statusMiss": "",
    "restraintStruggle": [""],
    "restraintStruggleCharmed": [""],
    "restraintEscaped": [""],
    "restraintEscapedFail": [""]
}
