{
    "name": "Bouncing Bombardment",
    "cost": "0",
    "costType": "ep",
    "requiredLevel": "0",
    "learningCost": "0",
    "skillType": "attack",
    "statType": "Power",
    "requiredStat": "0",
    "skillTags": ["Sex"],
    "fetishTags": ["Breasts"],
    "startsStance": "",
    "requiresStance": "Breastheld",
    "unusableIfStance": [ ""],
    "requiresTargetStance": [ "Any"],
    "unusableIfTarget": [ ""],
    "removesStance": "None",
    "requiresStatusEffect": "None",
    "requiresStatusPotency": "0",
    "unusableIfStatusEffect": [ "None"],
    "targetType": "3Hits",
        "accuracy": "100",
        "initiative": "0",
    "power": "20",
        "minRange": "90",
        "maxRange": "120",
    "recoil": "5",
    "critDamage": "0",
    "critChance": "0",
    "statusEffect": "Stun",
    "statusChance": "100",
    "statusDuration": "2",
    "statusPotency": "0",
        "statusResistedBy": "Power",
    "statusText": "",
    "descrip": "",
    "outcome": "Nara starts jumping in place, allowing her breasts to rise up and down with the power of gravity as they knock into you and grind you between them.",
    "miss": "",
    "statusOutcome": "You can't focus as the constant bouncing and grinding throws you around, disorienting you.",
    "statusMiss": "",
    "restraintStruggle": [""],
    "restraintStruggleCharmed": [""],
    "restraintEscaped": [""],
    "restraintEscapedFail": [""]
}
