{
    "name": "Sensual Sway",
    "cost": "0",
    "costType": "ep",
    "requiredLevel": "0",
    "learningCost": "0",
    "skillType": "attack",
    "statType": "Allure",
    "requiredStat": "0",
    "skillTags": ["Seduction"],
    "fetishTags": ["Breasts"],
    "startsStance": "",
    "requiresStance": "Breastheld",
    "unusableIfStance": [ ""],
    "requiresTargetStance": [ "Any"],
    "unusableIfTarget": [ ""],
    "removesStance": "None",
    "requiresStatusEffect": "None",
    "requiresStatusPotency": "0",
    "unusableIfStatusEffect": [ "None"],
    "targetType": "single",
        "accuracy": "100",
        "initiative": "0",
    "power": "25",
        "minRange": "90",
        "maxRange": "120",
    "recoil": "5",
    "critDamage": "0",
    "critChance": "0",
    "statusEffect": "Charm",
        "statusPotency": "1",
        "statusDuration": "3",
        "statusChance": "100",
        "statusResistedBy": "Willpower",
    "statusText": "",
    "descrip": "",
    "outcome": "Nara slow dances as she begins to lightly press her breasts together, allowing you to take in the feel and scent of her breasts as they massage your body.",
    "miss": "",
    "statusOutcome": "Nara is all you can think about as her breasts overwhelm your senses",
    "statusMiss": "",
    "restraintStruggle": [""],
    "restraintStruggleCharmed": [""],
    "restraintEscaped": [""],
    "restraintEscapedFail": [""]
}
