{
    "name": "Head over to Vivian.",
    "Addition": "Yes",
    "Description": "",
    "Speakers": [
      {
        "name": "Vivian",
        "postName": "",
        "SpeakerType": "Monster"
      }
  ],
    "EventText": [
      {
          "NameOfScene": "TalkingMenu",
          "theScene": [
                        "MenuAddition",
                          "HideOptionOnRequirementFail", "RequiresItem", "Blank Slate", "Ask Vivian for help with your shrinking.",
                        "EndLoop"
                    ]
      },
      {
          "NameOfScene": "Ask Vivian for help with your shrinking.",
          "theScene": [
                          "You pull the stone slate out of your bag and hand it to Vivian, asking if she got Elly's message.",
                          "Vivian gingerly grabs it between to fingers and sets it aside, before turning back to you.",
                          "ChangeImageLayer", "Expression", "1", "Horny",
                          "Speaks",
                          "Oh yes, I got Elly's message about your condition. I'll help you with your 'little' problem.",
                          "She turns back to the slab and presses her hand flat against it. A moment passes before it glows gently with a pink light.",
                          "Vivian looks over at you and smiles.",
                          "Speaks",
                          "Hmmmm, doesn't this seem a bit unfair? I did all this work for you and I'm getting nothing in return.",
                          "You offer to pay Vivian for her services, but she turns down your offer.",
                          "ChangeImageLayer", "Expression", "1", "SeductiveLick",
                          "Speaks",
                          "No no no honey, I make enough money as it is. Now a shrunken human? That's potentially a once in a lifetime experience! My offer is this: I will turn over the slate if you shrink yourself down and allow me to use you for 15 minutes.",
                          "You pause and think for a second, you don't really have any leverage here. You look back at her and agree to her terms.",
                          "ChangeImageLayer", "Expression", "1", "Happy",
                          "Speaks",
                          "Wonderful! Now I know Elly informed me that it can trigger at random, but I wonder if this can help out.",
                          "Vivian steps out from behind her podium and approaches you, before caressing the back of your neck with her fingers. You reflexively let out a small moan under your breath.",
                          "You try to contain yourself from making more noises, but you are interrupted by a feeling of a powerful energy surging through your body, and as you feel your body start to rapidly dwindle you see Vivian bending over to pick you up.",
                          "Her previously massive breasts make you look insignificant as you stand at only a few inches tall. As Vivian bends over to pick you up you can see her breasts swaying, her dress failing to keep them contained.",
                          "She gingerly grips you between the tips of her thumb and index finger, and stands up while holding you in front of her face.",
                          "Speaks",
                          "Hm hm hmmm, you're just as cute as I pictured you would be. Now then, our time together begins now.",
                          "With that, she releases you and you tumble towards her breasts, as her other hand parts them enough that you fall and land in the middle of her cleavage.",
                          "As you make contact with the squishy flesh her hands let go, trapping you between the mountainous breasts.",
                          "ChangeImageLayer", "Expression", "1", "Horny",
                          "Vivian chuckles as she rubs her breasts in a circular motion, slowly pressing them against your body.",
                          "Vivian calls for Belle to tell her that she'll be going on a short break. You don't hear Belle's response, but you imagine it was some kinda gruff snort noise.",
                          "The world jiggles and bounces relentlessly as Vivian steps into the break room, a devious smile etched on her face.",
                          "She closes the door behind herself, and locks it to prevent the few employees on shift from interrupting her business with you.",
                          "Sitting on a nearby stool she reaches into her cleavage and retrieves you, allowing you to take in some fresh air after being forced to breathe in the heavy scent of her perfumed breasts.",
                          "Speaks",
                          "I don't think it's fair that only you are naked. How about I even it up?",
                          "She pulls the strap behind her neck over her head and lets her dress fall to the ground, and discards the rest of her clothes until she holds you in front of her nude body.",
                          "The overwhelming scent of her perfume digs into your brain as you watch her, and you can't help but start to rub your slowly hardening dick as Vivian undresses.",
                          "As Vivian gently rests her clothes on the table she turns back and sees what you are doing and laughs as she rests her chin on the table with you.",
                          "You freeze up, afraid of what she's about to do. Her hand sneaks up beside you and Vivian uses her fingers to start pushing you towards her mouth.",
                          "As you reach her mouth she parts her lips and extends her tongue, using it to delicately flick your cock once before she retracts her tongue and giggles at your micro sized moan.",
                          "Speaks",
                          "No matter what size you are, my tongue will always give you a good time.",
                          "She winks at you as her hot breath washes over you. If it weren't for the hand behind you it is likely you would have fallen over from from the force of her speaking.",
                          "As she finishes talking, her hand presses you into her lips, with your head being smushed against her top lip. You feel her lipstick smear against your face as her breath caresses you torso and pelvis, and her tongue slowly starts to poke out and occasionally lick at your tiny body.",
                          "You grab hold of her top lip with your hands and start to thrust your hips against the giant tongue, moaning incoherently into the giant lip of Vivian. She seems to enjoy driving you crazy as her tongue speeds up, never leaving your cock as it rubs up and down faster and faster.",
                          "It becomes unbearable and you fire off a load of cum that is immediately washed away in the saliva of the giant hostess. Her tongue continues to assault you as you shake from your orgasm, and after a few more seconds of licking you clean she pulls you away from her mouth.",
                          "Speaks",
                          "What a delightful little snack you are, and you even came with a salty surprise for me.",
                          "Speaks",
                          "But how about we move onto the main course for our little get together?",
                          "Vivian stands up, towering over the table you are standing on. Her pelvis lines up evenly with the table, and you can see her neat, perfect pussy hang just inches away from the table.",
                          "You walk to the edge of the table, staring in awe of Vivian's body as she looks down at you and flashes you a big smile as she stands up onto her toes and brings her pussy down on top of you.",
                          "Her pussy slams down on top of you, pushing you inside her. Vivian's sex surrounds you with a soft, pulsing warmth.",
                          "You struggle to climb a bit further up into Vivian as she stands up off table and stands still, feeling you move inside her pussy.",
                          "ChangeImageLayer", "Expression", "1", "Pleasured",
                          "Speaks",
                          "Haaaa... I never could have expected you to feel this good at your size.",
                          "You hardly hear her as you squirm around inside her vagina, eager to please the giant woman. Your hands caress and massage the pulsating walls that squeeze you back in pleasure.",
                          "Not content with your own performance, you bury your face into the walls of Vivian's pussy, kissing and licking at her wet sex as her juices wash over and into you.",
                          "Thanks to not needing to breath you can devote all your being into the worship of the giantess inn owner, whose moans echo through her pussy as affirmations of the good job you are doing.",
                          "As your body works overtime to please Vivian, her pussy starts to constrict around you. You put up an even greater struggle against the tightly flexed muscles, and Vivian gasps in pleasure as you kick and squirm against her.",
                          "Vivian then puts her hands to her mouth as she tries to muffle a scream of pleasure as her pussy constricts around you as much as possible as a flood of her love juices rush forward and threaten to drag you out of her pussy.",
                          "Doubled over, Vivian pants as she slowly relaxes the vicegrip her vagina has on you and fishes you out of her pussy.",
                          "Speaks",
                          "Haa... Haa... Now that was everything I was hoping for...",
                          "ChangeImageLayer", "Expression", "1", "Orgasm",
                          "She checks a clock on the wall and looks back at you with a lazy grin on her face.",
                          "Speaks",
                          "Well, we still have a few minutes left in our 15 minute deal, how about a cuddle break?",
                          "ChangeImageLayer", "Expression", "1", "Happy",
                          "You nod as she starts to clean you off with a clean, wet towel before she redresses and places you atop her cleavage.",
                          "As the two of you recline, you can't help but feel Vivian's heart beating through her chest. The soothing rhythmic sound of her heart and breath, the warmth coming from her body, and the pillow-like softness of her breasts starts to drag you towards sleep...",
                          "Your eyes grow heavy, and your head nestles into Vivian's chest as you yawn and slowly fall asleep.",
                          "When you finally open your eyes again you find that you are still in the break room of the inn, but now at normal size. Resting on the table next to you is the slate from earlier that Vivian had charged for you, with a note from Vivian.",
                          "'My dearest [ThePlayerName], I am a woman of my word and after our 15 minutes were up I left you on the couch in the break room to finish your rest. I am glad you took me up on my off and hope that in the future should you shrink again you think of your dear old Vivian. XO'",
                          "You smile as you pocket the note and the slate, and head back into the inn.",
                          "GiveItem",
                          "-1",
                          "Blank Slate",
                          "GiveItem",
                          "1",
                          "Lust Slate",
                          "JumpToScene", "VisitMenu"
                    ]
      }
    ]
}
