{
    "name": "Hopping with the Giants",
    "CardType": "Quest",
    "CardLimit": "0",
    "Description": "Elly tasked you with obtaining the mucus from the skin of a frog girl. Gren usually seems agreeable, so asking her for help seems likely to work.",
    "requires": ["Glass Vial"],
    "requiresEvent": [
        {
            "NameOfEvent": "Cut Down to Size",
            "Progress": "1",
            "Choice": "-99",
            "ChoiceNumber": "-1"
        }
    ],
    "Speakers": [
        {
            "name": "Gren",
            "postName": "",
            "SpeakerType": "Monster"
        }
    ],
    "EventText": [
        {
            "NameOfScene": "EventStart",
            "theScene": [
            "After a bit of a trek through the forest you find yourself at the marshy area where Gren tends to appear. After a few moments of wandering around you feel an incredible pain course through your body. You double over from the pain, a scream caught in your throat as you spot a similar rune underneath your feet.",
            "The rune flashes a bright light as the pain hits its peak and your vision goes dark as you lose consciousness.",
            "ChangeBG", "Void.png",
            "You wake up minutes later, holding your head as it pounds with a tiresome headache. Slowly you rise to your knees and scan your surroundings, only to come to a terrible realization.",
            "ChangeBG", "forest.png",
            "You've been shrunk to only a few inches in height.",
            "Your mind reels, the trees that previously stretched high into the sky now seem impossibly huge to you, similarly sized to the mountains of the continent, but surrounding you everywhere.",
            "As you were in the midst of taking in your new surroundings you seen feel the ground around you shake, as a large figure leaps to and fro, with each landing they make shaking the very ground you stand on. After several more leaps the figure stops just before you, and you crane your neck up to see the looming figure of Gren.",
            "DisplayCharacters",
            "1",
            "EndLoop",
            "|f|ChangeImageLayer|/|Expression|/|Cheerful|n|",
            "Speaks",
            "{i}Bonjour !{/i} [ThePlayerName], what brings you over here?",
            "Her cheerful demeanor and lack of concern over your current size brings a moment of relief to you, as the rowdy frog drops to one knee as she brings her enormous face closer to you.",
            "As she does so you steal a glance at her exposed pussy. From your view you can see her body expand and contract with each breath, and watch as the lips of her pussy move to her natural rhythm.",
            "You are brought out of your thinking by Gren talking to you.",
            "|f|ChangeImageLayer|/|Expression|/|Happy|n|",
            "Speaks",
            "Hm? Are you okay {i}monsieur ?{/i} Why are you small? You could be in great danger at your height.",
            "You explain the circle of runes and the shrinking curse, and that to reverse it you need to fill a vial with her mucus. You feel along your body until you realize that you are standing in the nude.",
            "You panic for a second before remembering that Elly mentioned some kinda space that should let you use your items. You focus for a second and imagine the glass vial next to you. Seconds pass and a portal opens up, allowing the glass vial to land next to you.",
            "Gren looks confusedly and goes to pick up the glass vial. She turns it over in her grasp for a bit, as if she was pondering something.",
            "|f|ChangeImageLayer|/|Expression|/|Miffed|n|",
            "Speaks",
            "Hey [ThePlayerName], how am I supposed to get my stuff into this glass? I'd rather not just slide it against my skin and fill it up like that, do you have something to help me?",
            "You try to tell her you don't, but she suddenly squats down over you, reaching towards you with 2 long, slender fingers. As she reaches down you slowly back up, but are too slow to escape the grasping fingers. |n| Once she has you in her grasp, she slowly brings you with her as she stands to her full height, giving you a full scale of how small you are as the ground below you gives you a sense of danger, as you worry about taking a fall at this height.",
            "Your fears are interrupted by the bashful frog girl, who puts her face in front of you, taking up your entire field of vision. You can't help but stare as you now see in great detail just how smooth her skin is, with the thin sheen of her lightly fragrant mucus coating it giving it a small shine.",
            "Snapping out of the moment, you tell her that you weren't given anything to help her get her mucus, but the glass isn't sharp so it shouldn't hurt if she just runs the opening against her skin.",
            "She puts her finger to her face for a second as she thinks over your words, but you can't help but feel a sense of unease as her eyes study you, before a strange pink light flashes in her eyes and her face twists into a devious smirk.",
            "|f|ChangeImageLayer|/|Expression|/|Teasing|n|",
            "Speaks",
            "Ah, but we do have a swab right here!",
            "As she says that she extends her hand holding you straight up into the air, as it hits you immediately that she intends to use you to gather mucus from her body to drip into the vial.",
            "You try to call down to her that you don't agree to this, but she pulls you close to her modest chest, and holds her hands cupped over you as you press tightly to her skin. The coating of her mucus immediately clings to your skin as you struggle to find purchase on her breast.",
            "|f|ChangeImageLayer|/|Expression|/|Ahegao|n|",
            "As you struggle to stay still, a small moan escapes from the enormous frog girl, as she seems to take pleasure in your flailing movements. Her fingers recede until they just barely grip your body as she slowly moves you in circles around her breast, massaging you into her taut yet soft flesh.",
            "Her athletic body is exceptionally smooth as you gracefully slide around her, before she pulls you to the center of her breast so that you are positioned above her nipple. She uses a single finger to hold you against her nipple as her other hand travels to her sex, slowly moistening as you stimulate her breast.",
            "She moans as you struggle against her finger, as your naked body writhes against her nipple it only seems to excite her more. Her moans from your actions and her own only cause the pressure on you to intensify.",
            "|f|ChangeImageLayer|/|Expression|/|Orgasm|n|",
            "The pressure on your back lightens as she moves you across her body again, continuing to finger herself as you glide across her firm stomach. She wipes you across her stomach for a few seconds until her body tightens as she orgasms.",
            "She pants and recovers, holding you aloft as the mucus lubricating your body starts to collect at your feet and threatens to drip off to the ground. Before the first drop can detach from your feet Gren pulls the vial to underneath you, allowing it to fill halfway after nearly a minute of hanging around passes.",
            "As the last of her mucus falls from your skin into the vial, Gren corks the vial as she recovers from her orgasm. She shoots you a happy look as the pink light in her eyes fades away.",
            "|f|ChangeImageLayer|/|Expression|/|Pleasured|n|",
            "Speaks",
            "Ahhhh, that was really fun [ThePlayerName]! I'm so glad you came to ask me for help!",
            "She shifts how she holds you so that you can sit in the palm of her hand, and you look up at her and let her know that it was no big issue. You also explain the durability boost to being shrunk to her, but quickly regret it as her mischievous smile returns.",
            "Speaks",
            "So I coulda been a lot rougher with you than I was? Maybe we should do some stress tests to really see the limits of your new form.♥",
            "She shoots a wink at you, and although you remember the discomfort of being held against a masturbating frog's boobs, you feel yourself being intrigued by what further tests Gren may have in store for you.",
            "JumpToScene", "Full body massage for Gren."
          ]
        },
{
          "NameOfScene": "Full body massage for Gren.",
          "theScene": [
            "Gren's eyes light up as she comes up with an idea",
            "|f|ChangeImageLayer|/|Expression|/|Sparkling|n|",
            "Speaks",
            "I got it! I'll include you in my new full body massage, and if you make it through that we can move onto some stress tests to see if you can handle all this bounce!",
            "To accentuate her last few words she bounces on her heels, and you pause for a second as you try to process the lunacy of her idea.",
            "|f|ChangeImageLayer|/|Expression|/|Loving|n|",
            "Before you can tell her what you think of her plan she presses her cupped hand against her breast again, smushing you against her erect nipple as it pokes into your midsection.",
            "She shudders as your naked form almost seems to mold around her breast as she uses more and more force to press you against it, before rubbing you in small circular motions around her breast, further exciting her nipple using your diminutive form.",
            "Before you can properly adjust to any one movement or location Gren swiftly moves you across her body, teasing you with various body parts as she rubs you around her body like a washcloth during a bath.",
            "Gren presses you against her stomach, slowly massaging you against her firm, athletics abs. Despite her lust causing her to press you into her with an intense amount of force, you still feel no pain, a face that helps relieve you.",
            "Her entire body dwarfs you, and no matter how you struggle you can't even begin to escape the grip of her hand, not that you'd make it very far even if you could somehow get back to the ground.",
            "Even still, you struggle against her grip, squirming and trying to move any body part that can resist the giantess frog, but you make zero headway, and only entice the giantess to further move you around her body.",
            "|f|ChangeImageLayer|/|Expression|/|Loving|n|",
            "Speaks",
            "Well geez [ThePlayerName], I guess you're having some fun aren't ya? How about we give you the full tour so you can really start having fun.",
            "With her hand still rolling you around her stomach you can't muster the words to tell her no, before you feel yourself being dragged across her body yet again.",
            "You are slowly brought to the bottom of her breasts, and with several fluid motions you are rubbed around the outer perimeter of one of her boobs, as she gropes and plays with herself, using you as a toy along the way.",
            "Her hand stops at her nipple, erect from all the action up until now. She loosens her grip as her fingers press onto your back, forcing you into her skin as your body compresses against her nipple. Gren lets out a slow moan as she feels your body pressing into her, and slowly begins to massage you against her nipple while keeping her finger still.",
            "Before she completely succumbs to her urge to continue using you to massage her breast she moves you across her collarbone, bringing you up to her face before she lifts one arm high into the air and begins bringing you close to her armpit.",
            "She brings you head first into the canyon of her armpit, taking her sweet time as she rubs you along its smooth surface. You braced for the stench to be what hit you first about her armpit, but there is no stench that comes with the usually sweaty area of her body, simply the same layer of slime that usually covers her.",
            "Gren continues to rub your face into her armpit, humming a tune to herself as she clearly enjoys this pantomimed shower, with you as her washcloth.",
            "She brings you away from her armpit slowly, and through the mucus accumulated on your face you can see her huge smile twist slightly as she begins to bring you to her lower half.",
            "Her hand lowers to her pelvis, pressing you against the flat skin just above her pussy. She teases you as she rubs you all around the area, even briefly touching down to her thighs as you take in the sight of her pussy.",
            "The opening to her pussy is as big as you are, letting it settle in just how small you are. She could easily slide you into her nether regions, and there would be nothing you could to fight back.",
            "Your thoughts are interrupted as she moves you towards the lips of her pussy, gently rubbing you against them as she lets out a quiet moan. She pulls you away as she shoots a wink at you, before moving you towards her muscular thighs.",
            "She scrubs around her thighs, her powerful leg muscles are easily felt as you are rubbed all around them, before she moves you to her calves. If you hadn't seen Gren's athleticism firsthand you'd have been shocked by how strong they feel.",
            "As she continues to scrub you against her legs, you hear a chuckle as she sits on the ground, pulling her feet into the air and moving you towards them.",
            "|f|ChangeImageLayer|/|Expression|/|Teasing|n|",
            "Speaks",
            "Ha ha, this part is going to be my favorite. I'm sure you're gonna feel great against my toes.",
            "She presses you against her sole, right in the arch of her foot as she slowly starts to rub your face into it. Despite her mobile nature her feet smell like the rest of her slightly earthy scent.",
            "She starts to move you towards her toes, placing you between the space between each foot and squeezing her toes together. The force knock the air out of your lungs but otherwise leaves you unharmed.",
            "You have no time to marvel at your durability, as Gren continues to scrub you against her feet for several more minutes, until she finally pulls you away, and brings you to her face.",
            "She waits for a few seconds as you clear the mucus from your face, and look at her as she beams at you again with a big smile.",
            "Speaks",
            "You are simply incredible, my little loofah!♥ But we didn't really see how durable you are, did we?",
            "You try to raise your voice against Gren, getting her to stop this and to let you go.",
            "Unfortunately, her eyes glaze over with a pink light again and she lowers you to the ground, and she keeps a finger on you as she stands back up.",
            "The enormous feet of Gren dominates your view of the sky, leaving you cast in shadow as the ever cheerful frog tells you to stay still. You don't find much of a choice as her finger retreats and is immediately replaced by her foot.",
            "Her foot slams down onto your diminutive form with incredible force. By now you have learned of your immunity to pain at this size, but the impact still leaves you uncomfortably cratered underneath Gren's foot.",
            "Impressed by your survivability, Gren starts to gleefully grind her foot on your body, trying to smear you across the ground. Your body holds up, however, as you are simply rolled along the ground by the green foot.",
            "Gren shifts her weight, standing on just the foot atop you, and seeing that you can survive even that she starts to jump in place, her gargantuan foot pummeling you constantly as you find yourself sticking to the wet ground.",
            "After several more bounces Gren leaps high into the air for one last bounce, and before her foot reaches you she pulls her legs up into the air, aiming her ass directly at your prone form.",
            "Her muscular, toned ass slams into your body, with her butthole landing directly in your face. If you were standing... you shudder at the thought of what would have happened if you were standing when she landed.",
            "Giggling at your predicament, Gren starts to grind her now gigantic rear back and forth, smushing your face into her butthole.",
            "Her butt crushes you from above, as you are dragged all over the ground by its shifting mass. Eventually Gren stops grinding on you, and you take a second to recover between her ass cheeks.",
            "That is, until you notice her butthole still hangs above you, and you ponder all the things that could go wrong until Gren finally stands up off of you, and starts to stretch as she seems to ponder what to do next with you.",
            "Speaks",
            "[ThePlayerName], that was so much fun! What should we do next while you're so strong?",
            "As she talks to you, you drag yourself far enough away from the titanic toad that the spell starts to wear off and you slowly return to your normal height.",
            "|f|ChangeImageLayer|/|Expression|/|Miffed|n|",
            "Gren looks at you with mild disappointment, but as you stand up and go to grab your clothes the pink glow in her eyes dissipates, and she soon perks back up.",
            "|f|ChangeImageLayer|/|Expression|/|Cheerful|n|",
            "Speaks",
            "Ah well, I still had fun while you let me. Maybe next time we engage in a good old fashioned tussle.♥",
            "You wish her well, still stunned by everything that occurred, and you pocket the vial of Gren's mucus and start to make your way back to town.",
            "GiveItem",
            "-1",
            "Glass Vial",
            "GiveItem",
            "1",
            "Vial of Mucus",
            "QuestComplete",
            "GoToTown"
          ]
        }
    ]
}
