{
  "name": "Ultimate Shinobi Training",
  "CardType": "Quest",
  "CardLimit": "0",
  "Description": "Elly has sent you to obtain Chi from Shizu",
  "requires": ["Empty Orb"],
  "requiresEvent": [
      {
          "NameOfEvent": "Cut Down to Size",
          "Progress": "3",
          "Choice": "-99",
          "ChoiceNumber": "-1"
      }
  ],
  "Speakers": [
      {
          "name": "Shizu",
          "postName": "",
          "SpeakerType": ""
      }
  ],
    "EventText": [
      {
          "NameOfScene": "EventStart",
          "theScene": [
          "You approach the long hallway that leads to the dojo where Shizu resides, but as you pass through the imposing double doors they do not budge.",
          "Cautiously, you stay near the pillars of the dojo and move forward, but you don't see any trainees at all as you wander the hall.",
          "Eventually, you come to the ring where you and Shizu have sparred before when you originally came through the temple. You stand in the center of the fighting area debating on if you should call out for Shizu when suddenly a powerful energy starts to surge through you.",
          "You double over as it overloads your senses, and as you gasp for breath you can make out the ground around you expanding as you shrink down to only a few inches in height.",
          "The sensation passes soon after and you catch your breath as you try to figure out what to do next. You pull out the orb Elly handed to you and debate searching the dojo, and hoping that the orb will somehow charge itself.",
          "You also consider leaving, hoping that after time passes and you grow back to normal you could avoid this shrinking stuff from happening again. You weigh your options as a shadow is cast over you, and you slowly turn around and see a figure looming over you.",
          "DisplayCharacters",
          "1",
          "EndLoop",
          "At your eye level you see Shizu's trademark grey metal greaves, and your eyes follow them up up her legs as you take in just how imposing the masochistic ninja master is at this size.",
          "You freeze up as your eyes finally reach Shizu's face, and you see that she has been staring directly at you since she approached you.",
          "ChangeImageLayer", "Expression", "1", "Caring",
          "Speaks",
          "Well well well, looks like we have an intruder in our halls. I felt something was amiss, and I come out here after I gave my students the day off to find my humiliator scurrying about my dojo like a rat.",
          "Speaks",
          "I'm sure you understand I cannot allow for you to continue to wander my halls. Although...",
          "Shizu seems to be lost in thought for a second, and you slowly start to back away from her imposing feet. As you do so, she lazily swings her foot forward, knocking you to the ground as she rests the sole of her shoe on top of you.",
          "ChangeImageLayer", "Expression", "1", "Sinister",
          "Speaks",
          "Hey! Stand still while I debate what to do with you! Your lucky I don't just do the worst things I can think of to get back at you!",
          "Speaks",
          "It took me a whole week to get my students respect back after losing to you! So you know what? I'm gonna pay you back tenfold for the... disgrace I suffered at your hands.",
          "ChangeImageLayer", "Expression", "1", "Hunger",
          "She takes her foot off you and picks you up with her thumb and index finger and brings you up to her face. She scowls at you as she looks you over, but you get the distinction she's keeping up an act for any nearby observers, although you can't see any.",
          "Speaks",
          "Fufufufu, let's see... Ah! I know just where to put you for now, before the real fun can begin.",
          "ChangeImageLayer", "Expression", "1", "Dominant",
          "Shizu tugs at the collar of her bodysuit as she dangles you above it, and you can feel the heat that was trapped inside surge outwards, giving you a premonition of how your stay with her will go.",
          "As she drops you into her bodysuit you land onto one of her breasts and start to roll forward. You fall head over ass until you reach where her boobs meet with the skintight suit, at which point she releases her collar and lets the suit snap back into place.",
          "Immediately, her suit vacuum seals you to her breast, just above her nipple. From the outside, Shizu sees a small bump where you body is and gently strokes it with her thumb.",
          "As her thumb runs over where you are you feel yourself being pressed into the overwhelming, soft flesh of Shizu's boobs. As she giggles at the feeling of you being pressed into her breast, you can't help but struggle against the engulfing flesh.",
          "ChangeImageLayer", "Expression", "1", "Excited",
          "Speaks",
          "You feel so insignificant against my breast, how about we change locales so I can drive home the point?",
          "The world begins to shake around you as the giant ninja begins to walk towards her room, her breasts jiggling and straining against the powerful material of her bodysuit with each step.",
          "The other sensations inside her suit start to bombard you as you acclimate yourself to the bouncing breasts pin you to her suit. The heat of her body feels trapped inside the tight material, and the sweat soaked stench of her body emanates and traps itself inside her suit nicely, and mixes with a heavy perfume scent that tears through your mind.",
          "Her perfume and sweat mix together and penetrate into your brain, and it doesn't take long for you to get hard while being plastered to Shizu's breast.",
          "Shizu either does not notice or ignores you as she continues to her room. You feel her breathing as her chest rises and falls with each step, adding a layer of rhythm to her breasts assault against your diminutive form.",
          "Eventually, Shizu reaches her room and lets out a sigh, as her face drops the stoic teacher act and her face lights up with lust, giddy at the prospect of using you as a toy.",
          "ChangeImageLayer", "Expression", "1", "Hunger",
          "She walks over to a lightly decorated bed and sits down, admiring the bump in her clothing yet again as she bites her lip.",
          "JumpToScene",
          "Shizu's Room"
          ]
      },
      {
          "NameOfScene": "Shizu's Room",
          "theScene": [
          "Opening her collar again, Shizu fishes down to her breasts, her fingers trying to pick you up and out of where you were trapped.",
          "Having nowhere to go you decide to stay still and eventually the giant fingers grab hold of you pluck you from your hot confines.",
          "ChangeImageLayer", "Expression", "1", "Nervous",
          "Shizu brings you up to her face, bright red with lust as she blushes, clearly thinking about what to do with you.",
          "Speaks",
          "Mmmm, well now that we're away from prying eyes, I can finally drop my facade. I'm so eager to have you explore my body and have you worship me like a goddess.",
          "Speaks",
          "Don't you worry, I promise I'll be benevolent to you as long as you learn to please me.",
          "ChangeImageLayer", "Expression", "1", "Thoughtful",
          "She taps her finger against her chin while holding you up in her opposite hand, before she decides on her course of action.",
          "Speaks",
          "For your first day as my new servant, I will have you travel across my body and worship each part that I command you to worship. Failure will result in you being moved to an... unfortunate part of my body.",
          "ChangeImageLayer", "Expression", "1", "Ahegao",
          "She basically drools at the final part of her sentence, and you nervously take in your surroundings as she grips you tightly.",
          "Speaks",
          "Oh but first I should discard this suit, I wish to feel every moment of your journey across my bare body.",
          "She tucks you into one of her detached sleeves and in just a few motions discards her boots and her bodysuit. She slowly rolls off her long glove/sleeve on her opposite arm before she grabs you out of the other sleeve and discards the last of her clothing, letting it fall to the ground.",
          "Shizu sits on the bed again, placing you on her knee as she leans back, allowing you to marvel at her size, particularly that of her breasts. She basks at the attention she's receiving from you, and slowly stretches her body and lays down on the bed, and gives you you first task.",
          "Speaks",
          "Your journey today will consist of four stops. Your first one will be simple enough: scale to the top of one of my breasts and worship my nipple as I watch.",
          "At this point Shizu lays back completely, only propping her head up with a pillow to watch your adventure.",
          "JumpToScene",
          "Climbing Mt. Shizu"
          ]
      },
      {
          "NameOfScene": "Climbing Mt. Shizu",
          "theScene": [
            "ChangeImageLayer", "Expression", "1", "Loving",
          "As the giant ninja watches, you slowly and carefully begin the trek across her thigh. The bouncy, perfume scented mass shifts and shakes under your footsteps, and at several times you nearly lose your footing.",
          "You try to keep tabs on Shizu's face, watching her to try and catch a hint of any mischievous plans she has for you, but as you step off her thigh and onto her pelvis she has made no moves to delay you.",
          "Crossing the field of her stomach, you eventually reach the bottom of one of her breasts. They tower over you, but its not an impossible challenge as you grab hold of them and start to pull yourself up.",
          "Surprisingly, Shizu still does not react as you pull yourself up bit by bit. You feel as though you weigh nothing, and before you know it you have ascended to the top of Shizu's breast, where her nipple stands fully erect.",
          "Warily, you approach the pink bit of flesh and kneel down, trying to keep eye contact with Shizu as she nods at you, her face maintaining a polite smile as she watches you.",
          "On your knees, you bend your head down to Shizu's nipple, and place your lips softly on it. You start to pull away thinking that would be enough, but Shizu's finger descends on you in an instant and presses you against her nipple, indenting her breast as she holds you down forcefully.",
          "ChangeImageLayer", "Expression", "1", "Defiant",
          "Speaks",
          "You call that worship?! You are the most pathetic servant ever! Now try again!",
          "She releases the pressure on you and her breast springs back to form, propelling you into the air before landing and bouncing for a second against her jiggly tit.",
          "You return to your knees and start to kiss at Shizu's nipple, hoping for a positive reaction from the giant ninja.",
          "ChangeImageLayer", "Expression", "1", "Ahegao",
          "Getting none, you ramp your efforts as you incorporate your tongue into the kisses, dragging it across her sensitive flesh as you finally get a moan from Shizu.",
          "Not wasting your chance, you use your hands to massage the surrounding area of her nipple, and frantically lick at it to satisfy the demand of the ninja master.",
          "ChangeImageLayer", "Expression", "1", "Defiant",
          "Speaks",
          "Hmph, so you got me to react by using your tongue. I suppose we can call that task complete for now.",
          "Speaks",
          "Moving on to your next task, I want to let you get to know an area I plan on keeping you often: Travel down to my pussy and let's see how well you perform your worshipping duties down there.",
          "You stand up and nod at the giantess, and slide down the side of her breast into the valley of her cleavage, before walking towards her pelvis.",
          "JumpToScene",
          "A Journey Below"
          ]
      },
      {
          "NameOfScene": "A Journey Below",
          "theScene": [
          "Having made the trek once before across her stomach you eventually reach the area just above her neatly shaved pussy.",
          "You stand above it, debating how to go about your task when you look back at her face and see an annoyed look across Shizu's face.",
          "Not wanting to fail this task, you grab hold of her skin and start your climb down her pubic area, and to your side the wall of Shizu's pussy presents a challenge to you. The walls are already wet and slippery solely from her anticipating you.",
          "Regardless, you try to push on and grab at the wall of her vagina and try to bring yourself over, but your hand slips off her and you lose your grasp and fall, tumbling down through the air until you reach the mattress below.",
          "You hear Shizu sigh, but can no longer see her face as her fingers pick you up and bring you level with her pussy.",
          "Speaks",
          "I know you're hardly a few inches, but you can't even get yourself in me? Maybe I need to find a better place for you after this.",
          "She annoyedly thrusts you into her pussy, letting out a soft gasp as she does. Confirming that you are inside her, her fingers release you and let you get to work.",
          "Immediately, you thrust your hands against the walls of her vagina and start to rub yourself against her, eager to try and recover the goodwill of the giant ninja and not end up in a bad situation.",
          "ChangeImageLayer", "Expression", "1", "Ahegao",
          "Her pussy against your whole body feels amazing, the warmth seeps into your body as her juices coat you, and the flesh around you pulses as you please her, grinding against every inch of your body as you do the same to her.",
          "Shizu moans as she feels you squirming inside her, and flexes her muscles so that her pussy constricts around you, slowing your struggles momentarily.",
          "Speaks",
          "So you can perform once you've started a task. I'm content to let you continue for a bit longer before we move on to the next task.",
          "Her pussy relaxes around you again, and you resume your struggles as the intoxicating feeling of being in her pussy starts to take over, and along with the movements of the rest of your body you stick your tongue out and start to lick at the walls of Shizu's pussy.",
          "You can't tell if Shizu can even feel what you're doing with your tongue, but as you open your mouth and press your tongue against her vaginal walls the sweet juices of her pussy coat your tongue, and they drive you wild as you redouble your struggles to please her.",
          "Shizu starts to softly pant as your actions arouse her, and as she rides on the edge of cumming she brings her fingers into her pussy and pulls you out, denying the both of you a satisfying end.",
          "ChangeImageLayer", "Expression", "1", "Hunger",
          "Speaks",
          "Fuuuu, that was close, but I think we can cap that off at the end of your tasks, okay?",
          "Still slightly drunk off Shizu's gigantic pussy, you nod your head as she wipes you against her breast to dry you off.",
          "ChangeImageLayer", "Expression", "1", "Thoughtful",
          "Speaks",
          "Hmmm, for your third task, I think you should familiarize yourself more deeply with my scent, so I shall have you worship at my feet next.",
          "She sets you onto a pillow and props her feet up onto them, giving you a full view of her powerful and smooth soles.",
          "JumpToScene",
          "A taste of defeet"
          ]
      },
      {
          "NameOfScene": "A taste of defeet",
          "theScene": [
          "You approach the giant woman's foot and place your hands on them, they are warm to the touch and radiate a powerful, spicy perfumed scent.",
          "There is nowhere to hide from the scent of the giant woman's foot as it digs into your mind, and after a few more breaths you can't help but bring yourself to start kissing and licking the giant woman's heel.",
          "You press your hands against the bare feet of the giantess, which are still slightly damp from the socks and greaves combo she was wearing prior to this, but you ignore that as you continue to lick and kiss her foot.",
          "Impressed by your submission to her feet, Shizu commands you to climb her foot and worship her foot where she can see you, at her toes.",
          "You try to grab onto the smooth skin of Shizu's foot, but due to the lingering dampness of her foot and the remaining juices of her pussy, you can't find purchase on her foot to climb.",
          "Frantically, you claw at her foot to try and establish a handhold to start climbing up, but Shizu feels your desperate movements and sits up, pulling her foot away from you.",
          "ChangeImageLayer", "Expression", "1", "Stern",
          "Speaks",
          "I must say, I was impressed at first with your devotion to me, but your failure to scale my foot must be met with punishment. Consider this task failed.",
          "You look at her in fear as her foot raises up and stomps you into  the pillow, smothering you under the ball of her foot.",
          "Speaks",
          "Now wait in there as I consider a fitting punishment for your failure to serve me.",
          "The impact of her foot shakes the bed, jostling you around and helping to clear your head for a moment. Her sweaty foot presses down against your body, but thanks to the curse you don't need air and can avoid the dangerous perfume of her foot.",
          "However, out of habit you breath in occasionally and feel the perfume digging back into your mind as her foot weighs heavily upon you.",
          "At this point you realize that you still need to charge the orb somehow, so using her foot's dampness you struggle and slip down to the arch of her foot, giving you just enough room to summon the orb to your hands. Somehow, it seems to have charged itself from your inventory, as it now shines with a dull silver light.",
          "Pleasantly surprised about your accidental success, you turn your thought to trying to escape from the giant ninja master.",
          "As you ponder your options, the giant foot raises off you and immediately Shizu pinches you between her fingers and brings you up to her face.",
          "ChangeImageLayer", "Expression", "1", "Rage",
          "Speaks",
          "There have been times where your performance in worshipping me has gone well, and other times you have failed utterly and hopelessly. I believe this punishment will show you what happens when you fail me. Please suffer for me in silence.",
          "Her hand curls into a fist around you, cutting off all light except when several fingers reach out to grab something, but not enough for you to squirm free. A few moments later and Shizu unfurls her fist to reveal that she has put her bodysuit back on.",
          "JumpToScene",
          "A punishment most foul"
          ]
      },
      {
          "NameOfScene": "A punishment most foul",
          "theScene": [
          "Wordlessly, she raises one arm up and angles it to grab at the edge of the skintight fabric near her armpit, and begins to bring you closer to her armpit.",
          "ChangeImageLayer", "Expression", "1", "Excited",
          "She brings your face directly into her sweaty armpit, the shock from the sensation causes you to reflexively open your mouth to gag, but instead your mouth fills with her sweaty flesh.",
          "She rubs your face around on her armpit for a few moments more, before depositing you into the bodysuit facing into her armpit. Her arm lowers and you are brought into darkness as you are mashed against the hot and sweaty armpit of Shizu.",
          "In all previous places you visited on Shizu there had been a pleasant perfumed scent coming from her body, but here in her armpit the sweat completely overrides her sweet scent and burns your nostrils, filling your brain with her salty, sweaty scent.",
          "Shizu finishes dressing herself, taking pleasure in grinding her arm against her body knowing that it's smearing your trapped face against her armpit.",
          "As she finishes getting dressed Shizu heads for the door and enters back into the temple, strutting through the winding hallways until she returns to the dojo.",
          "She arrives at a practice area that is designed for more general physical activities, rather than the specialized 'training' that her students normally go through.",
          "Smirking, Shizu starts to jog around the outside of the area, making sure to keep her arms tucked in tight against her body.",
          "The previously uncomfortable heat and pressure on your body ramps up more and more as Shizu starts to jog up a sweat across the rest of her body, ecstatic knowing the amount of torment she is likely putting you through.",
          "Several minutes of jogging later and Shizu simply starts to jump in place to keep the burn going, and to put you through the sensation of the world going up and down at such fast speeds.",
          "After taking several minutes of unbearable heat and fighting the stench of her armpit for long enough you open your mouth against the sweaty flesh and bite down as hard as you can, hoping that it triggers a reaction from the giant woman.",
          "Sure enough, Shizu winces in pain as if an insect bit her and lifts her arm in the air to see you biting down onto her armpit flesh. But instead of responding with anger she simply laughs at you.",
          "Speaks",
          "Fufufufufu, if that's the best you can do to get through to me then you might as well just pass out already.",
          "She lowers her arm for a moment before smirking, and decides that pummeling your body with her arm will do the job in finally knocking you out.",
          "Shizu stands with her feet shoulder width apart and brings her arms up, before jumping in the air and bringing her legs together and her arms crashing down to her sides.",
          "The wind is knocked from you and reflexively you take a breath to recover, and breath in the powerful stench of her armpits again, before Shizu jumps back into the air to continue her jumping jacks.",
          "However, Shizu doesn't notice that the sweat she built up earlier has caused you to become slippery from her sweat, and with every jumping jack she pulls you a bit closer to freedom, until finally on a jump up she raises up her arms, bringing you with them and near the height of their swing you are released and go soaring across the room.",
          "JumpToScene",
          "Success and escape"
          ]
      },
      {
          "NameOfScene": "Success and escape",
          "theScene": [
          "As you soar through the air you start to celebrate your escape, and Shizu seems none the wiser as she continues her jumping jacks.",
          "Your celebration is cut short as you hit the smooth tile floor and continue rolling for a bit longer.",
          "As you roll to a stop on the ground you slowly sit up and see that Shizu has noticed you have gone missing, and she starts to look around on the ground near her feet to see if she can find you.",
          "Taking this opportunity, you start to run in the opposite direction, hoping that you grow back before the perverted ninja finds you again.",
          "Luckily, turn the corner around a pillar and feel a magical energy surge through you as you return to your normal height.",
          "You breathe a sigh of relief, and slip out of the dojo before Shizu notices and head home to take a shower.",
          "GiveItem",
          "-1",
          "Empty Orb",
          "GiveItem",
          "1",
          "Chi Orb",
          "QuestComplete",
          "GoToTown"
          ]
      }
    ]
}
