{
    "name": "Enter 'Amber's Adventuring Shop'",
    "CardType": "Inn",
    "CardLimit": "0",
    "Addition": "Yes",
    "Description": "",
    "requires": [""],
  "Speakers": [
    {
      "name": "Amber",
      "postName": "",
      "SpeakerType": "Monster"
    }
  ],
    "EventText": [
      {
          "NameOfScene": "TalkMenu",
          "theScene": [
                        "Menu",
                          "Talk about Amber.",
                          "Talk about the other people in town.",
                          "RequiresChoiceFromEvent", "Head over to Vivian.", "19", "Amber",
                          "Ask about her custom made sex toys.",
                          "RequiresItem", "Purchase Order", "HideOptionOnRequirementFail", "Ask about the item for Elly.",
                          "Done talking.",
                        "EndLoop"
                    ]
      },

          {
              "NameOfScene": "Ask about the item for Elly.",
              "theScene": [ "You show Amber the receipt from Elly for some kinda item, and Amber nods and starts to dig around her counter.",
                            "Speaks",
                            "Yeah, I've got it somewhere around here. It's kinda strange though, Elly was adamant that I wasn't allowed to bring it to her in at the guild. Whatever, she probably has her reasons to make you her gopher.",
                            "After a few more moments of rummaging around her store Amber mutters a few swears under her breath.",
                            "ChangeImageLayer", "Expression", "1", "Annoyed",
                            "Speaks",
                            "I thought I was keeping it somewhere up front because I figured someone was gonna come grab it soon, but I must've left it in the back. Don't touch anything while I go look for it.",
                            "Her dead serious tone and piercing eyes scare you into assuring her that you won't touch anything while she goes to find the shipped item.",
                            "As Amber leaves, you realize that you are alone in the store, and try to stay as still as possible as your eyes wander around, scanning the various shelves and counters holding countless items.",
                            "While you're eyes are looking around, a dull pain shoots through your body. You wince and close your eyes, and when you open them again you realize you have shrunk down to just 1 inch while in Amber's shop!",
                            "Wanting to get help as soon as possible you hurry around the corner of Amber's counter, and see the door she left ajar. You make your way over to it and see her looking through a series of shelves",
                            "Speaks",
                            "Hmmmm, not here either. Where did I keep that damned thing?",
                            "You make your way over to the base of her long boots and start to jump up and down, trying desperately to get the attention of the giant woman.",
                            "A few moments pass before Amber steps away, going to search another part of her back room as you run after her, falling behind as even a single step far outpaces your stride.",
                            "Amber stops at the next shelf, giving you time to catch up to her and this time instead of trying to get her attention from the ground you decide to take matters into your own hands.",
                            "You grab onto the slick, rubber material of Amber's boots and take a moment to concentrate, before you manage to heave yourself up onto her boot.",
                            "On top of Amber's foot, you go to her ankle to make use of her laces to climb up the rest of the way up her boot. It's as you go to grab at a lace that you realize Amber's boots are seemingly one solid piece of rubber.",
                            "You persevere and grip the sides of her boot tightly, and shimmy your way slowly but surely up Amber's boot until you finally reach the top, just below her knee.",
                            "You reach a hand out to grab onto her pants, but at the last second you hear the bell of Amber's shop and she scoffs that she couldn't find the item as she starts to move back to her counter.",
                            "As her leg swings around to start walking, you lose your balance and nearly fall off her boot and back onto the ground. Just before you can fall backwards you throw your body weight forward, propelling yourself towards the knee of Amber.",
                            "Your face bumps against her knee and you think you've regained your footing, but you soon find yourself slipping down a small gap between her boots and her legs. With each step she takes you slide a bit further down, and you find no easy grip inside the giant woman's boot.",
                            "Amber makes it back to her counter and helps a customer check out a couple of items, all the while ignoring an itch in her boot as she wonders where exactly you went. She shrugs it off, since Elly told her how important this item was supposed to be.",
                            "Speaks",
                            "He'll be back soon enough, gives me enough time to find the damned thing",
                            "ChangeImageLayer", "Expression", "1", "Base",
                            "She starts checking her front counter again, bending at the knees occasionally to check low hanging shelves for your order. As she does so her boots constrict and press you into her shin bone.",
                            "As she stands back up you feel the pressure of her boot relax and try to scoot horizontally so that you can at least avoid being pressed into the bony part of Amber's leg.",
                            "Amber feels your body moving against her leg, and lifts her foot into the air and starts to shake her boot. You feel the sensation of the boot and Amber's leg separate, and you plummet all the way down her boot to where her heel normally rests.",
                            "Speaks",
                            "Something must've fallen off a damn shelf and into my boot. I'll have to fetch it out later.",
                            "You shake off the fall and try to get a hold of your surroundings, but the smell and wet texture of Amber's boots fry your senses. You do however, feel the heat coming off Amber's heel and recognize the boot moving downwards and move further into the boot to avoid Amber grinding you down with her heel.",
                            "You don't make it very far as her foot lands on the ground, and you find yourself pinned facedown beneath the arch of the giant shopkeeper's foot.",
                            "Her foot immediately raises up again, as Amber stands up in shock at the feeling of you under her foot.",
                            "ChangeImageLayer", "Expression", "1", "Shock",
                            "Speaks",
                            "What the- What fell into my boot? Did- did that moron shrink in my store?",
                            "Amber bends down to undo the zipper of her boot and get you out when another customer enters the store. Amber whispers a quiet apology as she assists the customer with their order.",
                            "ChangeImageLayer", "Expression", "1", "Contempt",
                            "A few moments pass as you realize Amber is holding her foot just off the ground so that she doesn't step on you. You take this chance to silently crawl deeper into her boot until you are no longer under her foot.",
                            "As you make it past her toes you raise a hand over her big toe and tap it a few times. Amber takes a second to register your action before she very slowly puts her foot down.",
                            "You breathe a sigh of relief, accidentally breathing in the rather pleasant scent of Amber's boot. Her feet smell perfumed and don't seem to sweat much even after being trapped inside her boots all day.",
                            "The next customer leaves and you hear Amber whispering into her boot.",
                            "ChangeImageLayer", "Expression", "1", "Annoyed",
                            "Speaks",
                            "I don't know why you tried climbing me, but just stay in there until I can close the store for the day. Maybe that'll teach to you to be more careful about where you go after shrinking.",
                            "You distantly hear the ringing of the shop bell as another customer enters and Amber stops talking to you as she focuses on her store.",
                            "Sitting down in the toe section of her boot, you look around before realizing there's not much to do while being trapped inside a shoe when a foot isn't actively assaulting you.",
                            "You lose track of time pretty fast inside the boot of Amber, and as you keep staring back at her toes you can't help but feel compelled to do something.",
                            "Crawling over to her big toe, you put your hands out and place them onto the massive digit. You start rubbing back and forth as you give Amber's toe a massage.",
                            "ChangeImageLayer", "Expression", "1", "Shock",
                            "Amber freezes up for a second, feeling your hands rubbing her foot gives her a shock as she tries to ignore you and continue working.",
                            "You carry on and start to work your way into the gap between Amber's big and second toe, gently massaging them to give yourself something to do.",
                            "As Amber checks another customer out and watches them leave she makes sure no one is watching as she lifts her foot and gives her boot a quick shake. The sudden movement tosses you around before you find yourself under the ball of her foot, which quickly settles on top of you.",
                            "ChangeImageLayer", "Expression", "1", "Bashful",
                            "Speaks",
                            "I didn't say you could do whatever you wanted in there, now quit distracting me!",
                            "Amber settles her weight on you as you are forced to breathe in her scent directly from her foot holding you down. You struggle against the enormous woman's weight but she leans forward on her foot and the increased pressure makes you uncomfortable enough to stop.",
                            "TimeBecomesNight",
                            "What feels like hours of being under Amber's hot, perfumed feet pass you by before you hear her say goodbye to her last customer and starts to walk towards her back room. Amber turns around a sign from 'Open' to 'Closed' before heading to the back room.",
                            "She sits down on a stool and unzips the boot containing you, dumping you out onto her palm. The sudden rush of fresh, cool air and light hits you hard as you take a second to reorient yourself on her palm, but before you can she dumps you onto the ground and walks away.",
                            "ChangeImageLayer", "Expression", "1", "Smile",
                            "Speaks",
                            "Y'know, you weren't the worst insole in the world. Maybe if this cure for your shrinking fails you could convince people to step on you for good money. But either way when you finish growing back to normal I've got the order right here for you.",
                            "Amber waits around for a few minutes until you feel the surge of magical energy course through your body, and you slowly return to your normal height.",
                            "ChangeImageLayer", "Expression", "1", "Base",
                            "You head over to the counter and pick up what seems to be a small vial containing a strange, black liquid that seems to move all on it's own.",
                            "You pocket the item and give Amber the purchase order, and she stamps it and stashes it away as she continues to watch you.",
                            "Nervously, you turn around and leave the shop, and you finally notice that it has gotten pretty dark out.",
                            "GiveItem",
                            "-1",
                            "Purchase Order",
                            "GiveItem",
                            "1",
                            "Mysterious Tincture",
                            "JumpToScene", "VisitMenu"
                        ]
          }
    ]
}
