{
    "name": "A Foe's Trials",
    "CardType": "Quest",
    "CardLimit": "0",
    "Description": "You are interesting and tenacious, I desire to research you and the curse affecting you to a greater extent. I am in the Temple of Willpower and request you engage me in a duel again, this time I will use my full capabilities to defeat you.",
    "requires": [""],
    "requiresEvent": [
        {
            "NameOfEvent": "Mysterious Foe",
            "Progress": "2",
            "Choice": "",
            "ChoiceNumber": "-1"
        }
    ],
    "Speakers": [
        {
            "name": "GwenFullpower",
            "postName": "",
            "SpeakerType": ""
        },
        {
            "name": "Phantom Gwen",
            "postName": "",
            "SpeakerType": ""
        }
    ],
    "EventText": [
        {
            "NameOfScene": "EventStart",
            "theScene": [
                "DisplayCharacters",
                    "1",
                "EndLoop",
            "As you finish making your way through the Temple, you come to a long hallway that you could've sworn led to the dojo last time. You continue walking down it cautiously before Gwen reveals herself by stepping out from behind a pillar.",
            "Speaks",
                "Hello there, [ThePlayerName]. It's been a bit since we've last spoken face to face. How are you doing?",
            "You hesitate at these pleasantries and you tell her that you saw the quest posting back in town.",
            "Speaks",
                "Excellent, I knew you adventurous types wouldn't be able to resist accepting a quest, even if it ensured the end of your adventuring days.",
            "That comment puts you on edge as you slowly get into a defensive stance as you ask her what she is talking about.",
            "Speaks",
                "Ah, it seems you have forgotten that I am also employed by Adventium back on Fertilia to bring you back. Me and my associate Haruka have wasted quite a lot of time here on you but now the game needs to end and I will be the one to bring you back for studying instead of that brute.",
            "Speaks",
                "Prepare yourself, [ThePlayerName], for you are no longer dealing with the same futa that you were before. I will go all out and crush you and bring you back to the mainland.",
                "ChangeImageLayer", "Expression", "GwenHorny",
            "JumpToScene", "Battle"
            ]
        },
        {
            "NameOfScene": "Battle",
            "theScene": [
            "CombatEncounter", "NoRunning",
                "GwenFullpower",
            "StartCombat",
            "JumpToEventThenScene", "GwenLossEvents", "BestingGwenQuest"
            ]
        },
        {
            "NameOfScene": "Finish",
            "theScene": [
                "DisplayCharacters",
                    "1",
                    "2",
                "EndLoop",
                "Gwen shivers slightly with the body heat of her phantom gone and you turn to head back to town before you hear Gwen coughing and calling after you.",
                "Speaks",
                    "W-Wait. Don't go. I want to apologize...",
                "You turn your head and arch an eyebrow at Gwen. You stop walking and stroll back to her, and hear her out.",
                "Speaks",
                    "I originally came here under the command of Fertilia's governments to see if we could analyze the cursemark on your body for any unique purposes, but even after our first encounter I knew that such magic would be pointless in society, except to experiment more on humans and monsters.",
                "Speaks",
                    "Diminuenda was a master of spatial magic back in Fertilia, and hearing that she perfect her shrinking magic was cause for concern, but it seems like she only wants to get a kick out of shrinking and toying with people on this island. That is acceptable to Fertilia as long as Diminuenda does not become a larger threat.",
                "Speaks",
                    "So with all that reported back to Fertilia after our first encounter, I decided I would stay here on vacation for a while, and before long I enjoyed fighting and defeating you. But now, I see there is also joy and pleasure in being defeated.",
                "Gwen's cheeks turn rosy as she blushes with embarrassment as she says this next part.",
                "Speaks",
                    "I never thought I would enjoy losing this much, and I wanted to thank you for showing me this joy. I have something for you.",
                "Gwen pulls from her inventory a piece of rolled up parchment and hands it to you. You open it up and realize that it's a magical scroll, and the center of the spell it contains looks very similar to your cursemark.",
                "Speaks",
                    "It's a modified spell based off the structure of your curse. Now, should you defeat a willing opponent in battle you will gain the ability to shrink them down and they will have to abide by the same rules that you must when you shrink.",
                "You arch an eyebrow at Gwen, and are about to ask her a question but she passes out and she vanishes from your sight. You look around confused as the phantom dissolves and you decide to head back to town.",
                "GiveItem", "1", "Conquering Diminishment",
                "SetProgress", "2",
                "QuestComplete"
                    ]
                }
            ]
        }
