{
    "name": "Mysterious Foe",
    "CardType": "Quest",
    "CardLimit": "0",
    "Description": "Gwen is a adventurer highly skilled in magic, and she has put up this quest as a challenge of your abilities.",
    "requires": [""],
    "requiresEvent": [
        {
            "NameOfEvent": "Cut Down to Size",
            "Progress": "6",
            "ChoiceNumber": "-1",
            "Choice": ""
            }
    ],
    "Speakers": [
        {
            "name": "Gwen",
            "postName": "",
            "SpeakerType": ""
        }
    ],
    "EventText": [
        {
            "NameOfScene": "EventStart",
            "theScene": [
            "You near the edge of the forest, glancing occasionally at the letter you received from a mysterious 'Gwen' in town asking you to meet her at this spot.",
            "You're in the midst of pondering who this person could be before eventually finding yourself in the middle of a large clearing in the forest. The grass lightly sways in the wind as you look around and see a lone female figure standing across the field from you.",
            "Speaks",
            "It was very nice of you to meet me, [ThePlayerName]. I did not expect you to be so bold as to actually arrive here. Now then, shall we engage?",
            "You reckon this is the Gwen who sent you the letter, and now you finally get a good look at her as she starts to approach you.",
            "JumpToScene", "Encounter with Gwen"
            ]
        },
        {
            "NameOfScene": "Encounter with Gwen",
            "theScene": [
            "DisplayCharacters",
                "1",
            "EndLoop",
            "A fit, athletic looking girl with black hair and a form-fitting outfit, and her breasts are enormous. You take a second to take in her appearance before snapping out of it and asking what she wants from you. Gwen stops five feet from you and explains.",
            "Speaks",
            "There have been tales back in Fertilia about an adventurer here in Lucidia who was afflicted with a shrinking curse. Naturally as someone who is interested in magic I had to come see it for myself. It took some digging but I finally discovered your identity and about your cursed mark.",
            "Speaks",
            "It's quite interesting, the magic that now infuses your body. I very much would like to take you back to Fertilia to investigate this matter more closely, but I have a feeling that your sense of adventure won't let you, do I have that right?",
            "You nod at Gwen, firm in your desire to keep adventuring in these lands until the Demon Queen is defeated. Gwen lets out a sigh before speaking again.",
            "Speaks",
            "I feared that was the case. Even so, let me make a small wager with you: If I defeat you in one of these 'sex' battles I will be allowed to shrink you as I please, so long as we remain on this continent. If you defeat me, I will allow you to pleasure yourself with my body to your heart's content. Do we have a deal?",
            "You think about it for a moment, before agreeing to the terms of her deal and assuming a fighting position. Gwen chuckles as she lifts up her skirt and reveals a secret to you.",
            "Speaks",
            "Oh I forgot to mention my 'special' characteristics as well. I'm a girl who was magically given the sexual appendages of a man to allow me to better fend off the monsters in these parts, but I believe they will also be beneficial in neutralizing you as well.",
            "You recover from the shock of seeing her incredibly large dick and prepare yourself to fight.",
            "JumpToScene", "Battle"
            ]
        },
        {
            "NameOfScene": "Battle",
            "theScene": [
            "CombatEncounter",
                "NoRunning",
                "Gwen",
            "StartCombat",
            "You come out of the battle victorious, and go to claim your prize from Gwen, only to find her rising to her feet again and wielding a strange-looking magic item.",
            "SetProgress", "2",
            "JumpToScene", "Victory?"
            ]
        },
        {
            "NameOfScene": "Victory?",
            "theScene": [
            "Gwen tricks you and hits you with a magic item that will let her shrink you and alter your growth at will. She promises to return when she recovers her strength and capture you for real.",
            "You cautiously look around and head back to town to report on the quest completion.",
            "IfHasPerk", "Advanced Minimize", "Quest Completion",
            "GivePerk", "Advanced Minimize",
            "QuestComplete"
            ]
        },
        {
            "NameOfScene": "Quest Completion",
            "theScene": [
                "QuestComplete"
            ]
        }
    ]
}
