{
    "name": "Rivalry Continued",
    "CardType": "Quest",
    "CardLimit": "0",
    "Description": "You think you've won?! You think you can escape from me just like that?! I'll be waiting in the Caverns and this time I won't hold back against you!",
    "requires": [""],
    "requiresEvent": [
        {
            "NameOfEvent": "Rivalry Challenge",
            "Progress": "2",
            "Choice": "",
            "ChoiceNumber": "-1"
        }
    ],
    "Speakers": [
        {
            "name": "Haruka",
            "postName": "",
            "SpeakerType": ""
        }
    ],
    "EventText": [
        {
            "NameOfScene": "EventStart",
            "theScene": [
            "After a long trek you come to an area of the Caverns that has formed into a circle and is ringed with blue glowing crystals. It is much more well-lit than the rest of the Caverns but before you have a chance to ponder on the landscape you spot Haruka, standing at the edge of the room with her arms crossed in front of her chest.",
            "Speaks",
                "Dammit, if I knew you were gonna take that long again I would've gotten another nap in or something. But now that you're here I think it's time for me to cut loose!",
            "Haruka uncrosses her arms and hunches over, she begins to yell as you feel magical energy spike in the room around you as Haruka whips up the loose dust in the cavern around herself. After a few moments she stops yelling and stands back up to her full height, seemingly nothing has changed except now her cock is out too.",
            "ChangeImageLayer", "Expression", "HarukaHorny",
            "Speaks",
                "I'll warn you now, I'm a lot stronger than I was on the mountains, and I won't let you escape this time!",
            "You adopt a defensive stance and brace yourself as Haruka rushes in towards you.",
            "JumpToScene", "Battle"
            ]
        },
        {
            "NameOfScene": "Battle",
            "theScene": [
            "CombatEncounter", "NoRunning",
                "HarukaFullpower",
            "StartCombat",
            "JumpToScene", "Victory"
            ]
        },
        {
            "NameOfScene": "Victory",
            "theScene": [
                "DisplayCharacters",
                    "1",
                "EndLoop",
                "ChangeImageLayer", "Expression", "HarukaHorny",
            "Haruka's entire body shakes as her last orgasm leaves her on her knees with a dazed look on her face. As her orgasm finishes her cock remains rigid, twitching in the cold air around Haruka as you continue to approach her.",
            "Speaks",
                "Well, I guess it's like I always say - To the winner go the spoils. Get your fill, [ThePlayerName].",
            "Haruka leans back and collapses onto her back, spreading her legs wide open as she submits to her fate. You give her a nod as your cock twitches and a sense of profound horniness washes over you as you bend down and grip Haruka by the legs.",
            "Haruka's eyes shoot open in shock as you lift up her lower body and roll her upwards, exposing her asshole to the sky as her shoulders are pinned to the ground by the rest of her body. You step one foot over Haruka's raised legs and straddle her body like this, with your cock aimed down at her asshole.",
            "It feels tight at the tip of your dick presses against it, and as you begin to grind your cock against her ass you can tell Haruka is also clearly enjoying herself. Eager to also enjoy yourself, you cling tight to Haruka's leg in front of you to steady yourself and you thrust your cock into Haruka's ass.",
            "A shiver runs through Haruka as she lets out a moan of pleasure as your cock battles its way into her tight ass. You move a hand down to her ass and grip it tight as you try and thrust your cock even deeper into Haruka.",
            "With each thrust you delve deeper and deeper into Haruka, and her moans get louder and louder until finally you hit your pelvis against her ass and your cock has gone as far as it can. Having hit your hilt agaisnt her ass, you begin to take long and deep thrusts repeatedly into Haruka, enjoying her moans each time your cock slams hard into the depths of her ass.",
            "Speaks",
                "Ohhhh, don't stop, [ThePlayerName].",
            "Haruka moans at you again and again as you fuck her, and you can feel the passion burning in your groin as Haruka's ass clings desperately to your cock. Who would have thought that this sex-crazed futa would've been so receptive to getting fucked?",
            "Getting invested in the moment, you let your hand release Haruka's ass for just a moment as your hand reels back and swings back hard as you release a spank onto her ass. You watch as Haruka's ass ripples from the smack and her skin turns a slight red from the impact, but you enjoy the surprised gasp of pain and pleasure that emerges from Haruka's lips.",
            "Before she has a chance to recover, you've already reeled back and planted another smack onto her other asscheek. You continue to thrust as you lay smack after smack onto Haruka's firm ass, enjoying how the ripples and shakes of her ass causes her ass to clench even more around your cock as you continue thrusting.",
            "The pent up pleasure in your cock becomes too much eventually and you pull your head up to the sky as you fire a load deep into Haruka's ass as you plunge your cock as far as it'll go inside her ass. The feeling of your hot, slick cum flowing into her ass causes Haruka to let out another low, prolonged moan as precum begins to seep from her cock.",
            "You pant as you thrust a few more times, slowly, inside Haruka's ass as you drain the last bit of cum from your cock into her ass. Haruka looks at you with warmth but you realize that your cock is still hungry for more and as you pull out from Haruka's ass and set her lower body onto the floor, Haruka looks at you with confusion.",
            "Before she even has a chance to question what you are doing, you have descended onto Haruka's exposed tits and placed your cock between her massive mammaries. Your cock vanishes into the warm expanses of her breasts and you begin to thrust your hips immediately as you take handfuls of her breasts and press them against your cock.",
            "Haruka's surprise turns to pleasure as you begin to titfuck her as her breasts are so sensitive that the sensation of your cock pressed between her breasts begins to send ripples of pleasure through her body. She reaches as far down as her hands can go and she slowly begins to stroke herself off.",
            "You are lost in a fever of mindless thrusting as you use Haruka's tits to pleasure yourself. The pleasant, warm softness of her flesh wrapping eagerly around your cock as you thrust again and again into her.",
            "Each thrust of your hips sends ripples of pleasure through the both of you, and your moans echo throughout the Cavern much to the chagrin of each inhabitant of the dark caves. But you don't care, you are in a place of bliss as Haruka's tits hug and massage your cock.",
            "Finally, you can't take it any longer as you let go of Haruka's breasts and thrust forward, sticking your cock into Haruka's mouth as you let another load of cum fly free from your cock. Haruka's eyes widen in shock as you do this but her eyes glaze over with satisfaction as she happily drinks the cum from your cock and swallows it.",
            "At the same time that you surprised her with a deepthroat load, Haruka cums as well, letting her steaming load platter onto the ground around the two of you before her cock finally shrinks and softens away.",
            "You pull your cock out of Haruka's mouth and she coughs as she sits up, panting as she does so. She looks at you with a dazed expression again, but with satisfaction mixed in as well.",
            "Speaks",
                "Heh, you're a better winner than I expected. Maybe I should lose to you more often.",
            "You look at her confused, and she takes a deep breath before she continues on.",
            "Speaks",
                "Man this is embarrassing, but you remember how I was tasked to bring you in for Adventium so they could study you and all that? And that other girl Gwen was supposed to bring you into Fertilia's own separate magical studies office?",
            "Speaks",
                "Well the thing is, both organizations retracted that command shortly after I got off the boat, but I figured if I went through with it anyways there might be some kind of reward in it for me, and eventually I just enjoyed fighting with you.",
            "Haruka gazes wistfully around the Caverns and gets lost in thought before she continues.",
            "Speaks",
                "Also this place is really pretty when you're not being accosted for a fight every few minutes, it's crazy how difficult it is to take 10 steps around here without someone trying to fuck you.",
            "You shoot a glare at Haruka who gives you a shrug in return, but you sigh and start to stand up. As you turn to leave, Haruka grabs your hand and places something in it.",
            "Speaks",
                "Wait a minute, I've got something for you. I may not be a magical smarty-pants like Gwen, but I found this rune far to the north of these caves and I think it would really help you out!",
            "You look down and see that Haruka has placed a rune in her hands that burns with an intense energy, even looking into it gives you the feeling that it'll make you immensely stronger.",
            "GiveItem", "1", "Rune of Super Saiyan",
            "Haruka waves goodbye to you as she finally faints from exhaustion, and you head back to town with a new rune in hand.",
            "SetProgress", "2",
            "QuestComplete"
            ]
        }
    ]
}
