{
    "name": "Rivalry Challenge",
    "CardType": "Quest",
    "CardLimit": "0",
    "Description": "Haruka is an adventurer that considers herself your rival and asks you to come to the mountain to fight her.",
    "requires": [""],
    "requiresEvent": [
        {
            "NameOfEvent": "Cut Down to Size",
            "Progress": "6",
            "ChoiceNumber": "-1",
            "Choice": ""
            }
    ],
    "Speakers": [
        {
            "name": "Haruka",
            "postName": "",
            "SpeakerType": ""
        }
    ],
    "EventText": [
        {
            "NameOfScene": "EventStart",
            "theScene": [
            "You near the top of the mountains as you prepare yourself for the looming challenge ahead of you.",
            "The challenge from this 'Haruka' shouldn't be taken lightly if she was willing to create a quest for the sole purpose of fighting you, so you steel yourself and round the final turn in the mountain's path.",
            "Standing before the gateway to the Willpower Temple stands a humanoid figure with her back turned to you. You stand there for a moment before she finally turns around and starts confronting you.",
            "Speaks",
            "Damn! Took you long enough! Do you know how long I've been waiting here for you?!",
            "For a moment you are stunned by the brazen and indignant reaction from this mysterious person. You recover and try to get a better look at her as she continues talking.",
            "JumpToScene", "Haruka at the mountain top"
            ]
        },
        {
            "NameOfScene": "Haruka at the mountain top",
            "theScene": [
            "DisplayCharacters",
                "1",
            "EndLoop",
            "She's a tanned girl with an audacious personality and tits that you have trouble pulling your eyes off of for a moment. Thinking back to your adventuring academy days, she reminds you of the gyaru girls that were always slacking off in classes. You push your thoughts away and start listening to her rambles again.",
            "Speaks",
            "- And so on behalf of Adventium they've tasked me, the Strongest Futa: Haruka, to retrieve you from this continent so that you may be brought in and properly examined by Fertilia's best scientists! Come along quietly now, or I'll have to get rough with you!",
            "She then not so quietly whispers that she hopes you resist. However, you're more concerned with the first half of what she said: the academy wants to bring you in? Strongest Futa? None of this makes sense... Until your neck starts to tense up and you recall the curse mark that allows others to shrink you, and then everything clicks into place.",
            "You tell Haruka that you aren't leaving Lucidia without a fight, to which Haruka lets out a big grin and starts to slowly approach you. You can see a dangerous fire building up in her eyes and you adopt a fighting stance, and Haruka does the same as she lifts her skirt to reveal a dick that confuses you for just a moment.",
            "Haruka smirks as your eyes scan her cock for a moment, and then she rushes in to engage you.",
            "JumpToScene", "Battle"
            ]
        },
        {
            "NameOfScene": "Battle",
            "theScene": [
                "CombatEncounter",
                "NoRunning",
                "Haruka",
            "StartCombat",
            "You come out of the battle victorious, but before you can take advantaged of the defeated Haruka you discover that she has already risen to her feet, and she flashes a strange magical orb.",
            "SetProgress", "2",
            "JumpToScene", "Victory?"
            ]
        },
        {
            "NameOfScene": "Victory?",
            "theScene": [
                "Haruka activates the orb and connects her grimoire to your cursemark. She explains that the eggheads back at Adventium built this off Diminuendo's old school notes on shrinking magic and constructed this ritual to allow users of grimoires to control a curse-bearer's shrink and growth at-will.",
                "However, Haruka is too tired to finish the job and shrink you as her grimoire recalls her to an area that is not the port town you return to every time you pass out.",
                "You cautiously look around and head back to town to report on the quest completion.",
                "IfHasPerk", "Advanced Minimize", "Quest Completion",
                "GivePerk", "Advanced Minimize",
                "QuestComplete"
            ]
        },
        {
            "NameOfScene": "Quest Completion",
            "theScene": [
                "QuestComplete"
            ]
        }
    ]
}
