{
    "name": "Cut Down to Size",
    "CardType": "Quest",
    "CardLimit": "0",
    "Description": "There have been rumors of some strange women performing unknown rituals in the Mystic Forest. Investigate it quickly, there might be dangerous mages afoot. \n- Elly",
    "requires": ["Labyrinth Checkpoint Gem"],
    "Speakers": [
        {
            "name": "Elly",
            "postName": "",
            "SpeakerType": ""
        }
    ],
    "EventText": [
        {
            "NameOfScene": "EventStart",
            "theScene": [
              "ChangeProgress",
              "1",
            "As you follow the trail of the forest, you come to a small clearing with a dead campfire, and several stumps that seem to have acted as chairs and a table for some campers.",
            "There's no tents nearby which makes you assume this place has been long since abandoned but you decide to sweep the area to check for clues relating to the quest.",
            "You study the surrounding trees and the ground in the area, before discovering some carvings in the ground that sure look magical to you. You take out a paper provided by Elly and start to scribble down what the rune looks like.",
            "You become so busy sketching the runes that you fail to notice a rustling in the bush nearby, and are startled as you feel a piece of icy cold metal press into the back of your neck.",
            "Startled, you wheel around to face your assailant, but you find no one in your immediate line of sight. Confused, you feel the back of your neck but don't notice anything unusual, other than a cold feeling on your neck that slowly warms away.",
            "A bit more cautious as you explore the area, you examine the stump that has been carved and leveled off to be a table. At first glance it seems ordinary until you notice a set of runes have been carved in a circle along the outside bark of the stump.",
            "You begin to copy the runes down there as well, and soon enough you fill the paper with sketches of the strange arcane symbols. With your work done you stand up and prepare to head back to town, although you still wonder about the mystery assailant.",
            "As you are stand around pondering, a rune from the table lights up, and a short distance away you notice one from the ground starts to light up, and then several more all around you start to light up.",
            "You look around as they slowly light up in a circle, a circle you realize moments too late is centered on you...",
            "The final rune lights up just as you start moving and you are enveloped in a bright light, and powerful magic begins to course through you.",
            "You feel it burn through your body, seemingly striking at the core of your being with a magical force unlike anything you can explain. It's almost painful to the point of passing out before the light show ends, and relief washes over you.",
            "GivePerkQuietly", "Minimize",
            "GiveSkillQuietly", "Lick",
            "You drop to your knees, panting for a moment before you manage to collect yourself. You decide to head back to Elly to figure out what to do next.",
            "JumpToScene",
            "QuestionsAboutRune"
            ]
        },
        {
          "NameOfScene": "QuestionsAboutRune",
          "theScene": [
            "ChangeBG",
            "town.png",
            "You make it back to town without any issues, other than a strange feeling of pain shooting through your body occasionally, most prominently in your neck.",
            "You enter into the guild hall and stumble over to the resident bookworm and arcane expert of the town.",
            "DisplayCharacters",
              "1",
              "EndLoop",
            "As you sit down at the table with her she looks up from her book, and as she looks you over her eyes grow wide and concern spreads across her face as she sees your ragged and weary face.",
            "Speaks",
            "[ThePlayerName]? What happened to you? Did the quest go alright?",
            "You explain what happened to Elly, showing her the drawing of the central rune and recounting the sensations that happened to you, and you recount the mystery assailant and the cold sensation on your neck.",
            "Elly starts to examine your body using magic, her face growing more and more concerned with each passing moment. When she stands up and examines the back of your neck you hear her gasp and start muttering to herself.",
            "You wait patiently for a second as she gathers her thoughts. After a few minutes of flipping through a large book on her table she finally turns back to you.",
            "Speaks",
            "Now I don't want to alarm you, but you've been branded with a serious curse. I'm not sure how reversible it is, so I'll have to do some research in the meantime.",
            "You shift in your seat for a moment, before asking what she meant by being branded, and what the curse is.",
            "Speaks",
            "Someone had a magically infused stamping iron that had a curse mark on it. When they applied it to your skin the curse mark transferred to your neck and has cursed you.",
            "Speaks",
            "To put the curse in simple terms, it's a curse that makes you susceptible to shrinking magic. It's not a common form of magic so it should only be cast by a certain group of spellcasters that's been hiding out on this continent.",
            "Speaks",
            "We don't know much about this group, but we do know that they've been experimenting on wildlife for the better part of a year now, and it seems that with you they've finally moved on to testing their magic on real people.",
            "You interject before she can move on from the current subject, and ask her what she means by size magic.",
            "Speaks",
            "Ah, yes. There exists in this world those who dabble in a form of magic that can alter the size and mass of inanimate matter, with the strongest among them being able to affect living creatures.",
            "Speaks",
            "This means that with the branding and the magic circle that activated around you, the magic will cause random bouts of shrinking, but also allow people with the activation rune to shrink you if they can either cast the spell or touch you with an item that has the rune carved on it.",
            "Speaks",
            "The shrinking effects of the curse generally wear off after a bit of time, but there are a few rules to shrinking.",
            "Speaks",
            "1. You cannot unshrink when in direct proximity of a creature.",
            "Speaks",
            "2. Your clothes and any affects on you will not shrink, but will be displaced into a pocket dimension that stores your excess mass. This means that if you shrink you should still be able to access your items.",
            "Speaks",
            "3. Your durability and pain tolerance will go up dramatically, you could have a rock fall on you and you would be fine outside of some mild pressure making you uncomfortable.",
            "Speaks",
            "4. Your need for basic sustenance such as food, water, sleep, even air will be suspended for as long as you're shrunk. The curse draws on the magical energy of the enchantment over the island and uses that to sustain your new form.",
            "Speaks",
            "Finally, when you shrink the curse will release a type of magical pheromone into the air that will arouse anyone nearby if they are aware of you. It will go so far as to change their personalities or bolster certain aspects of their personalities and will make them attracted to your new form.",
            "She pauses for a second as you slowly absorb all this information. After a few seconds you look up and see Elly deep into another book, her eyes carry a deep focus.",
            "She continues muttering different theories to herself about how to undo the curse, before seemingly coming up with a solution.",
            "Speaks",
            "I know the first thing we'll need for you to undo the curse. I need you to go to the Mystic Forest and come back with a vial of frog girl mucus.",
            "GiveItem",
            "1",
            "Glass Vial",
            "You shift in your seat, as your mind wanders to a certain rowdy frog hopping around the forest.",
            "Speaks",
            "I'll go ahead and mark the quest in your grimoire, return to me when you fill the vial.",
            "You nod at Elly, and stand up head back to the square.",
            "QuestComplete",
            "GoToTown"

          ]
        }
    ]
}
