{
    "name": "Boob Slam",
    "costType": "ep",
        "cost": "0",
    "requiredLevel": "0",
    "learningCost": "0",
    "skillType": "attack",
    "statType": "Power",
    "requiredStat": "0",

    "skillTags": ["Sex"],
    "fetishTags": ["Breast"],

    "startsStance": "",
    "requiresStance": "Miniature",
    "unusableIfStance": [ ""],
    "requiresTargetStance": [ "Any"],
    "unusableIfTarget": [ ""],
    "removesStance": "None",
    "requiresStatusEffect": "None",
    "requiresStatusPotency": "0",
    "unusableIfStatusEffect": [ "None"],
    "targetType": "single",
        "accuracy": "0",
        "initiative": "0",

    "power": "20",
        "minRange": "90",
        "maxRange": "100",
    "recoil": "10",
    "critDamage": "0",
    "critChance": "0",

    "statusEffect": "Stun",
        "statusPotency": "0",
        "statusEffectScaling": "0",
        "statusDuration": "3",
        "statusChance": "85",
        "statusResistedBy": "Power",

    "statusText": "",
    "descrip": "",
    "outcome": "Haruka jumps up for a second before letting herself fall boob first onto [TargetName], crushing [TargetHimOrHer] beneath her breasts.",
    "miss": "",
    "statusOutcome": "The impact of Haruka's breasts leaves [TargetName] reeling from the impact, and [TargetHeOrShe] takes a moment to recover.",
    "statusMiss": "",

    "restraintStruggle": [""],
    "restraintStruggleCharmed": [""],
    "restraintEscaped": [""],
    "restraintEscapedFail": [""]
}
