{
    "name": "Jumping Butt Crush",
    "costType": "ep",
        "cost": "0",
    "requiredLevel": "0",
    "learningCost": "0",
    "skillType": "attack",
    "statType": "Power",
    "requiredStat": "0",

    "skillTags": ["Sex"],
    "fetishTags": ["Ass"],

    "startsStance": "",
    "requiresStance": "Miniature",
    "unusableIfStance": [ ""],
    "requiresTargetStance": [ "Any"],
    "unusableIfTarget": [ ""],
    "removesStance": "None",
    "requiresStatusEffect": "None",
    "requiresStatusPotency": "0",
    "unusableIfStatusEffect": [ "None"],
    "targetType": "single",
        "accuracy": "0",
        "initiative": "0",

    "power": "35",
        "minRange": "100",
        "maxRange": "125",
    "recoil": "0",
    "critDamage": "0",
    "critChance": "0",

    "statusEffect": "Stun",
        "statusPotency": "0",
        "statusEffectScaling": "0",
        "statusDuration": "5",
        "statusChance": "95",
        "statusResistedBy": "Power",

    "statusText": "",
    "descrip": "",
    "outcome": "Haruka leaps into the air, twisting as she does so to show off her impressive rear to [TargetName], who is too slow to dodge the butt of the approaching giantess.",
    "miss": "[TargetName] narrowly avoids being sat on the by the giantess butt.",
    "statusOutcome": "[TargetName] is flattened by the giantess ass and needs to take a moment to collect themselves.",
    "statusMiss": "",

    "restraintStruggle": [""],
    "restraintStruggleCharmed": [""],
    "restraintEscaped": [""],
    "restraintEscapedFail": [""]
}
