{
    "name": "Precum Drool",
    "costType": "ep",
        "cost": "0",
    "requiredLevel": "0",
    "learningCost": "0",
    "skillType": "attack",
    "statType": "Allure",
    "requiredStat": "0",

    "skillTags": ["Sex"],
    "fetishTags": ["Monstrous"],

    "startsStance": "",
    "requiresStance": "Miniature",
    "unusableIfStance": [ ""],
    "requiresTargetStance": [ "Any"],
    "unusableIfTarget": [ ""],
    "removesStance": "None",
    "requiresStatusEffect": "None",
    "requiresStatusPotency": "0",
    "unusableIfStatusEffect": [ "None"],

    "targetType": "single",
        "accuracy": "100",
        "initiative": "0",

    "power": "25",
        "minRange": "100",
        "maxRange": "100",
    "recoil": "0",
    "critDamage": "0",
    "critChance": "0",

    "statusEffect": "Aphrodisiac",
        "statusPotency": "10",
        "statusEffectScaling": "0",
        "statusDuration": "5",
        "statusChance": "90",
        "statusResistedBy": "Willpower",

    "statusText": "Cum Drunk",
    "descrip": "",
    "outcome": "While Haruka pins down [TargetName] with her cock, she lets some precum drool into [TargetHisOrHer] mouth, causing [TargetName] to swallow the salty ooze.",
    "miss": "",
    "statusOutcome": "While ingesting Haruka's cum, [TargetName] becomes intoxicated by it and wishes to consume more.",
    "statusMiss": "",

    "restraintStruggle": [""],
    "restraintStruggleCharmed": [""],
    "restraintEscaped": [""],
    "restraintEscapedFail": [""]
}
