{
    "name": "Toe Pinch",
    "costType": "ep",
        "cost": "0",
    "requiredLevel": "0",
    "learningCost": "0",
    "skillType": "attack",
    "statType": "Technique",
    "requiredStat": "0",

    "skillTags": ["Feet"],
    "fetishTags": ["Feet"],

    "startsStance": "",
    "requiresStance": "Miniature",
    "unusableIfStance": [ ""],
    "requiresTargetStance": [ "Any"],
    "unusableIfTarget": [ ""],
    "removesStance": "None",
    "requiresStatusEffect": "None",
    "requiresStatusPotency": "0",
    "unusableIfStatusEffect": [ "None"],
    "targetType": "4Hits",
        "accuracy": "0",
        "initiative": "0",

    "power": "8",
        "minRange": "90",
        "maxRange": "110",
    "recoil": "0",
    "critDamage": "0",
    "critChance": "0",

    "statusEffect": "None",
        "statusPotency": "0",
        "statusEffectScaling": "0",
        "statusDuration": "0",
        "statusChance": "0",
        "statusResistedBy": "",

    "statusText": "",
    "descrip": "",
    "outcome": "Haruka grips [TargetName] between her toes and begins to apply pressure to her prey several times, causing [TargetName] to cry out in blissful agony.",
    "miss": "[TargetName] avoids being caught between Haruka's stockinged toes.",
    "statusOutcome": "",
    "statusMiss": "",

    "restraintStruggle": [""],
    "restraintStruggleCharmed": [""],
    "restraintEscaped": [""],
    "restraintEscapedFail": [""]
}
