{
    "name": "Snowed In Revisit",
    "CardType": "Quest",
    "CardLimit": "0",
    "Description": "Elly has sent you to obtain something called 'Frost Essence' from the elemental Aiko.",
    "requires": ["Blank Essence Rune"],
    "requiresEvent": [
        {
            "NameOfEvent": "Cut Down to Size",
            "Progress": "2",
            "Choice": "-99",
            "ChoiceNumber": "-1"
        }
    ],
    "Speakers": [
        {
            "name": "Aiko",
            "postName": "",
            "SpeakerType": ""
        }
    ],
    "EventText": [
        {
            "NameOfScene": "EventStart",
            "theScene": [
              "ChangeBGM", "music/Temple/aurora.mp3",
            "You wander through the temple for some time, keeping your eyes peeled for the room of the pale blue elemental.",
            "The temple twists every which way, but soon you find yourself in a familiar large room filled with wind and ice everywhere. Your vision is obscured as you press on into the snow.",
            "Every few steps you call out for Aiko, hoping to get her to show herself and explain what's happening before an 'incident' can begin.",
            "The wind whips at your face constantly, and you feel your eyes start to hurt from the cold wind hitting them constantly. But you evenutally see a curvy figure in the distance.",
            "You start to make your way to the figure, but just before you can make out the kimono clad figure of Aiko, you see several sigils form in the air, shining bright with a pink light that blinds you.",
            "You feel a magical power overtake your body, and soon as you regain your vision you groan as you look around. You've been shrunk yet again as Aiko is making her way towards your direction.",
            "As you're standing around you notice that the usually cold ground doesn't seem to affect you as much, and that the wind isn't as harsh feeling as before. You chalk it up to the power of the curse and start to ponder your next move.",
            "You could attempt to reach Aiko without getting her attention and try to get the Frost Essence off her discreetly, or you could try and get her attention and gain her help in retrieving the item.",
            "DisplayCharacters",
              "1",
              "EndLoop",
            "Your pondering is interrupted by Aiko's delicate blue foot hitting the ground a bit away from you. You quickly decide:",
            "Menu",
              "Rush to her foot and try to climb her kimono.",
              "Try to get in front of her and grab her attention.",
            "EndLoop"
            ]
        },
        {
            "NameOfScene": "Rush to her foot and try to climb her kimono.",
            "theScene": [
            "You decide that putting your wellbeing in the hands of a horny ice elemental is unwise, and so you decide on the discrete route and climb Aiko's massive frame.",
            "Scurrying over to her foot, you take in the slender beauty of it as you grab onto the fluffy part of her kimono, and attempt to climb her.",
            "Before you can make a significant amount of progress, she starts moving again, taking you with her as her kimono swishes and sways with every movement. You fight to hold on as your purchase on her kimono loosens.",
            "StatCheck",
            "Power",
            "15",
            "PowerPass",
            "Fail",
            "PowerFail",
            "EndLoop"
            ]
        },
        {
            "NameOfScene": "PowerPass",
            "theScene": [
              "You manage to keep your grip on her dress, and continue to climb in spite of her movements.",
              "As you continue to scale the sheer cliff that is Aiko's dress you eventually reach her waist, and even as her curvy hips makes your climb more difficult you still manage to overcome this challenge.",
              "You pause for a second at the more generous angle the top of her hips provides you, and you sink into the warm fabric of her kimono for a second.",
              "The scent of her kimono fills your nose as you bury your face into the fabric, it's pillowy feeling bolstered by the soft flesh of Aiko underneath it.",
              "Before you can lose yourself too deeply in the comfort of the giantess you pull yourself together and continue your ascent. Determined to get some of Aiko's 'essence', before you could be noticed by the giantess.",
              "You think back to how Ellie described it, and focus on just needing to gather a fluid from her.",
              "Blood is out of the picture thanks to the enchantment across the continent, and you can't figure if Aiko sweats, but you figure you may be able to hang onto her long enough to gather her spit or something similar.",
              "You scale the midriff of the colossal frost woman with relative ease as her movements have slowed down significantly. You count yourself lucky as you reach the overhang of her breasts, since it would be likely impossible to scale her breasts if she was moving.",
              "You reach your hand up to grab at a portion of Aiko's kimono where her breasts are, but as you grab the fabric you also inadvertently squeeze Aiko's breast for a moment, and the massive frame of Aiko begins to move as she tries to investigate the sensation.",
              "Her hands start to move towards you in an attempt to investigate the feeling on her breast. To climb back down would lose time and waste your previous efforts, so you decide the only action that would help you move faster and avoid detection is to quickly slide into her kimono through the gap in her fabric.",
              "With quick horizontal climbing you slip through the tight opening in her kimono and find yourself in a strangely warm environment as you see the two massive globes of Aiko's breasts hang just above your head.",
              "You continue your ascent as her breasts leave just enough room between them that you can ascend the soft fabric mountain.",
              "After a few more minutes of climbing you reach near Aiko's neckline. You start crawling through the thick fur lining as Aiko continues moving again, her enormous breasts causing the entire dress to move as they sway about.",
              "You fight through the unstable footing as you exit her kimono, just beneath Aiko's chin as you look up at the sweet, kind-hearted elemental. As she continues walking you stop and observe her for a second and you notice that every breath she lets out condenses into moist droplets, some of which fall just close enough to you that you could collect some for the essence.",
              "Holding the blank essence rune aloft you try to catch some of the mist in the rune, but at your current height you keep just falling short. Out of desperation you jump up as high as you can, hoping that Aiko won't notice you.",
              "As luck would have it, she doesn't notice as you hop just high enough that the mist from her breath hits the rune, which begins to glow a dull blue, similar in tone to the skin of the frost elemental it gathered power from.",
              "Your celebration is short lived, however. You begin falling back down to planet Aiko, and to make matters worse she starts to scratch at an itch at her collarbone, opening her kimono just enough that you gracefully fall into the gap, bumping into one of her oversized breasts on the way.",
              "You make impact with her breast and start to roll a small distance before Aiko stops scratching and fixes her kimono, letting her heavy breasts weigh on the fabric again making it taut against her.",
              "The kimono tightens against her breasts and you find yourself being trapped against the mass of her breasts near her nipples. You feel yourself sink into her warm, pillowy breasts as Aiko takes notice of you.",
              "ChangeImageLayer", "Expression", "1", "Flustered",
              "Speaks",
              "My kimono's been so itchy lately, maybe I should go back to my room and change into something else for a bit...",
              "She fidgets with her kimono again, shifting you slightly lower and lower, until you are centered near directly against her giant, slowly hardening nipple.",
              "Her movements make her breasts shift with each step, but thankfully her kimono keeps her breasts from jiggling too severely. You try moving your body in any direction, but as you try and move your arms and grab hold of the giant breast you feel pressure from outside the kimono weighing down on you.",
              "Aiko runs her index finger over a small bump in her kimono, just barely noticeable to her as she looks down at her massive cleavage. As her finger pokes the area you feel yourself being pressed against the sensitive areola of Aiko's tit.",
              "You struggle against her massive finger, your arms and legs kicking and flailing against her skin futilely. Your efforts are noticed by Aiko as she undoes the knot of her kimono and pulls open the side containing the breast holding you.",
              "This is exactly the moment you've been waiting for, as the pressure loosens you immediately lean back on the fabric and slide down the fabric.",
              "ChangeImageLayer", "Expression", "1", "Base",
              "As you slide down the fabric, the kimono eventually evens out vertically and you go from sliding to a straight free for all before you see the rope that ties Aiko's kimono together wanders just close enough that you can grasp it in hand and use its momentum to swing away from Aiko, letting your tiny body soar through the air until you land in the soft snow of Aiko's frozen room.",
              "Moments pass as Aiko closes her kimono up again and walks away from where you landed. As her figure darkens against the snowstorm you feel a tingling sensation as you are returned to your original size.",
              "As you stand up you dust yourself off and examine the now charged rune stone filled with frost essence and hurry on back to town.",
              "GoToTown"
            ]
        },
        {
            "NameOfScene": "PowerFail",
            "theScene": [
              "You can't gather a good enough handhold on the robe of Aiko, and after another step her kimono catches the wind and is whipped back and forth quickly. You lose your grip fully and tumble to the ground.",
              "You land on your back with a dull thud that is quickly overtaken by the rushing winds around you. You try to recover and get back to your feet as you see Aiko's giant foot moving yet again, hovering just over you as it starts to descend.",
              "Still recovering from your landing you cannot escape the soft foot of Aiko as she steps down onto you. Her small, soft foot covers your entire body as she drives you into the snowy ground.",
              "Aiko puts her weight on her foot as she raises her other foot to keep moving forward, forcing the air out of your body. The weight slowly lessens as her foot raises up off the ground, but instead of being left on the ground in a small snowy footprint you feel yourself lift up with her foot.",
              "Your face is still buried into her sole, unable to see the world below you as her foot swings forward. Even without seeing it, you can feel the world speed past you before her foot once again makes impact with the ground, driving you into the flesh of her soles as her foot shifts on the snowy ground.",
              "After several more steps Aiko finally arrives at what seems to a different room, judging by the change from the snowy tiled floor to a simple wooden floor with a thin rug placed over it.",
              "Aiko walks down the simple hallway, confused because she could've sworn she saw you in the snow covered room.",
              "As she's walking around she enters a sparsely decorated room and makes her way over to a small box containing a variety of shoes and slides her feet into a well-worn pair of no-back light blue slippers.",
              "What little light you could perceive when Aiko's foot was lifted off the ground slowly fades away as her foot enters the slipper. As her feet settle into the slipper she grinds the ball of her foot  into the slipper, finally un-gluing you from her sole as her foot rolls you around the worn insole.",
              "Using the movements of her foot you manage to escape the shifting foot and roll past her toes to the deepest section of her slipper, just out of reach of the normally dainty toes of the ice elemental.",
              "You pause for a moment in the deepest parts of a giant woman's slipper to catch your breath after having it knocked out of you by every step Aiko took. The air smells of the foot that's been assaulting you for the past few minutes, and while the smell isn't unpleasant, it does surround you in a thick, sweaty haze.",
              "The fabric underneath you is also still slightly damp, a sign of their constant usage when Aiko isn't watching over the snowy room in the temple. You watch her feet, lifting off the fabric with each step giving you a clear sign of escape, before they crash back down to the ground, something you're not keen on repeating.",
              "As you're sitting around a thought comes into your mind: Elly told you any fluid would do from Aiko, so what was to stop you from gathering her foot sweat into the essence crystal?",
              "Rummaging through your inventory you find the empty rune and hold it down to the insole of Aiko's slipper. A few seconds pass as you hope with all your might that it'll work as the rune glows with a subtle blue light as it charges with frost essence.",
              "With the essence rune charged you put it back into your inventory and start to plan how to escape the confines of the giant slipper.",
              "You prepare yourself as you study how Aiko's foot rests in the slipper, and how it moves with each step she takes. After just a bit longer you believe you've found a way to skirt along the inner edge of her slipper to escape without meeting her sole again.",
              "You take a deep breath and as her foot lifts up you make a break for it, ducking under her big toe and following the edge of the slipper as her arch hangs off to the side of you.",
              "A few more strides and you make it beside her heel, although instead of light and any more surroundings you see the towering walls of Aiko's kimono, with her long, slender legs slowly getting bigger until you see her plump, nude hips.",
              "You pause for a moment as you study the smooth, perfect figure of Aiko, before you snap out of your daydreams and hop off her slipper, landing on a rug covered wooden floor.",
              "Waiting for Aiko to keep moving so you can head the opposite way, you can't help but feel her perfume permeating the air. It combines the cold, harsh scent of wintermint with a sweet smell. While it is a pleasant smell you find it to be overpowering at your size.",
              "Thankfully, Aiko takes another step forward just as the smell starts to bear down on you, and you start moving the other way and escape from her kimono.",
              "Once you see the familiar hallways of the temple in your sight again you start running away from the giant woman, eager to return to town.",
              "Aiko turns a corner and you slowly come to a stop As you do, you feel a tingling sensation course through you and when you open your eyes again you have returned to normal size. With your task completed you make your way back to town.",
              "GoToTown"
            ]
        },
        {
            "NameOfScene": "Try to get in front of her and grab her attention.",
            "theScene": [
              "You rush in front of Aiko with all your speed and start to jump in place, trying to get her attention so she can potentially help you.",
              "She starts moving forward, in your general direction. It seems that it'll take a miracle for her to notice you. Just as she's about to pass you by she stops for just a second and her eyes scan the ground through the wind.",
              "StatCheck",
              "Luck",
              "15",
              "LuckPass",
              "Fail",
              "LuckFail"
            ]
        },
        {
            "NameOfScene": "LuckPass",
            "theScene": [
              "Her wandering eyes eventually notice you, jumping and yelling into the wind. In one step she reaches where you are and kneels on the ground as she gets a good look at you.",
              "Speaks",
              "Hmm? [ThePlayerName]? Is that you?",
              "You nod your head vigorously and try to explain your predicament to the giant woman, but the rushing winds overpower your voice and Aiko hears nothing from you, and only takes your nod at face value.",
              "ChangeImageLayer", "Expression", "1", "AraAra",
              "Speaks",
              "My my, to think your adoration for me went so far you would shrink yourself for me. You must be so cold dear, come here and allow me to warm you up.",
              "You have no time to refute the giantess as she cups her hands together around you and brings you closer to her face. Her pale face beams with a gentle, warm smile as she stands up. You try and take this calm moment close to her to explain what's happening.",
              "Before any words can escape your lips, however, the world moves around you as she grasps you in one hand while using her newly freed hand to grab the top flap of her kimono, opening it just enough that her expansive cleavage is revealed to you.",
              "With one graceful movement she lowers you into her cleavage, leaving only your head sticking out as her hand retracts. She looks down at you and lets out a giggle as she presses her breasts together. The immense pressure from her gigantic tits crushing you from both sides as they force the air from you.",
              "Speaks",
              "I hope you have fun in there, we should be back at my room shortly, and then we'll have all the fun in the world.",
              "She fixes her kimono, tying it so that the chest area constricts so that her breasts press against you, effectively locking you into place.",
              "As her kimono covers you again, most of the light around you fades away until only a few dull rays peek through the thick fabric.",
              "Now that the insides of her kimono are protected against the cold winds blowing outside, Aiko's body heat slowly begins to build back up and starts to radiate off her skin. Over the next few minutes the air around begins to swelter with her heat and scent, overpowering your senses as the pressure from her breasts stops you from taking complete breaths.",
              "You struggle against the titanic breasts that have you pinned in place, trying to free even one arm to help you escape. But your efforts aren't enough to lift you up any amount, and instead you find yourself slowly sinking further into her breasts. Aiko feels this sensation and quickly uses her arms to smush her breasts together even tighter for just a moment.",
              "ChangeImageLayer", "Expression", "1", "Stern",
              "Speaks",
              "You better behave in there, I don't wanna show you what happens to naughty little pets so early.",
              "ChangeImageLayer", "Expression", "1", "Happy",
              "With her words booming around you, you cease your struggles and focus on trying to breathe properly. However, Aiko's perfume combined with the warm air continue to overwhelm you at your diminutive size, and you can't clear your head as you try to find a way out of this situation.",
              "Meanwhile, as you try to collect yourself Aiko continues walking to her destination, with every step causing her enormous rack to shift slightly. Every motion of her breasts makes your body feel like it's moving, but you can't take advantage of it to work your way free.",
              "Instead, as Aiko continues walking her breasts seem to be swallowing you, until your head completely disappears in the ocean of titty that surrounds you. Feeling this, Aiko presses her breasts together again, causing them to momentarily completely engulf you.",
              "Speaks",
              "There you go, don't you feel so much better just resting in my bosom? At least you know you'll be safe and warm in there.",
              "You begin to think, desperate to escape this situation fast so you don't end up the pet of a busty ice elemental. You wonder if you could continue to slide the momentum of her breasts down until you finally exited out through the bottom of her cleavage, but that might take too long.",
              "Your thoughts are interrupted, however, as the heat and movement of Aiko seems to be causing her to work up a sweat. You don't notice until a large sweat drop rolls down her sternum, until it touches the top of your head and slowly drips through you, soaking you in the salty liquid.",
              "You gag and cough as the liquid slowly drips off you, cursing your predicament even more. But, you notice that something in your pocket is giving off light, and you realize that that single droplet of sweat was enough to charge the essence rune, and that you've accomplished your quest.",
              "Additionally, the sweat covering your body gives you the perfect opportunity to take advantage of Aiko's movements to propel yourself out of her breasts. You wait for an opportune moment as you gauge her movements, use your arms and legs to the best you can, and try to fling yourself downwards.",
              "It works as you find yourself falling past Aiko's midsection and nude pubic area as you fall towards the floor, landing with an unsatisfying thud. Aiko notices your disappearance from her breasts and starts to move her kimono to look for you.",
              "Thinking fast, you hide in the huge tufts of fur that trail along the ground, waiting until Aiko starts to backtrack along the way she came in an attempt to find you.",
              "As she looks for you, you hop off her kimono and head the other direction until you turn a corner of the temple. Now that you're finally alone you feel a tingling sensation course through you, and when you blink and open your eyes again you see that you made it back to your original size.",
              "You pull the essence rune out one more time to confirm it's been charged correctly, and satisfied with your efforts make your way back to town.",
              "GoToTown"
            ]
        },
        {
            "NameOfScene": "LuckFail",
            "theScene": [
              "Aiko's eyes lazily scan your surroundings, before she determines that there was nothing there and she continues to walk towards you.",
              "You panic and continue to jump into the air, calling her name but it seems to be to no avail as her massive blue foot collides with you mid air, knocking you backwards.",
              "You land on your back with a dull thud that is quickly overtaken by the rushing winds around you. You try to recover and get back to your feet as you see Aiko's giant foot moving yet again, hovering just over you as it starts to descend.",
              "Still recovering from your landing you cannot escape the soft foot of Aiko as she steps down onto you. Her small, soft foot covers your entire body as she drives you into the snowy ground.",
              "Aiko puts her weight on her foot as she raises her other foot to keep moving forward, forcing the air out of your body. The weight slowly lessens as her foot raises up off the ground, but instead of being left on the ground in a small snowy footprint you feel yourself lift up with her foot.",
              "Your face is still buried into her sole, unable to see the world below you as her foot swings forward. Even without seeing it, you can feel the world speed past you before her foot once again makes impact with the ground, driving you into the flesh of her soles as her foot shifts on the snowy ground.",
              "After several more steps Aiko finally arrives at what seems to a different room, judging by the change from the snowy tiled floor to a simple wooden floor with a thin rug placed over it.",
              "Aiko walks down the simple hallway, confused because she could've sworn she saw you in the snow covered room.",
              "As she's walking around she enters a sparsely decorated room and makes her way over to a small box containing a variety of shoes and slides her feet into a well-worn pair of no-back light blue slippers.",
              "What little light you could perceive when Aiko's foot was lifted off the ground slowly fades away as her foot enters the slipper. As her feet settle into the slipper she grinds the ball of her foot  into the slipper, finally un-gluing you from her sole as her foot rolls you around the worn insole.",
              "Using the movements of her foot you manage to escape the shifting foot and roll past her toes to the deepest section of her slipper, just out of reach of the normally dainty toes of the ice elemental.",
              "You pause for a moment in the deepest parts of a giant woman's slipper to catch your breath after having it knocked out of you by every step Aiko took. The air smells of the foot that's been assaulting you for the past few minutes, and while the smell isn't unpleasant, it does surround you in a thick, sweaty haze.",
              "The fabric underneath you is also still slightly damp, a sign of their constant usage when Aiko isn't watching over the snowy room in the temple. You watch her feet, lifting off the fabric with each step giving you a clear sign of escape, before they crash back down to the ground, something you're not keen on repeating.",
              "As you're sitting around a thought comes into your mind: Elly told you any fluid would do from Aiko, so what was to stop you from gathering her foot sweat into the essence crystal?",
              "Rummaging through your inventory you find the empty rune and hold it down to the insole of Aiko's slipper. A few seconds pass as you hope with all your might that it'll work as the rune glows with a subtle blue light as it charges with frost essence.",
              "With the essence rune charged you put it back into your inventory and start to plan how to escape the confines of the giant slipper.",
              "You prepare yourself as you study how Aiko's foot rests in the slipper, and how it moves with each step she takes. After just a bit longer you believe you've found a way to skirt along the inner edge of her slipper to escape without meeting her sole again.",
              "You take a deep breath and as her foot lifts up you make a break for it, ducking under her big toe and following the edge of the slipper as her arch hangs off to the side of you.",
              "A few more strides and you make it beside her heel, although instead of light and any more surroundings you see the towering walls of Aiko's kimono, with her long, slender legs slowly getting bigger until you see her plump, nude hips.",
              "You pause for a moment as you study the smooth, perfect figure of Aiko, before you snap out of your daydreams and hop off her slipper, landing on a rug covered wooden floor.",
              "Waiting for Aiko to keep moving so you can head the opposite way, you can't help but feel her perfume permeating the air. It combines the cold, harsh scent of wintermint with a sweet smell. While it is a pleasant smell you find it to be overpowering at your size.",
              "Thankfully, Aiko takes another step forward just as the smell starts to bear down on you, and you start moving the other way and escape from her kimono.",
              "Once you see the familiar hallways of the temple in your sight again you start running away from the giant woman, eager to return to town.",
              "Aiko turns a corner and you slowly come to a stop As you do, you feel a tingling sensation course through you and when you open your eyes again you have returned to normal size. With your task completed you make your way back to town.",
              "GoToTown"
            ]
        }
    ]
}
