{
    "name": "Visit Diminuenda",
    "CardType": "Quest",
    "CardLimit": "0",
    "Description": "",
    "requires": [""],
    "Speakers": [
        {
            "name": "Diminuenda",
            "postName": "",
            "SpeakerType": ""
        },
        {
            "name": "Allynna",
            "postName": "",
            "SpeakerType": ""
        },
        {
            "name": "Vivian",
            "postName": "",
            "SpeakerType": ""
        },
        {
            "name": "Amber",
            "postName": "",
            "SpeakerType": ""
        }
    ],
    "EventText": [
        {
            "NameOfScene": "EventStart",
            "theScene": [
            "You focus on the gem and in no time at all find yourself back in the grand room in which you see Diminuenda sitting upon her chair.",
            "DisplayCharacters",
            "1",
            "EndLoop",
            "Diminuenda looks up from the book in her lap and gives you a curt greeting, and asks what your business in her domain is.",
            "You ponder for a second, before giving her your answer:",
            "JumpToScene", "Why are you here?"
            ]
        },
        {
            "NameOfScene": "Why are you here?",
            "theScene": [
              "Menu",
              "Challenge Diminuenda",
              "Challenge Allynna",
              "Relive Ingredient Quests",
              "Return to Town",
              "EndLoop"
            ]
        },
        {
            "NameOfScene": "Challenge Diminuenda",
            "theScene": [
            "You challenge Diminuenda to another match. She raises an eyebrow at you as if she didn't expect you to want such a thing, but silently stands up.",
            "Speaks",
            "I don't know what would make you think that challenging me is a good idea, but I accept.",
            "You start to get into a fighting stance, but Diminuenda snaps her fingers and your quickly find yourself dwindling from the curse's effect.",
            "Speaks",
            "However, I wish to remind you of who exactly is in charge around here. As such, you will fight me in your diminished form. Fufufu, this should be fun.",
            "CombatEncounter",
              "Diminuenda",
            "StartCombat"
            ]
        },
        {
            "NameOfScene": "Challenge Allynna",
            "theScene": [
            "Diminuenda nods and lets out a frighteningly loud yell.",
            "Speaks",
            "Allynna! The test subject has requested you!",
            "DisplayCharacters",
            "2",
            "EndLoop",
            "Not even a minute passes before the energetic witch bursts into the room, and immediately locks eyes with you.",
            "She strolls over to where you and Diminuenda are, and leads you back to her room to fight her.",
            "As soon as you step foot into the familiar bedroom that you fought Allynna in previously, she lets the magical power flow from her staff and into your curse mark, shrinking you down to size.",
            "Speaks2",
            "Teehee, mistress Diminuenda told me that every encounter we have with you we should shrink you down to size. Y'know, for notes and stuff!",
            "You don't have any time to mull over her sentence before you notice her approaching you.",
            "CombatEncounter",
              "Allynna",
            "StartCombat"
            ]
        },
        {
            "NameOfScene": "Relive Ingredient Quests",
            "theScene": [
            "Diminuenda raises an eyebrow at you.",
            "Speaks",
            "I thought those quests were fairly humiliating to you, but you want to repeat them?",
            "You nod your head.",
            "Speaks",
            "Well, I guess I'm in no position to judge. Come here for a second.",
            "Speaks",
            "I will warn you, I don't care much to babysit you as you relive these events, so the gem I handed you previously will take you back to town after you are done viewing these memories.",
            "You walk over to the size mage and she makes you sit before her throne, facing away from the chair.",
            "She focuses her eyes and with a delicate touch begins to draw some magic circles just above your neck and the curse mark.",
            "As she finishes drawing the last one she slaps the back of your neck and your eyes roll into the back of your head.",
            "The world goes dark as you see 5 paths before you, each showing you a different giantess you endured for the ingredients for the ritual Elly put together.",
            "JumpToScene", "Relive Menu"
            ]
        },
        {
            "NameOfScene": "Relive Menu",
            "theScene": [
            "Which scene will you choose?",
            "Menu",
            "Gren",
            "Aiko",
            "Shizu",
            "Vivian",
            "Amber",
            "EndLoop"
            ]
        },
        {
            "NameOfScene": "Gren",
            "theScene": [
              "DisplayCharacters",
              "EndLoop",
              "The world goes dark around you as you step into the portal for Gren, and the world starts to glow around you as you are deposited into the memory of just before you encountered Gren.",
                          "ChangeBG", "forest.png",
            "JumpToEvent", "Hopping with the Giants Revisit"
            ]
        },
        {
            "NameOfScene": "Aiko",
            "theScene": [
              "DisplayCharacters",
              "EndLoop",
              "The world goes dark around you as you step into the portal for Aiko, and the world starts to glow around you as you are deposited into the memory of just before you encountered Aiko.",
                          "ChangeBG", "templeBlue.png",
            "JumpToEvent", "Snowed In Revisit"
            ]
        },
        {
            "NameOfScene": "Shizu",
            "theScene": [
              "DisplayCharacters",
              "EndLoop",
              "The world goes dark around you as you step into the portal for Shizu, and the world starts to glow around you as you are deposited into the memory of just before you encountered Shizu.",
                          "ChangeBG", "templeMainHall.png",
            "JumpToEvent", "Ultimate Shinobi Training Revisit"
            ]
        },
        {
            "NameOfScene": "Vivian",
            "theScene": [
              "DisplayCharacters",
              "EndLoop",
              "The world goes dark around you as you step into the portal for Vivian, and the world starts to glow around you as you are deposited into the memory of just after you asked Vivian for help.",
              "DisplayCharacters",
              "3",
              "EndLoop",
              "ChangeBG", "Inn.png",
              "You pull the stone slate out of your bag and hand it to Vivian, asking if she got Elly's message.",
              "Vivian gingerly grabs it between to fingers and sets it aside, before turning back to you.",
              "ChangeImageLayer", "Expression", "1", "Horny",
              "Speaks3",
              "Oh yes, I got Elly's message about your condition. I'll help you with your 'little' problem.",
              "She turns back to the slaband presses her hand flat against it. A moment passes before it glows gently with a pink light.",
              "Vivian looks over at you and smiles.",
              "Speaks3",
              "Hmmmm, doesn't this seem a bit unfair? I did all this work for you and I'm getting nothing in return.",
              "You offer to pay Vivian for her services, but she turns down your offer.",
              "ChangeImageLayer", "Expression", "1", "SeductiveLick",
              "Speaks3",
              "No no no honey, I make enough money as it is. Now a shrunken human? That's potentially a once in a lifetime experience! My offer is this: I will turn over the slate if you shrink yourself down and allow me to use you for 15 minutes.",
              "You pause and think for a second, you don't really have any leverage here. You look back at her and agree to her terms.",
              "ChangeImageLayer", "Expression", "1", "Happy",
              "Speaks3",
              "Wonderful! Now I know Elly informed me that it can trigger at random, but I wonder if this can help out.",
              "Vivian steps out from behind her podium and approaches you, before caressing the back of your neck with her fingers. You reflexively let out a small moan under your breath.",
              "You try to contain yourself from making more noises, but you are interrupted by a feeling of a powerful energy surging through your body, and as you feel your body start to rapidly dwindle you see Vivian bending over to pick you up.",
              "Her previously massive breasts make you look insignificant as you stand at only a few inches tall. As Vivian bends over to pick you up you can see her breasts swaying, her dress failing to keep them contained.",
              "She gingerly grips you between the tips of her thumb and index finger, and stands up while holding you in front of her face.",
              "Speaks3",
              "Hm hm hmmm, you're just as cute as I pictured you would be. Now then, our time together begins now.",
              "With that, she releases you and you tumble towards her breasts, as her other hand parts them enough that you fall and land in the middle of her cleavage.",
              "As you make contact with the squishy flesh her hands let go, trapping you between the mountainous breasts.",
              "ChangeImageLayer", "Expression", "1", "Horny",
              "Vivian chuckles as she rubs her breasts in a circular motion, slowly pressing them against your body.",
              "Vivian calls for Belle to tell her that she'll be going on a short break. You don't hear Belle's response, but you imagine it was some kinda gruff snort noise.",
              "The world jiggles and bounces relentlessly as Vivian steps into the break room, a devious smile etched on her face.",
              "She closes the door behind herself, and locks it to prevent the few employees on shift from interrupting her business with you.",
              "Sitting on a nearby stool she reaches into her cleavage and retrieves you, allowing you to take in some fresh air after being forced to breathe in the heavy scent of her perfumed breasts.",
              "Speaks3",
              "I don't think it's fair that only you are naked. How about I even it up?",
              "She pulls the strap behind her neck over her head and lets her dress fall to the ground, and discards the rest of her clothes until she holds you in front of her nude body.",
              "The overwhelming scent of her perfume digs into your brain as you watch her, and you can't help but start to rub your slowly hardening dick as Vivian undresses.",
              "As Vivian gently rests her clothes on the table she turns back and sees what you are doing and laughs as she rests her chin on the table with you.",
              "You freeze up, afraid of what she's about to do. Her hand sneaks up beside you and Vivian uses her fingers to start pushing you towards her mouth.",
              "As you reach her mouth she parts her lips and extends her tongue, using it to delicately flick your cock once before she retracts her tongue and giggles at your micro sized moan.",
              "Speaks3",
              "No matter what size you are, my tongue will always give you a good time.",
              "She winks at you as her hot breath washes over you. If it weren't for the hand behind you it is likely you would have fallen over from from the force of her speaking.",
              "As she finishes talking, her hand presses you into her lips, with your head being smushed against her top lip. You feel her lipstick smear against your face as her breath caresses you torso and pelvis, and her tongue slowly starts to poke out and occasionally lick at your tiny body.",
              "You grab hold of her top lip with your hands and start to thrust your hips against the giant tongue, moaning incoherently into the giant lip of Vivian. She seems to enjoy driving you crazy as her tongue speeds up, never leaving your cock as it rubs up and down faster and faster.",
              "It becomes unbearable and you fire off a load of cum that is immediately washed away in the saliva of the giant hostess. Her tongue continues to assault you as you shake from your orgasm, and after a few more seconds of licking you clean she pulls you away from her mouth.",
              "Speaks3",
              "What a delightful little snack you are, and you even came with a salty surprise for me.",
              "Speaks3",
              "But how about we move onto the main course for our little get together?",
              "Vivian stands up, towering over the table you are standing on. Her pelvis lines up evenly with the table, and you can see her neat, perfect pussy hang just inches away from the table.",
              "You walk to the edge of the table, staring in awe of Vivian's body as she looks down at you and flashes you a big smile as she stands up onto her toes and brings her pussy down on top of you.",
              "Her pussy slams down on top of you, pushing you inside her. Vivian's sex surrounds you with a soft, pulsing warmth.",
              "You struggle to climb a bit further up into Vivian as she stands up off table and stands still, feeling you move inside her pussy.",
              "ChangeImageLayer", "Expression", "1", "Pleasured",
              "Speaks3",
              "Haaaa... I never could have expected you to feel this good at your size.",
              "You hardly hear her as you squirm around inside her vagina, eager to please the giant woman. Your hands caress and massage the pulsating walls that squeeze you back in pleasure.",
              "Not content with your own performance, you bury your face into the walls of Vivian's pussy, kissing and licking at her wet sex as her juices wash over and into you.",
              "Thanks to not needing to breath you can devote all your being into the worship of the giantess inn owner, whose moans echo through her pussy as affirmations of the good job you are doing.",
              "As your body works overtime to please Vivian, her pussy starts to constrict around you. You put up an even greater struggle against the tightly flexed muscles, and Vivian gasps in pleasure as you kick and squirm against her.",
              "Vivian then puts her hands to her mouth as she tries to muffle a scream of pleasure as her pussy constricts around you as much as possible as a flood of her love juices rush forward and threaten to drag you out of her pussy.",
              "Doubled over, Vivian pants as she slowly relaxes the vicegrip her vagina has on you and fishes you out of her pussy.",
              "Speaks3",
              "Haa... Haa... Now that was everything I was hoping for...",
              "ChangeImageLayer", "Expression", "1", "Orgasm",
              "She checks a clock on the wall and looks back at you with a lazy grin on her face.",
              "Speaks3",
              "Well, we still have a few minutes left in our 15 minute deal, how about a cuddle break?",
              "ChangeImageLayer", "Expression", "1", "Happy",
              "You nod as she starts to clean you off with a clean, wet towel before she redresses and places you atop her cleavage.",
              "As the two of you recline, you can't help but feel Vivian's heart beating through her chest. The soothing rhythmic sound of her heart and breath, the warmth coming from her body, and the pillow-like softness of her breasts starts to drag you towards sleep...",
              "Your eyes grow heavy, and your head nestles into Vivian's chest as you yawn and slowly fall asleep.",
              "When you finally open your eyes again you find that you are still in the break room of the inn, but now at normal size. Resting on the table next to you is the slate from earlier that Vivian had charged for you, with a note from Vivian.",
              "'My dearest [ThePlayerName], I am a woman of my word and after our 15 minutes were up I left you on the couch in the break room to finish your rest. I am glad you took me up on my off and hope that in the future should you shrink again you think of your dear old Vivian. XO'",
              "You smile as you pocket the note and the slate, and head back into the inn."
            ]
        },
        {
            "NameOfScene": "Amber",
            "theScene": [
              "DisplayCharacters",
              "EndLoop",
              "The world goes dark around you as you step into the portal for Amber, and the world starts to glow around you as you are deposited into the memory of just after you asked Amber for the item Elly ordered.",
              "DisplayCharacters",
              "4",
              "EndLoop",
              "ChangeBG", "AmbersStore.png",
              "You show Amber the receipt from Elly for some kinda item, and Amber nods and starts to dig around her counter.",
                            "Speaks4",
                            "Yeah, I've got it somewhere around here. It's kinda strange though, Elly was adamant that I wasn't allowed to bring it to her in at the guild. Whatever, she probably has her reasons to make you her gopher.",
                            "After a few more moments of rummaging around her store Amber mutters a few swears under her breath.",
                            "ChangeImageLayer", "Expression", "1", "Annoyed",
                            "Speaks4",
                            "I thought I was keeping it somewhere up front because I figured someone was gonna come grab it soon, but I must've left it in the back. Don't touch anything while I go look for it.",
                            "Her dead serious tone and piercing eyes scare you into assuring her that you won't touch anything while she goes to find the shipped item.",
                            "As Amber leaves, you realize that you are alone in the store, and try to stay as still as possible as your eyes wander around, scanning the various shelves and counters holding countless items.",
                            "While you're eyes are looking around, a dull pain shoots through your body. You wince and close your eyes, and when you open them again you realize you have shrunk down to just 1 inch while in Amber's shop!",
                            "Wanting to get help as soon as possible you hurry around the corner of Amber's counter, and see the door she left ajar. You make your way over to it and see her looking through a series of shelves",
                            "Speaks4",
                            "Hmmmm, not here either. Where did I keep that damned thing?",
                            "You make your way over to the base of her long boots and start to jump up and down, trying desperately to get the attention of the giant woman.",
                            "A few moments pass before Amber steps away, going to search another part of her back room as you run after her, falling behind as even a single step far outpaces your stride.",
                            "Amber stops at the next shelf, giving you time to catch up to her and this time instead of trying to get her attention from the ground you decide to take matters into your own hands.",
                            "You grab onto the slick, rubber material of Amber's boots and take a moment to concentrate, before you manage to heave yourself up onto her boot.",
                            "On top of Amber's foot, you go to her ankle to make use of her laces to climb up the rest of the way up her boot. It's as you go to grab at a lace that you realize Amber's boots are seemingly one solid piece of rubber.",
                            "You persevere and grip the sides of her boot tightly, and shimmy your way slowly but surely up Amber's boot until you finally reach the top, just below her knee.",
                            "You reach a hand out to grab onto her pants, but at the last second you hear the bell of Amber's shop and she scoffs that she couldn't find the item as she starts to move back to her counter.",
                            "As her leg swings around to start walking, you lose your balance and nearly fall off her boot and back onto the ground. Just before you can fall backwards you throw your body weight forward, propelling yourself towards the knee of Amber.",
                            "Your face bumps against her knee and you think you've regained your footing, but you soon find yourself slipping down a small gap between her boots and her legs. With each step she takes you slide a bit further down, and you find no easy grip inside the giant woman's boot.",
                            "Amber makes it back to her counter and helps a customer check out a couple of items, all the while ignoring an itch in her boot as she wonders where exactly you went. She shrugs it off, since Elly told her how important this item was supposed to be.",
                            "Speaks4",
                            "He'll be back soon enough, gives me enough time to find the damned thing",
                            "ChangeImageLayer", "Expression", "1", "Base",
                            "She starts checking her front counter again, bending at the knees occasionally to check low hanging shelves for your order. As she does so her boots constrict and press you into her shin bone.",
                            "As she stands back up you feel the pressure of her boot relax and try to scoot horizontally so that you can at least avoid being pressed into the bony part of Amber's leg.",
                            "Amber feels your body moving against her leg, and lifts her foot into the air and starts to shake her boot. You feel the sensation of the boot and Amber's leg separate, and you plummet all the way down her boot to where her heel normally rests.",
                            "Speaks4",
                            "Something must've fallen off a damn shelf and into my boot. I'll have to fetch it out later.",
                            "You shake off the fall and try to get a hold of your surroundings, but the smell and wet texture of Amber's boots fry your senses. You do however, feel the heat coming off Amber's heel and recognize the boot moving downwards and move further into the boot to avoid Amber grinding you down with her heel.",
                            "You don't make it very far as her foot lands on the ground, and you find yourself pinned facedown beneath the arch of the giant shopkeeper's foot.",
                            "Her foot immediately raises up again, as Amber stands up in shock at the feeling of you under her foot.",
                            "ChangeImageLayer", "Expression", "1", "Shock",
                            "Speaks4",
                            "What the- What fell into my boot? Did- did that moron shrink in my store?",
                            "Amber bends down to undo the zipper of her boot and get you out when another customer enters the store. Amber whispers a quiet apology as she assists the customer with their order.",
                            "ChangeImageLayer", "Expression", "1", "Contempt",
                            "A few moments pass as you realize Amber is holding her foot just off the ground so that she doesn't step on you. You take this chance to silently crawl deeper into her boot until you are no longer under her foot.",
                            "As you make it past her toes you raise a hand over her big toe and tap it a few times. Amber takes a second to register your action before she very slowly puts her foot down.",
                            "You breathe a sigh of relief, accidentally breathing in the rather pleasant scent of Amber's boot. Her feet smell perfumed and don't seem to sweat much even after being trapped inside her boots all day.",
                            "The next customer leaves and you hear Amber whispering into her boot.",
                            "ChangeImageLayer", "Expression", "1", "Annoyed",
                            "Speaks4",
                            "I don't know why you tried climbing me, but just stay in there until I can close the store for the day. Maybe that'll teach to you to be more careful about where you go after shrinking.",
                            "You distantly hear the ringing of the shop bell as another customer enters and Amber stops talking to you as she focuses on her store.",
                            "Sitting down in the toe section of her boot, you look around before realizing there's not much to do while being trapped inside a shoe when a foot isn't actively assaulting you.",
                            "You lose track of time pretty fast inside the boot of Amber, and as you keep staring back at her toes you can't help but feel compelled to do something.",
                            "Crawling over to her big toe, you put your hands out and place them onto the massive digit. You start rubbing back and forth as you give Amber's toe a massage.",
                            "ChangeImageLayer", "Expression", "1", "Shock",
                            "Amber freezes up for a second, feeling your hands rubbing her foot gives her a shock as she tries to ignore you and continue working.",
                            "You carry on and start to work your way into the gap between Amber's big and second toe, gently massaging them to give yourself something to do.",
                            "As Amber checks another customer out and watches them leave she makes sure no one is watching as she lifts her foot and gives her boot a quick shake. The sudden movement tosses you around before you find yourself under the ball of her foot, which quickly settles on top of you.",
                            "ChangeImageLayer", "Expression", "1", "Bashful",
                            "Speaks4",
                            "I didn't say you could do whatever you wanted in there, now quit distracting me!",
                            "Amber settles her weight on you as you are forced to breathe in her scent directly from her foot holding you down. You struggle against the enormous woman's weight but she leans forward on her foot and the increased pressure makes you uncomfortable enough to stop.",
                            "TimeBecomesNight",
                            "What feels like hours of being under Amber's hot, perfumed feet pass you by before you hear her say goodbye to her last customer and starts to walk towards her back room. Amber turns around a sign from 'Open' to 'Closed' before heading to the back room.",
                            "She sits down on a stool and unzips the boot containing you, dumping you out onto her palm. The sudden rush of fresh, cool air and light hits you hard as you take a second to reorient yourself on her palm, but before you can she dumps you onto the ground and walks away.",
                            "ChangeImageLayer", "Expression", "1", "Smile",
                            "Speaks4",
                            "Y'know, you weren't the worst insole in the world. Maybe if this cure for your shrinking fails you could convince people to step on you for good money. But either way when you finish growing back to normal I've got the order right here for you.",
                            "Amber waits around for a few minutes until you feel the surge of magical energy course through your body, and you slowly return to your normal height.",
                            "ChangeImageLayer", "Expression", "1", "Base",
                            "You head over to the counter and pick up what seems to be a small vial containing a strange, black liquid that seems to move all on it's own.",
                            "You pocket the item and give Amber the purchase order, and she stamps it and stashes it away as she continues to watch you.",
                            "Nervously, you turn around and leave the shop, and you finally notice that it has gotten pretty dark out."
            ]
        },
        {
            "NameOfScene": "Talk",
            "theScene": [
            "Diminuenda seems confused you would wanna talk to her, but puts her book down and gives you her attention.",
            "Speaks",
            "So, what would you like to know?",
            "Menu",
            "",
            "",
            "",
            "Done Talking",
            "EndLoop"
            ]
        },
        {
            "NameOfScene": "Talk",
            "theScene": [
            ""
            ]
        },
        {
            "NameOfScene": "Talk",
            "theScene": [
            ""
            ]
        },
        {
            "NameOfScene": "Done Talking",
            "theScene": [
            "JumpToScene", "Why are you here?"
            ]
        },
        {
            "NameOfScene": "Talk",
            "theScene": [
            ""
            ]
        }
    ]
}
